Timestamp;Current Ir [A];QoS
08/12/2022 12:00:00 AM;63.52;0
08/12/2022 12:00:30 AM;63.361;0
08/12/2022 12:01:00 AM;64.081;0
08/12/2022 12:01:30 AM;64.065;0
08/12/2022 12:02:00 AM;64.833;0
08/12/2022 12:02:30 AM;63.494;0
08/12/2022 12:03:00 AM;62.186;0
08/12/2022 12:03:30 AM;62.454;0
08/12/2022 12:04:00 AM;62.842;0
08/12/2022 12:04:30 AM;63.381;0
08/12/2022 12:05:00 AM;63.804;0
08/12/2022 12:05:30 AM;62.85;0
08/12/2022 12:06:00 AM;61.88;0
08/12/2022 12:06:30 AM;62.415;0
08/12/2022 12:07:00 AM;64.453;0
08/12/2022 12:07:30 AM;65.325;0
08/12/2022 12:08:00 AM;63.023;0
08/12/2022 12:08:30 AM;62.89;0
08/12/2022 12:09:00 AM;62.625;0
08/12/2022 12:09:30 AM;62.253;0
08/12/2022 12:10:00 AM;62.146;0
08/12/2022 12:10:30 AM;62.575;0
08/12/2022 12:11:00 AM;61.691;0
08/12/2022 12:11:30 AM;62.187;0
08/12/2022 12:12:00 AM;61.934;0
08/12/2022 12:12:30 AM;62.277;0
08/12/2022 12:13:00 AM;61.731;0
08/12/2022 12:13:30 AM;62.591;0
08/12/2022 12:14:00 AM;62.786;0
08/12/2022 12:14:30 AM;63.345;0
08/12/2022 12:15:00 AM;64.355;0
08/12/2022 12:15:30 AM;65.44;0
08/12/2022 12:16:00 AM;64.945;0
08/12/2022 12:16:30 AM;66.095;0
08/12/2022 12:17:00 AM;64.391;0
08/12/2022 12:17:30 AM;64.005;0
08/12/2022 12:18:00 AM;61.873;0
08/12/2022 12:18:30 AM;62.899;0
08/12/2022 12:19:00 AM;62.47;0
08/12/2022 12:19:30 AM;63.348;0
08/12/2022 12:20:00 AM;62.686;0
08/12/2022 12:20:30 AM;63.268;0
08/12/2022 12:21:00 AM;63.031;0
08/12/2022 12:21:30 AM;63.646;0
08/12/2022 12:22:00 AM;63.374;0
08/12/2022 12:22:30 AM;62.944;0
08/12/2022 12:23:00 AM;63.323;0
08/12/2022 12:23:30 AM;63.735;0
08/12/2022 12:24:00 AM;62.981;0
08/12/2022 12:24:30 AM;62.741;0
08/12/2022 12:25:00 AM;62.846;0
08/12/2022 12:25:30 AM;62.597;0
08/12/2022 12:26:00 AM;62.24;0
08/12/2022 12:26:30 AM;62.622;0
08/12/2022 12:27:00 AM;61.287;0
08/12/2022 12:27:30 AM;60.992;0
08/12/2022 12:28:00 AM;60.726;0
08/12/2022 12:28:30 AM;61.326;0
08/12/2022 12:29:00 AM;61.432;0
08/12/2022 12:29:30 AM;61.692;0
08/12/2022 12:30:00 AM;61.123;0
08/12/2022 12:30:30 AM;61.954;0
08/12/2022 12:31:00 AM;62.537;0
08/12/2022 12:31:30 AM;61.705;0
08/12/2022 12:32:00 AM;60.857;0
08/12/2022 12:32:30 AM;61.197;0
08/12/2022 12:33:00 AM;61.003;0
08/12/2022 12:33:30 AM;61.08;0
08/12/2022 12:34:00 AM;61.41;0
08/12/2022 12:34:30 AM;60.103;0
08/12/2022 12:35:00 AM;60.083;0
08/12/2022 12:35:30 AM;58.441;0
08/12/2022 12:36:00 AM;60.346;0
08/12/2022 12:36:30 AM;61.069;0
08/12/2022 12:37:00 AM;62.639;0
08/12/2022 12:37:30 AM;72.846;0
08/12/2022 12:38:00 AM;62.424;0
08/12/2022 12:38:30 AM;62.87;0
08/12/2022 12:39:00 AM;62.261;0
08/12/2022 12:39:30 AM;62.82;0
08/12/2022 12:40:00 AM;64.359;0
08/12/2022 12:40:30 AM;62.592;0
08/12/2022 12:41:00 AM;61.737;0
08/12/2022 12:41:30 AM;62.463;0
08/12/2022 12:42:00 AM;62.483;0
08/12/2022 12:42:30 AM;63.79;0
08/12/2022 12:43:00 AM;61.827;0
08/12/2022 12:43:30 AM;63.27;0
08/12/2022 12:44:00 AM;61.916;0
08/12/2022 12:44:30 AM;60.291;0
08/12/2022 12:45:00 AM;61.081;0
08/12/2022 12:45:30 AM;60.664;0
08/12/2022 12:46:00 AM;60.683;0
08/12/2022 12:46:30 AM;60.477;0
08/12/2022 12:47:00 AM;60.612;0
08/12/2022 12:47:30 AM;59.93;0
08/12/2022 12:48:00 AM;59.719;0
08/12/2022 12:48:30 AM;60.703;0
08/12/2022 12:49:00 AM;61.631;0
08/12/2022 12:49:30 AM;61.387;0
08/12/2022 12:50:00 AM;60.808;0
08/12/2022 12:50:30 AM;61.237;0
08/12/2022 12:51:00 AM;61.31;0
08/12/2022 12:51:30 AM;60.988;0
08/12/2022 12:52:00 AM;58.999;0
08/12/2022 12:52:30 AM;60.454;0
08/12/2022 12:53:00 AM;60.016;0
08/12/2022 12:53:30 AM;59.523;0
08/12/2022 12:54:00 AM;59.92;0
08/12/2022 12:54:30 AM;60.902;0
08/12/2022 12:55:00 AM;61.078;0
08/12/2022 12:55:30 AM;60.663;0
08/12/2022 12:56:00 AM;60.246;0
08/12/2022 12:56:30 AM;60.813;0
08/12/2022 12:57:00 AM;62.125;0
08/12/2022 12:57:30 AM;60.363;0
08/12/2022 12:58:00 AM;59.213;0
08/12/2022 12:58:30 AM;59.696;0
08/12/2022 12:59:00 AM;58.719;0
08/12/2022 12:59:30 AM;60.785;0
08/12/2022 01:00:00 AM;60.278;0
08/12/2022 01:00:30 AM;61.488;0
08/12/2022 01:01:00 AM;61.659;0
08/12/2022 01:01:30 AM;60.244;0
08/12/2022 01:02:00 AM;59.722;0
08/12/2022 01:02:30 AM;59.942;0
08/12/2022 01:03:00 AM;60.629;0
08/12/2022 01:03:30 AM;60.897;0
08/12/2022 01:04:00 AM;59.89;0
08/12/2022 01:04:30 AM;60.331;0
08/12/2022 01:05:00 AM;60.275;0
08/12/2022 01:05:30 AM;61.352;0
08/12/2022 01:06:00 AM;72.935;0
08/12/2022 01:06:30 AM;61.38;0
08/12/2022 01:07:00 AM;59.896;0
08/12/2022 01:07:30 AM;59.855;0
08/12/2022 01:08:00 AM;59.951;0
08/12/2022 01:08:30 AM;60.853;0
08/12/2022 01:09:00 AM;60.641;0
08/12/2022 01:09:30 AM;59.845;0
08/12/2022 01:10:00 AM;60.917;0
08/12/2022 01:10:30 AM;59.677;0
08/12/2022 01:11:00 AM;59.881;0
08/12/2022 01:11:30 AM;59.916;0
08/12/2022 01:12:00 AM;58.033;0
08/12/2022 01:12:30 AM;58.341;0
08/12/2022 01:13:00 AM;57.951;0
08/12/2022 01:13:30 AM;58.381;0
08/12/2022 01:14:00 AM;59.291;0
08/12/2022 01:14:30 AM;59.518;0
08/12/2022 01:15:00 AM;59.72;0
08/12/2022 01:15:30 AM;59.124;0
08/12/2022 01:16:00 AM;58.014;0
08/12/2022 01:16:30 AM;58.505;0
08/12/2022 01:17:00 AM;59.764;0
08/12/2022 01:17:30 AM;60.196;0
08/12/2022 01:18:00 AM;58.797;0
08/12/2022 01:18:30 AM;59.253;0
08/12/2022 01:19:00 AM;59.009;0
08/12/2022 01:19:30 AM;60.282;0
08/12/2022 01:20:00 AM;61.004;0
08/12/2022 01:20:30 AM;60.201;0
08/12/2022 01:21:00 AM;60.094;0
08/12/2022 01:21:30 AM;59.794;0
08/12/2022 01:22:00 AM;60.812;0
08/12/2022 01:22:30 AM;60.703;0
08/12/2022 01:23:00 AM;60.885;0
08/12/2022 01:23:30 AM;60.842;0
08/12/2022 01:24:00 AM;61.508;0
08/12/2022 01:24:30 AM;62.3;0
08/12/2022 01:25:00 AM;60.499;0
08/12/2022 01:25:30 AM;59.696;0
08/12/2022 01:26:00 AM;60.025;0
08/12/2022 01:26:30 AM;61.092;0
08/12/2022 01:27:00 AM;60.549;0
08/12/2022 01:27:30 AM;60.496;0
08/12/2022 01:28:00 AM;61.209;0
08/12/2022 01:28:30 AM;61.183;0
08/12/2022 01:29:00 AM;61.764;0
08/12/2022 01:29:30 AM;62.111;0
08/12/2022 01:30:00 AM;62.303;0
08/12/2022 01:30:30 AM;62.403;0
08/12/2022 01:31:00 AM;61.489;0
08/12/2022 01:31:30 AM;60.911;0
08/12/2022 01:32:00 AM;61.927;0
08/12/2022 01:32:30 AM;61.977;0
08/12/2022 01:33:00 AM;61.898;0
08/12/2022 01:33:30 AM;61.775;0
08/12/2022 01:34:00 AM;61.983;0
08/12/2022 01:34:30 AM;63.033;0
08/12/2022 01:35:00 AM;63.033;0
08/12/2022 01:35:30 AM;61.254;0
08/12/2022 01:36:00 AM;61.194;0
08/12/2022 01:36:30 AM;60.858;0
08/12/2022 01:37:00 AM;60.619;0
08/12/2022 01:37:30 AM;60.885;0
08/12/2022 01:38:00 AM;60.821;0
08/12/2022 01:38:30 AM;60.967;0
08/12/2022 01:39:00 AM;61.312;0
08/12/2022 01:39:30 AM;61.249;0
08/12/2022 01:40:00 AM;61.08;0
08/12/2022 01:40:30 AM;61.241;0
08/12/2022 01:41:00 AM;61.511;0
08/12/2022 01:41:30 AM;61.407;0
08/12/2022 01:42:00 AM;61.887;0
08/12/2022 01:42:30 AM;62.756;0
08/12/2022 01:43:00 AM;62.508;0
08/12/2022 01:43:30 AM;62.477;0
08/12/2022 01:44:00 AM;61.217;0
08/12/2022 01:44:30 AM;61.409;0
08/12/2022 01:45:00 AM;61.947;0
08/12/2022 01:45:30 AM;61.476;0
08/12/2022 01:46:00 AM;61.177;0
08/12/2022 01:46:30 AM;60.604;0
08/12/2022 01:47:00 AM;61.742;0
08/12/2022 01:47:30 AM;61.369;0
08/12/2022 01:48:00 AM;61.64;0
08/12/2022 01:48:30 AM;62.308;0
08/12/2022 01:49:00 AM;62.131;0
08/12/2022 01:49:30 AM;62.232;0
08/12/2022 01:50:00 AM;61.909;0
08/12/2022 01:50:30 AM;62.506;0
08/12/2022 01:51:00 AM;61.593;0
08/12/2022 01:51:30 AM;60.976;0
08/12/2022 01:52:00 AM;61.619;0
08/12/2022 01:52:30 AM;61.21;0
08/12/2022 01:53:00 AM;61.346;0
08/12/2022 01:53:30 AM;61.04;0
08/12/2022 01:54:00 AM;61.416;0
08/12/2022 01:54:30 AM;60.969;0
08/12/2022 01:55:00 AM;60.357;0
08/12/2022 01:55:30 AM;60.461;0
08/12/2022 01:56:00 AM;60.786;0
08/12/2022 01:56:30 AM;60.592;0
08/12/2022 01:57:00 AM;59.913;0
08/12/2022 01:57:30 AM;60.219;0
08/12/2022 01:58:00 AM;60.725;0
08/12/2022 01:58:30 AM;58.755;0
08/12/2022 01:59:00 AM;58.806;0
08/12/2022 01:59:30 AM;58.28;0
08/12/2022 02:00:00 AM;58.653;0
08/12/2022 02:00:30 AM;58.469;0
08/12/2022 02:01:00 AM;59.523;0
08/12/2022 02:01:30 AM;58.763;0
08/12/2022 02:02:00 AM;59.089;0
08/12/2022 02:02:30 AM;59.295;0
08/12/2022 02:03:00 AM;60.069;0
08/12/2022 02:03:30 AM;59.505;0
08/12/2022 02:04:00 AM;60.321;0
08/12/2022 02:04:30 AM;63.259;0
08/12/2022 02:05:00 AM;73.525;0
08/12/2022 02:05:30 AM;61.736;0
08/12/2022 02:06:00 AM;61.16;0
08/12/2022 02:06:30 AM;60.468;0
08/12/2022 02:07:00 AM;60.841;0
08/12/2022 02:07:30 AM;60.876;0
08/12/2022 02:08:00 AM;61.617;0
08/12/2022 02:08:30 AM;61.265;0
08/12/2022 02:09:00 AM;60.592;0
08/12/2022 02:09:30 AM;58.927;0
08/12/2022 02:10:00 AM;59.568;0
08/12/2022 02:10:30 AM;59.022;0
08/12/2022 02:11:00 AM;59.257;0
08/12/2022 02:11:30 AM;60.256;0
08/12/2022 02:12:00 AM;59.095;0
08/12/2022 02:12:30 AM;58.445;0
08/12/2022 02:13:00 AM;59.152;0
08/12/2022 02:13:30 AM;59.67;0
08/12/2022 02:14:00 AM;60.482;0
08/12/2022 02:14:30 AM;60.547;0
08/12/2022 02:15:00 AM;59.813;0
08/12/2022 02:15:30 AM;59.082;0
08/12/2022 02:16:00 AM;60.839;0
08/12/2022 02:16:30 AM;61.476;0
08/12/2022 02:17:00 AM;61.422;0
08/12/2022 02:17:30 AM;60.997;0
08/12/2022 02:18:00 AM;60.966;0
08/12/2022 02:18:30 AM;61.542;0
08/12/2022 02:19:00 AM;60.517;0
08/12/2022 02:19:30 AM;59.867;0
08/12/2022 02:20:00 AM;59.732;0
08/12/2022 02:20:30 AM;59.577;0
08/12/2022 02:21:00 AM;60.083;0
08/12/2022 02:21:30 AM;59.885;0
08/12/2022 02:22:00 AM;59.987;0
08/12/2022 02:22:30 AM;58.385;0
08/12/2022 02:23:00 AM;58.947;0
08/12/2022 02:23:30 AM;58.589;0
08/12/2022 02:24:00 AM;59.165;0
08/12/2022 02:24:30 AM;59.314;0
08/12/2022 02:25:00 AM;58.733;0
08/12/2022 02:25:30 AM;59.218;0
08/12/2022 02:26:00 AM;59.586;0
08/12/2022 02:26:30 AM;60.608;0
08/12/2022 02:27:00 AM;60.025;0
08/12/2022 02:27:30 AM;59.803;0
08/12/2022 02:28:00 AM;59.455;0
08/12/2022 02:28:30 AM;59.528;0
08/12/2022 02:29:00 AM;60.755;0
08/12/2022 02:29:30 AM;61.082;0
08/12/2022 02:30:00 AM;62.047;0
08/12/2022 02:30:30 AM;62.435;0
08/12/2022 02:31:00 AM;62.058;0
08/12/2022 02:31:30 AM;63.089;0
08/12/2022 02:32:00 AM;61.712;0
08/12/2022 02:32:30 AM;61.624;0
08/12/2022 02:33:00 AM;63.131;0
08/12/2022 02:33:30 AM;61.672;0
08/12/2022 02:34:00 AM;60.281;0
08/12/2022 02:34:30 AM;60.266;0
08/12/2022 02:35:00 AM;59.876;0
08/12/2022 02:35:30 AM;60.28;0
08/12/2022 02:36:00 AM;59.967;0
08/12/2022 02:36:30 AM;60.564;0
08/12/2022 02:37:00 AM;59.935;0
08/12/2022 02:37:30 AM;59.702;0
08/12/2022 02:38:00 AM;60.479;0
08/12/2022 02:38:30 AM;60.485;0
08/12/2022 02:39:00 AM;60.216;0
08/12/2022 02:39:30 AM;59.994;0
08/12/2022 02:40:00 AM;61.52;0
08/12/2022 02:40:30 AM;60.59;0
08/12/2022 02:41:00 AM;61.572;0
08/12/2022 02:41:30 AM;60.702;0
08/12/2022 02:42:00 AM;60.235;0
08/12/2022 02:42:30 AM;60.161;0
08/12/2022 02:43:00 AM;60.993;0
08/12/2022 02:43:30 AM;59.97;0
08/12/2022 02:44:00 AM;60.251;0
08/12/2022 02:44:30 AM;60.517;0
08/12/2022 02:45:00 AM;61.309;0
08/12/2022 02:45:30 AM;61.15;0
08/12/2022 02:46:00 AM;61.613;0
08/12/2022 02:46:30 AM;61.53;0
08/12/2022 02:47:00 AM;62.529;0
08/12/2022 02:47:30 AM;62.134;0
08/12/2022 02:48:00 AM;61.607;0
08/12/2022 02:48:30 AM;62.122;0
08/12/2022 02:49:00 AM;62.985;0
08/12/2022 02:49:30 AM;63.404;0
08/12/2022 02:50:00 AM;61.542;0
08/12/2022 02:50:30 AM;62.012;0
08/12/2022 02:51:00 AM;61.229;0
08/12/2022 02:51:30 AM;61.041;0
08/12/2022 02:52:00 AM;61.364;0
08/12/2022 02:52:30 AM;61.715;0
08/12/2022 02:53:00 AM;61.227;0
08/12/2022 02:53:30 AM;61.502;0
08/12/2022 02:54:00 AM;60.888;0
08/12/2022 02:54:30 AM;61.729;0
08/12/2022 02:55:00 AM;61.191;0
08/12/2022 02:55:30 AM;60.979;0
08/12/2022 02:56:00 AM;61.669;0
08/12/2022 02:56:30 AM;62.6;0
08/12/2022 02:57:00 AM;61.825;0
08/12/2022 02:57:30 AM;61.138;0
08/12/2022 02:58:00 AM;62.031;0
08/12/2022 02:58:30 AM;61.316;0
08/12/2022 02:59:00 AM;61.152;0
08/12/2022 02:59:30 AM;61.076;0
08/12/2022 03:00:00 AM;61.205;0
08/12/2022 03:00:30 AM;60.807;0
08/12/2022 03:01:00 AM;60.83;0
08/12/2022 03:01:30 AM;61.726;0
08/12/2022 03:02:00 AM;63.271;0
08/12/2022 03:02:30 AM;63.389;0
08/12/2022 03:03:00 AM;74.582;0
08/12/2022 03:03:30 AM;60.839;0
08/12/2022 03:04:00 AM;59.993;0
08/12/2022 03:04:30 AM;60.161;0
08/12/2022 03:05:00 AM;61.162;0
08/12/2022 03:05:30 AM;61.152;0
08/12/2022 03:06:00 AM;61.668;0
08/12/2022 03:06:30 AM;62.743;0
08/12/2022 03:07:00 AM;61.518;0
08/12/2022 03:07:30 AM;61.498;0
08/12/2022 03:08:00 AM;61.204;0
08/12/2022 03:08:30 AM;61.104;0
08/12/2022 03:09:00 AM;61.61;0
08/12/2022 03:09:30 AM;61.315;0
08/12/2022 03:10:00 AM;61.637;0
08/12/2022 03:10:30 AM;61.685;0
08/12/2022 03:11:00 AM;61.157;0
08/12/2022 03:11:30 AM;61.592;0
08/12/2022 03:12:00 AM;62.354;0
08/12/2022 03:12:30 AM;61.768;0
08/12/2022 03:13:00 AM;60.73;0
08/12/2022 03:13:30 AM;60.556;0
08/12/2022 03:14:00 AM;60.123;0
08/12/2022 03:14:30 AM;60.232;0
08/12/2022 03:15:00 AM;60.776;0
08/12/2022 03:15:30 AM;59.941;0
08/12/2022 03:16:00 AM;60.589;0
08/12/2022 03:16:30 AM;59.545;0
08/12/2022 03:17:00 AM;59.683;0
08/12/2022 03:17:30 AM;61.5;0
08/12/2022 03:18:00 AM;61.369;0
08/12/2022 03:18:30 AM;61.55;0
08/12/2022 03:19:00 AM;60.915;0
08/12/2022 03:19:30 AM;61.027;0
08/12/2022 03:20:00 AM;59.882;0
08/12/2022 03:20:30 AM;59.496;0
08/12/2022 03:21:00 AM;60.377;0
08/12/2022 03:21:30 AM;59.917;0
08/12/2022 03:22:00 AM;60.306;0
08/12/2022 03:22:30 AM;58.833;0
08/12/2022 03:23:00 AM;60.733;0
08/12/2022 03:23:30 AM;60.017;0
08/12/2022 03:24:00 AM;61.981;0
08/12/2022 03:24:30 AM;62.18;0
08/12/2022 03:25:00 AM;61.513;0
08/12/2022 03:25:30 AM;60.699;0
08/12/2022 03:26:00 AM;60.73;0
08/12/2022 03:26:30 AM;60.512;0
08/12/2022 03:27:00 AM;60.822;0
08/12/2022 03:27:30 AM;61.701;0
08/12/2022 03:28:00 AM;61.395;0
08/12/2022 03:28:30 AM;60.878;0
08/12/2022 03:29:00 AM;59.874;0
08/12/2022 03:29:30 AM;59.696;0
08/12/2022 03:30:00 AM;59.392;0
08/12/2022 03:30:30 AM;59.243;0
08/12/2022 03:31:00 AM;60.006;0
08/12/2022 03:31:30 AM;58.438;0
08/12/2022 03:32:00 AM;60.955;0
08/12/2022 03:32:30 AM;60.7;0
08/12/2022 03:33:00 AM;72.262;0
08/12/2022 03:33:30 AM;59.866;0
08/12/2022 03:34:00 AM;59.167;0
08/12/2022 03:34:30 AM;58.983;0
08/12/2022 03:35:00 AM;58.853;0
08/12/2022 03:35:30 AM;60.263;0
08/12/2022 03:36:00 AM;61.541;0
08/12/2022 03:36:30 AM;61.528;0
08/12/2022 03:37:00 AM;61.131;0
08/12/2022 03:37:30 AM;62.129;0
08/12/2022 03:38:00 AM;62.642;0
08/12/2022 03:38:30 AM;62.054;0
08/12/2022 03:39:00 AM;62.383;0
08/12/2022 03:39:30 AM;63.711;0
08/12/2022 03:40:00 AM;62.874;0
08/12/2022 03:40:30 AM;62.676;0
08/12/2022 03:41:00 AM;61.914;0
08/12/2022 03:41:30 AM;63.091;0
08/12/2022 03:42:00 AM;63.43;0
08/12/2022 03:42:30 AM;63.064;0
08/12/2022 03:43:00 AM;62.144;0
08/12/2022 03:43:30 AM;61.045;0
08/12/2022 03:44:00 AM;60.601;0
08/12/2022 03:44:30 AM;62.228;0
08/12/2022 03:45:00 AM;61.564;0
08/12/2022 03:45:30 AM;61.415;0
08/12/2022 03:46:00 AM;60.319;0
08/12/2022 03:46:30 AM;59.408;0
08/12/2022 03:47:00 AM;59.75;0
08/12/2022 03:47:30 AM;60.39;0
08/12/2022 03:48:00 AM;60.501;0
08/12/2022 03:48:30 AM;61.061;0
08/12/2022 03:49:00 AM;60.863;0
08/12/2022 03:49:30 AM;60.952;0
08/12/2022 03:50:00 AM;61.118;0
08/12/2022 03:50:30 AM;61.649;0
08/12/2022 03:51:00 AM;62.665;0
08/12/2022 03:51:30 AM;62.51;0
08/12/2022 03:52:00 AM;61.592;0
08/12/2022 03:52:30 AM;62.064;0
08/12/2022 03:53:00 AM;61.483;0
08/12/2022 03:53:30 AM;62.38;0
08/12/2022 03:54:00 AM;61.943;0
08/12/2022 03:54:30 AM;62.835;0
08/12/2022 03:55:00 AM;62.241;0
08/12/2022 03:55:30 AM;61.872;0
08/12/2022 03:56:00 AM;62.298;0
08/12/2022 03:56:30 AM;63.087;0
08/12/2022 03:57:00 AM;62.342;0
08/12/2022 03:57:30 AM;61.335;0
08/12/2022 03:58:00 AM;60.847;0
08/12/2022 03:58:30 AM;61.652;0
08/12/2022 03:59:00 AM;62.708;0
08/12/2022 03:59:30 AM;61.87;0
08/12/2022 04:00:00 AM;61.839;0
08/12/2022 04:00:30 AM;64.174;0
08/12/2022 04:01:00 AM;63.786;0
08/12/2022 04:01:30 AM;75.445;0
08/12/2022 04:02:00 AM;61.889;0
08/12/2022 04:02:30 AM;61.865;0
08/12/2022 04:03:00 AM;62.635;0
08/12/2022 04:03:30 AM;63.14;0
08/12/2022 04:04:00 AM;63.736;0
08/12/2022 04:04:30 AM;63.099;0
08/12/2022 04:05:00 AM;64.356;0
08/12/2022 04:05:30 AM;63.455;0
08/12/2022 04:06:00 AM;63.254;0
08/12/2022 04:06:30 AM;63.722;0
08/12/2022 04:07:00 AM;63.517;0
08/12/2022 04:07:30 AM;63.614;0
08/12/2022 04:08:00 AM;63.823;0
08/12/2022 04:08:30 AM;63.928;0
08/12/2022 04:09:00 AM;63.776;0
08/12/2022 04:09:30 AM;63.538;0
08/12/2022 04:10:00 AM;63.087;0
08/12/2022 04:10:30 AM;62.758;0
08/12/2022 04:11:00 AM;61.884;0
08/12/2022 04:11:30 AM;61.988;0
08/12/2022 04:12:00 AM;61.776;0
08/12/2022 04:12:30 AM;62.793;0
08/12/2022 04:13:00 AM;62.165;0
08/12/2022 04:13:30 AM;61.161;0
08/12/2022 04:14:00 AM;62.228;0
08/12/2022 04:14:30 AM;62.539;0
08/12/2022 04:15:00 AM;62.245;0
08/12/2022 04:15:30 AM;62.287;0
08/12/2022 04:16:00 AM;61.798;0
08/12/2022 04:16:30 AM;61.405;0
08/12/2022 04:17:00 AM;62.442;0
08/12/2022 04:17:30 AM;63.021;0
08/12/2022 04:18:00 AM;62.522;0
08/12/2022 04:18:30 AM;63.384;0
08/12/2022 04:19:00 AM;62.483;0
08/12/2022 04:19:30 AM;62.377;0
08/12/2022 04:20:00 AM;62.18;0
08/12/2022 04:20:30 AM;64.196;0
08/12/2022 04:21:00 AM;63.49;0
08/12/2022 04:21:30 AM;64.197;0
08/12/2022 04:22:00 AM;64.318;0
08/12/2022 04:22:30 AM;63.603;0
08/12/2022 04:23:00 AM;63.118;0
08/12/2022 04:23:30 AM;63.112;0
08/12/2022 04:24:00 AM;62.933;0
08/12/2022 04:24:30 AM;63.937;0
08/12/2022 04:25:00 AM;62.801;0
08/12/2022 04:25:30 AM;62.604;0
08/12/2022 04:26:00 AM;62.097;0
08/12/2022 04:26:30 AM;62.774;0
08/12/2022 04:27:00 AM;62.45;0
08/12/2022 04:27:30 AM;62.79;0
08/12/2022 04:28:00 AM;63.438;0
08/12/2022 04:28:30 AM;63.917;0
08/12/2022 04:29:00 AM;63.763;0
08/12/2022 04:29:30 AM;64.887;0
08/12/2022 04:30:00 AM;76.298;0
08/12/2022 04:30:30 AM;62.825;0
08/12/2022 04:31:00 AM;61.91;0
08/12/2022 04:31:30 AM;62.886;0
08/12/2022 04:32:00 AM;61.761;0
08/12/2022 04:32:30 AM;61.173;0
08/12/2022 04:33:00 AM;60.863;0
08/12/2022 04:33:30 AM;61.047;0
08/12/2022 04:34:00 AM;61.336;0
08/12/2022 04:34:30 AM;61.362;0
08/12/2022 04:35:00 AM;62.397;0
08/12/2022 04:35:30 AM;61.837;0
08/12/2022 04:36:00 AM;62.092;0
08/12/2022 04:36:30 AM;61.54;0
08/12/2022 04:37:00 AM;62.152;0
08/12/2022 04:37:30 AM;61.861;0
08/12/2022 04:38:00 AM;62.606;0
08/12/2022 04:38:30 AM;62.973;0
08/12/2022 04:39:00 AM;62.753;0
08/12/2022 04:39:30 AM;61.127;0
08/12/2022 04:40:00 AM;61.251;0
08/12/2022 04:40:30 AM;60.752;0
08/12/2022 04:41:00 AM;61.999;0
08/12/2022 04:41:30 AM;60.954;0
08/12/2022 04:42:00 AM;60.613;0
08/12/2022 04:42:30 AM;61.075;0
08/12/2022 04:43:00 AM;60.994;0
08/12/2022 04:43:30 AM;60.939;0
08/12/2022 04:44:00 AM;61.975;0
08/12/2022 04:44:30 AM;62.199;0
08/12/2022 04:45:00 AM;62.791;0
08/12/2022 04:45:30 AM;63.352;0
08/12/2022 04:46:00 AM;65.537;0
08/12/2022 04:46:30 AM;64.799;0
08/12/2022 04:47:00 AM;64.509;0
08/12/2022 04:47:30 AM;64.191;0
08/12/2022 04:48:00 AM;64.055;0
08/12/2022 04:48:30 AM;63.646;0
08/12/2022 04:49:00 AM;63.454;0
08/12/2022 04:49:30 AM;62.874;0
08/12/2022 04:50:00 AM;63.497;0
08/12/2022 04:50:30 AM;61.952;0
08/12/2022 04:51:00 AM;62.196;0
08/12/2022 04:51:30 AM;62.144;0
08/12/2022 04:52:00 AM;61.294;0
08/12/2022 04:52:30 AM;62.742;0
08/12/2022 04:53:00 AM;61.94;0
08/12/2022 04:53:30 AM;63.374;0
08/12/2022 04:54:00 AM;64.599;0
08/12/2022 04:54:30 AM;64.264;0
08/12/2022 04:55:00 AM;64.057;0
08/12/2022 04:55:30 AM;64.077;0
08/12/2022 04:56:00 AM;63.943;0
08/12/2022 04:56:30 AM;61.932;0
08/12/2022 04:57:00 AM;62.571;0
08/12/2022 04:57:30 AM;63.632;0
08/12/2022 04:58:00 AM;62.625;0
08/12/2022 04:58:30 AM;62.936;0
08/12/2022 04:59:00 AM;73.313;0
08/12/2022 04:59:30 AM;61.108;0
08/12/2022 05:00:00 AM;61.693;0
08/12/2022 05:00:30 AM;60.729;0
08/12/2022 05:01:00 AM;60.511;0
08/12/2022 05:01:30 AM;63.161;0
08/12/2022 05:02:00 AM;62.051;0
08/12/2022 05:02:30 AM;62.76;0
08/12/2022 05:03:00 AM;62.939;0
08/12/2022 05:03:30 AM;63.027;0
08/12/2022 05:04:00 AM;61.986;0
08/12/2022 05:04:30 AM;62.771;0
08/12/2022 05:05:00 AM;61.637;0
08/12/2022 05:05:30 AM;61.818;0
08/12/2022 05:06:00 AM;63.16;0
08/12/2022 05:06:30 AM;63.59;0
08/12/2022 05:07:00 AM;63.272;0
08/12/2022 05:07:30 AM;63.119;0
08/12/2022 05:08:00 AM;62.792;0
08/12/2022 05:08:30 AM;64.095;0
08/12/2022 05:09:00 AM;63.694;0
08/12/2022 05:09:30 AM;62.882;0
08/12/2022 05:10:00 AM;63.41;0
08/12/2022 05:10:30 AM;62.521;0
08/12/2022 05:11:00 AM;63.441;0
08/12/2022 05:11:30 AM;62.628;0
08/12/2022 05:12:00 AM;62.471;0
08/12/2022 05:12:30 AM;61.736;0
08/12/2022 05:13:00 AM;62.98;0
08/12/2022 05:13:30 AM;63.298;0
08/12/2022 05:14:00 AM;62.138;0
08/12/2022 05:14:30 AM;61.67;0
08/12/2022 05:15:00 AM;61.962;0
08/12/2022 05:15:30 AM;62.116;0
08/12/2022 05:16:00 AM;61.138;0
08/12/2022 05:16:30 AM;61.678;0
08/12/2022 05:17:00 AM;63.177;0
08/12/2022 05:17:30 AM;63.421;0
08/12/2022 05:18:00 AM;61.752;0
08/12/2022 05:18:30 AM;63.1;0
08/12/2022 05:19:00 AM;64.443;0
08/12/2022 05:19:30 AM;63.918;0
08/12/2022 05:20:00 AM;62.803;0
08/12/2022 05:20:30 AM;63.625;0
08/12/2022 05:21:00 AM;63.145;0
08/12/2022 05:21:30 AM;61.757;0
08/12/2022 05:22:00 AM;61.218;0
08/12/2022 05:22:30 AM;61.257;0
08/12/2022 05:23:00 AM;63.449;0
08/12/2022 05:23:30 AM;62.208;0
08/12/2022 05:24:00 AM;62.269;0
08/12/2022 05:24:30 AM;61.581;0
08/12/2022 05:25:00 AM;61.379;0
08/12/2022 05:25:30 AM;61.725;0
08/12/2022 05:26:00 AM;63.163;0
08/12/2022 05:26:30 AM;62.323;0
08/12/2022 05:27:00 AM;62.286;0
08/12/2022 05:27:30 AM;60.586;0
08/12/2022 05:28:00 AM;62.781;0
08/12/2022 05:28:30 AM;62.449;0
08/12/2022 05:29:00 AM;62.016;0
08/12/2022 05:29:30 AM;61.974;0
08/12/2022 05:30:00 AM;62.175;0
08/12/2022 05:30:30 AM;61.298;0
08/12/2022 05:31:00 AM;61.752;0
08/12/2022 05:31:30 AM;60.738;0
08/12/2022 05:32:00 AM;61.387;0
08/12/2022 05:32:30 AM;61.647;0
08/12/2022 05:33:00 AM;62.904;0
08/12/2022 05:33:30 AM;62.375;0
08/12/2022 05:34:00 AM;63.272;0
08/12/2022 05:34:30 AM;62.99;0
08/12/2022 05:35:00 AM;63.007;0
08/12/2022 05:35:30 AM;62.825;0
08/12/2022 05:36:00 AM;62.378;0
08/12/2022 05:36:30 AM;62.512;0
08/12/2022 05:37:00 AM;61.198;0
08/12/2022 05:37:30 AM;61.522;0
08/12/2022 05:38:00 AM;63.162;0
08/12/2022 05:38:30 AM;62.264;0
08/12/2022 05:39:00 AM;62.143;0
08/12/2022 05:39:30 AM;61.632;0
08/12/2022 05:40:00 AM;61.252;0
08/12/2022 05:40:30 AM;60.719;0
08/12/2022 05:41:00 AM;59.883;0
08/12/2022 05:41:30 AM;60.198;0
08/12/2022 05:42:00 AM;59.299;0
08/12/2022 05:42:30 AM;60.108;0
08/12/2022 05:43:00 AM;60.147;0
08/12/2022 05:43:30 AM;59.828;0
08/12/2022 05:44:00 AM;61.296;0
08/12/2022 05:44:30 AM;61.577;0
08/12/2022 05:45:00 AM;60.469;0
08/12/2022 05:45:30 AM;60.886;0
08/12/2022 05:46:00 AM;60.467;0
08/12/2022 05:46:30 AM;60.703;0
08/12/2022 05:47:00 AM;60.084;0
08/12/2022 05:47:30 AM;59.543;0
08/12/2022 05:48:00 AM;59.54;0
08/12/2022 05:48:30 AM;59.623;0
08/12/2022 05:49:00 AM;60.769;0
08/12/2022 05:49:30 AM;61.561;0
08/12/2022 05:50:00 AM;60.382;0
08/12/2022 05:50:30 AM;61.525;0
08/12/2022 05:51:00 AM;61.246;0
08/12/2022 05:51:30 AM;62.767;0
08/12/2022 05:52:00 AM;62.983;0
08/12/2022 05:52:30 AM;63.154;0
08/12/2022 05:53:00 AM;65.055;0
08/12/2022 05:53:30 AM;75.816;0
08/12/2022 05:54:00 AM;61.903;0
08/12/2022 05:54:30 AM;61.548;0
08/12/2022 05:55:00 AM;61.625;0
08/12/2022 05:55:30 AM;61.863;0
08/12/2022 05:56:00 AM;61.813;0
08/12/2022 05:56:30 AM;61.317;0
08/12/2022 05:57:00 AM;61.989;0
08/12/2022 05:57:30 AM;61.515;0
08/12/2022 05:58:00 AM;62.4;0
08/12/2022 05:58:30 AM;63.489;0
08/12/2022 05:59:00 AM;63.311;0
08/12/2022 05:59:30 AM;62.095;0
08/12/2022 06:00:00 AM;59.861;0
08/12/2022 06:00:30 AM;62.977;0
08/12/2022 06:01:00 AM;66.184;0
08/12/2022 06:01:30 AM;65.697;0
08/12/2022 06:02:00 AM;65.068;0
08/12/2022 06:02:30 AM;65.162;0
08/12/2022 06:03:00 AM;66.851;0
08/12/2022 06:03:30 AM;67.918;0
08/12/2022 06:04:00 AM;68.076;0
08/12/2022 06:04:30 AM;69.486;0
08/12/2022 06:05:00 AM;69.584;0
08/12/2022 06:05:30 AM;70.561;0
08/12/2022 06:06:00 AM;68.57;0
08/12/2022 06:06:30 AM;70.536;0
08/12/2022 06:07:00 AM;68.395;0
08/12/2022 06:07:30 AM;71.003;0
08/12/2022 06:08:00 AM;70.801;0
08/12/2022 06:08:30 AM;70.699;0
08/12/2022 06:09:00 AM;70.71;0
08/12/2022 06:09:30 AM;70.224;0
08/12/2022 06:10:00 AM;71.744;0
08/12/2022 06:10:30 AM;69.289;0
08/12/2022 06:11:00 AM;67.529;0
08/12/2022 06:11:30 AM;67.502;0
08/12/2022 06:12:00 AM;67.29;0
08/12/2022 06:12:30 AM;66.692;0
08/12/2022 06:13:00 AM;67.392;0
08/12/2022 06:13:30 AM;68.664;0
08/12/2022 06:14:00 AM;68.25;0
08/12/2022 06:14:30 AM;66.807;0
08/12/2022 06:15:00 AM;68.972;0
08/12/2022 06:15:30 AM;68.953;0
08/12/2022 06:16:00 AM;67.29;0
08/12/2022 06:16:30 AM;68.303;0
08/12/2022 06:17:00 AM;68.271;0
08/12/2022 06:17:30 AM;68.604;0
08/12/2022 06:18:00 AM;69.263;0
08/12/2022 06:18:30 AM;70.275;0
08/12/2022 06:19:00 AM;70.205;0
08/12/2022 06:19:30 AM;68.11;0
08/12/2022 06:20:00 AM;67.146;0
08/12/2022 06:20:30 AM;66.985;0
08/12/2022 06:21:00 AM;69.789;0
08/12/2022 06:21:30 AM;71.272;0
08/12/2022 06:22:00 AM;67.819;0
08/12/2022 06:22:30 AM;66.309;0
08/12/2022 06:23:00 AM;64.98;0
08/12/2022 06:23:30 AM;65.04;0
08/12/2022 06:24:00 AM;65.275;0
08/12/2022 06:24:30 AM;65.204;0
08/12/2022 06:25:00 AM;65.305;0
08/12/2022 06:25:30 AM;64.721;0
08/12/2022 06:26:00 AM;64.859;0
08/12/2022 06:26:30 AM;65.244;0
08/12/2022 06:27:00 AM;64.547;0
08/12/2022 06:27:30 AM;65.704;0
08/12/2022 06:28:00 AM;64.334;0
08/12/2022 06:28:30 AM;64.732;0
08/12/2022 06:29:00 AM;63.599;0
08/12/2022 06:29:30 AM;63.503;0
08/12/2022 06:30:00 AM;61.842;0
08/12/2022 06:30:30 AM;65.016;0
08/12/2022 06:31:00 AM;65.352;0
08/12/2022 06:31:30 AM;63.283;0
08/12/2022 06:32:00 AM;64.557;0
08/12/2022 06:32:30 AM;62.977;0
08/12/2022 06:33:00 AM;63.636;0
08/12/2022 06:33:30 AM;64.244;0
08/12/2022 06:34:00 AM;63.655;0
08/12/2022 06:34:30 AM;61.24;0
08/12/2022 06:35:00 AM;62.4;0
08/12/2022 06:35:30 AM;62.35;0
08/12/2022 06:36:00 AM;62.799;0
08/12/2022 06:36:30 AM;64.399;0
08/12/2022 06:37:00 AM;62.869;0
08/12/2022 06:37:30 AM;62.809;0
08/12/2022 06:38:00 AM;62.941;0
08/12/2022 06:38:30 AM;61.86;0
08/12/2022 06:39:00 AM;61.388;0
08/12/2022 06:39:30 AM;62.057;0
08/12/2022 06:40:00 AM;61.282;0
08/12/2022 06:40:30 AM;61.262;0
08/12/2022 06:41:00 AM;62.476;0
08/12/2022 06:41:30 AM;62.32;0
08/12/2022 06:42:00 AM;63.341;0
08/12/2022 06:42:30 AM;63.704;0
08/12/2022 06:43:00 AM;63.432;0
08/12/2022 06:43:30 AM;62.845;0
08/12/2022 06:44:00 AM;63.449;0
08/12/2022 06:44:30 AM;62.837;0
08/12/2022 06:45:00 AM;62.761;0
08/12/2022 06:45:30 AM;62.543;0
08/12/2022 06:46:00 AM;62.019;0
08/12/2022 06:46:30 AM;61.754;0
08/12/2022 06:47:00 AM;63.021;0
08/12/2022 06:47:30 AM;61.407;0
08/12/2022 06:48:00 AM;61.424;0
08/12/2022 06:48:30 AM;62.394;0
08/12/2022 06:49:00 AM;61.821;0
08/12/2022 06:49:30 AM;72.837;0
08/12/2022 06:50:00 AM;60.363;0
08/12/2022 06:50:30 AM;60.528;0
08/12/2022 06:51:00 AM;61.305;0
08/12/2022 06:51:30 AM;62.123;0
08/12/2022 06:52:00 AM;61.545;0
08/12/2022 06:52:30 AM;61.846;0
08/12/2022 06:53:00 AM;62.706;0
08/12/2022 06:53:30 AM;61.442;0
08/12/2022 06:54:00 AM;60.811;0
08/12/2022 06:54:30 AM;61.013;0
08/12/2022 06:55:00 AM;62.285;0
08/12/2022 06:55:30 AM;61.155;0
08/12/2022 06:56:00 AM;61.174;0
08/12/2022 06:56:30 AM;59.546;0
08/12/2022 06:57:00 AM;60.853;0
08/12/2022 06:57:30 AM;59.683;0
08/12/2022 06:58:00 AM;60.725;0
08/12/2022 06:58:30 AM;60.428;0
08/12/2022 06:59:00 AM;60.569;0
08/12/2022 06:59:30 AM;60.913;0
08/12/2022 07:00:00 AM;58.624;0
08/12/2022 07:00:30 AM;59.208;0
08/12/2022 07:01:00 AM;62.349;0
08/12/2022 07:01:30 AM;59.757;0
08/12/2022 07:02:00 AM;60.662;0
08/12/2022 07:02:30 AM;60.451;0
08/12/2022 07:03:00 AM;60.759;0
08/12/2022 07:03:30 AM;61.597;0
08/12/2022 07:04:00 AM;63.574;0
08/12/2022 07:04:30 AM;63.939;0
08/12/2022 07:05:00 AM;64.671;0
08/12/2022 07:05:30 AM;63.657;0
08/12/2022 07:06:00 AM;63.537;0
08/12/2022 07:06:30 AM;64.22;0
08/12/2022 07:07:00 AM;64.637;0
08/12/2022 07:07:30 AM;66.294;0
08/12/2022 07:08:00 AM;65.256;0
08/12/2022 07:08:30 AM;67.387;0
08/12/2022 07:09:00 AM;68.028;0
08/12/2022 07:09:30 AM;66.345;0
08/12/2022 07:10:00 AM;65.222;0
08/12/2022 07:10:30 AM;65.37;0
08/12/2022 07:11:00 AM;61.936;0
08/12/2022 07:11:30 AM;62.574;0
08/12/2022 07:12:00 AM;62.509;0
08/12/2022 07:12:30 AM;63.109;0
08/12/2022 07:13:00 AM;64.689;0
08/12/2022 07:13:30 AM;61.983;0
08/12/2022 07:14:00 AM;64.038;0
08/12/2022 07:14:30 AM;61.597;0
08/12/2022 07:15:00 AM;58.443;0
08/12/2022 07:15:30 AM;62.056;0
08/12/2022 07:16:00 AM;59.242;0
08/12/2022 07:16:30 AM;64.036;0
08/12/2022 07:17:00 AM;59.452;0
08/12/2022 07:17:30 AM;60.169;0
08/12/2022 07:18:00 AM;72.998;0
08/12/2022 07:18:30 AM;58.895;0
08/12/2022 07:19:00 AM;59.605;0
08/12/2022 07:19:30 AM;59.596;0
08/12/2022 07:20:00 AM;59.099;0
08/12/2022 07:20:30 AM;58.54;0
08/12/2022 07:21:00 AM;59.567;0
08/12/2022 07:21:30 AM;60.202;0
08/12/2022 07:22:00 AM;58.688;0
08/12/2022 07:22:30 AM;57.834;0
08/12/2022 07:23:00 AM;60.624;0
08/12/2022 07:23:30 AM;61.315;0
08/12/2022 07:24:00 AM;58.952;0
08/12/2022 07:24:30 AM;58.978;0
08/12/2022 07:25:00 AM;59.87;0
08/12/2022 07:25:30 AM;59.817;0
08/12/2022 07:26:00 AM;58.827;0
08/12/2022 07:26:30 AM;62.067;0
08/12/2022 07:27:00 AM;58.335;0
08/12/2022 07:27:30 AM;59.872;0
08/12/2022 07:28:00 AM;58.906;0
08/12/2022 07:28:30 AM;61.038;0
08/12/2022 07:29:00 AM;57.619;0
08/12/2022 07:29:30 AM;55.877;0
08/12/2022 07:30:00 AM;55.472;0
08/12/2022 07:30:30 AM;55.463;0
08/12/2022 07:31:00 AM;54.709;0
08/12/2022 07:31:30 AM;54.281;0
08/12/2022 07:32:00 AM;54.207;0
08/12/2022 07:32:30 AM;50.752;0
08/12/2022 07:33:00 AM;52.3;0
08/12/2022 07:33:30 AM;52.635;0
08/12/2022 07:34:00 AM;53.818;0
08/12/2022 07:34:30 AM;51.448;0
08/12/2022 07:35:00 AM;50.514;0
08/12/2022 07:35:30 AM;51.585;0
08/12/2022 07:36:00 AM;49.735;0
08/12/2022 07:36:30 AM;46.987;0
08/12/2022 07:37:00 AM;47.527;0
08/12/2022 07:37:30 AM;47.284;0
08/12/2022 07:38:00 AM;47.341;0
08/12/2022 07:38:30 AM;46.753;0
08/12/2022 07:39:00 AM;47.161;0
08/12/2022 07:39:30 AM;46.908;0
08/12/2022 07:40:00 AM;45.57;0
08/12/2022 07:40:30 AM;46.728;0
08/12/2022 07:41:00 AM;46.909;0
08/12/2022 07:41:30 AM;45.873;0
08/12/2022 07:42:00 AM;46.381;0
08/12/2022 07:42:30 AM;45.209;0
08/12/2022 07:43:00 AM;45.811;0
08/12/2022 07:43:30 AM;46.822;0
08/12/2022 07:44:00 AM;43.507;0
08/12/2022 07:44:30 AM;44.035;0
08/12/2022 07:45:00 AM;44.62;0
08/12/2022 07:45:30 AM;43.345;0
08/12/2022 07:46:00 AM;44.722;0
08/12/2022 07:46:30 AM;52.581;0
08/12/2022 07:47:00 AM;43.479;0
08/12/2022 07:47:30 AM;41.973;0
08/12/2022 07:48:00 AM;40.561;0
08/12/2022 07:48:30 AM;40.706;0
08/12/2022 07:49:00 AM;40.36;0
08/12/2022 07:49:30 AM;40.624;0
08/12/2022 07:50:00 AM;42.93;0
08/12/2022 07:50:30 AM;40.362;0
08/12/2022 07:51:00 AM;40.582;0
08/12/2022 07:51:30 AM;40.879;0
08/12/2022 07:52:00 AM;39.297;0
08/12/2022 07:52:30 AM;39.221;0
08/12/2022 07:53:00 AM;41.264;0
08/12/2022 07:53:30 AM;40.121;0
08/12/2022 07:54:00 AM;39.127;0
08/12/2022 07:54:30 AM;38.719;0
08/12/2022 07:55:00 AM;38.333;0
08/12/2022 07:55:30 AM;37.282;0
08/12/2022 07:56:00 AM;35.309;0
08/12/2022 07:56:30 AM;35.262;0
08/12/2022 07:57:00 AM;35.24;0
08/12/2022 07:57:30 AM;34.891;0
08/12/2022 07:58:00 AM;34.36;0
08/12/2022 07:58:30 AM;34.705;0
08/12/2022 07:59:00 AM;34.717;0
08/12/2022 07:59:30 AM;34.154;0
08/12/2022 08:00:00 AM;33.89;0
08/12/2022 08:00:30 AM;33.711;0
08/12/2022 08:01:00 AM;34.421;0
08/12/2022 08:01:30 AM;31.875;0
08/12/2022 08:02:00 AM;33.401;0
08/12/2022 08:02:30 AM;33.239;0
08/12/2022 08:03:00 AM;34.878;0
08/12/2022 08:03:30 AM;32.008;0
08/12/2022 08:04:00 AM;32.786;0
08/12/2022 08:04:30 AM;31.123;0
08/12/2022 08:05:00 AM;31.232;0
08/12/2022 08:05:30 AM;30.061;0
08/12/2022 08:06:00 AM;30.724;0
08/12/2022 08:06:30 AM;32.09;0
08/12/2022 08:07:00 AM;31.47;0
08/12/2022 08:07:30 AM;30.607;0
08/12/2022 08:08:00 AM;30.429;0
08/12/2022 08:08:30 AM;30.959;0
08/12/2022 08:09:00 AM;28.991;0
08/12/2022 08:09:30 AM;29.356;0
08/12/2022 08:10:00 AM;29.073;0
08/12/2022 08:10:30 AM;27.546;0
08/12/2022 08:11:00 AM;27.385;0
08/12/2022 08:11:30 AM;25.668;0
08/12/2022 08:12:00 AM;24.572;0
08/12/2022 08:12:30 AM;24.544;0
08/12/2022 08:13:00 AM;23.778;0
08/12/2022 08:13:30 AM;22.822;0
08/12/2022 08:14:00 AM;26.53;0
08/12/2022 08:14:30 AM;23.934;0
08/12/2022 08:15:00 AM;21.672;0
08/12/2022 08:15:30 AM;22.386;0
08/12/2022 08:16:00 AM;23.382;0
08/12/2022 08:16:30 AM;22.896;0
08/12/2022 08:17:00 AM;22.674;0
08/12/2022 08:17:30 AM;21.708;0
08/12/2022 08:18:00 AM;23.81;0
08/12/2022 08:18:30 AM;20.393;0
08/12/2022 08:19:00 AM;19.736;0
08/12/2022 08:19:30 AM;19.791;0
08/12/2022 08:20:00 AM;21.821;0
08/12/2022 08:20:30 AM;19.407;0
08/12/2022 08:21:00 AM;19.219;0
08/12/2022 08:21:30 AM;19.087;0
08/12/2022 08:22:00 AM;22.067;0
08/12/2022 08:22:30 AM;20.344;0
08/12/2022 08:23:00 AM;23.034;0
08/12/2022 08:23:30 AM;20.601;0
08/12/2022 08:24:00 AM;20.049;0
08/12/2022 08:24:30 AM;22.558;0
08/12/2022 08:25:00 AM;22.508;0
08/12/2022 08:25:30 AM;19.513;0
08/12/2022 08:26:00 AM;19.688;0
08/12/2022 08:26:30 AM;19.557;0
08/12/2022 08:27:00 AM;15.286;0
08/12/2022 08:27:30 AM;16.034;0
08/12/2022 08:28:00 AM;17.769;0
08/12/2022 08:28:30 AM;16.854;0
08/12/2022 08:29:00 AM;14.793;0
08/12/2022 08:29:30 AM;16.391;0
08/12/2022 08:30:00 AM;13.756;0
08/12/2022 08:30:30 AM;16.428;0
08/12/2022 08:31:00 AM;19.623;0
08/12/2022 08:31:30 AM;15.199;0
08/12/2022 08:32:00 AM;15.854;0
08/12/2022 08:32:30 AM;15.413;0
08/12/2022 08:33:00 AM;16.634;0
08/12/2022 08:33:30 AM;14.076;0
08/12/2022 08:34:00 AM;12.909;0
08/12/2022 08:34:30 AM;14.993;0
08/12/2022 08:35:00 AM;16.969;0
08/12/2022 08:35:30 AM;13.874;0
08/12/2022 08:36:00 AM;12.052;0
08/12/2022 08:36:30 AM;10.988;0
08/12/2022 08:37:00 AM;11.765;0
08/12/2022 08:37:30 AM;12.717;0
08/12/2022 08:38:00 AM;14.453;0
08/12/2022 08:38:30 AM;13.773;0
08/12/2022 08:39:00 AM;14.254;0
08/12/2022 08:39:30 AM;12.775;0
08/12/2022 08:40:00 AM;13.909;0
08/12/2022 08:40:30 AM;13.839;0
08/12/2022 08:41:00 AM;12.774;0
08/12/2022 08:41:30 AM;11.279;0
08/12/2022 08:42:00 AM;12.896;0
08/12/2022 08:42:30 AM;20.049;0
08/12/2022 08:43:00 AM;11.878;0
08/12/2022 08:43:30 AM;11.946;0
08/12/2022 08:44:00 AM;10.602;0
08/12/2022 08:44:30 AM;13.07;0
08/12/2022 08:45:00 AM;11.762;0
08/12/2022 08:45:30 AM;10.523;0
08/12/2022 08:46:00 AM;11.274;0
08/12/2022 08:46:30 AM;9.714;0
08/12/2022 08:47:00 AM;9.554;0
08/12/2022 08:47:30 AM;11.14;0
08/12/2022 08:48:00 AM;11.096;0
08/12/2022 08:48:30 AM;11.178;0
08/12/2022 08:49:00 AM;10.445;0
08/12/2022 08:49:30 AM;10.25;0
08/12/2022 08:50:00 AM;10.617;0
08/12/2022 08:50:30 AM;12.228;0
08/12/2022 08:51:00 AM;10.873;0
08/12/2022 08:51:30 AM;10.885;0
08/12/2022 08:52:00 AM;12.571;0
08/12/2022 08:52:30 AM;10.404;0
08/12/2022 08:53:00 AM;9.01;0
08/12/2022 08:53:30 AM;8.802;0
08/12/2022 08:54:00 AM;9.158;0
08/12/2022 08:54:30 AM;10.234;0
08/12/2022 08:55:00 AM;12.003;0
08/12/2022 08:55:30 AM;11.14;0
08/12/2022 08:56:00 AM;8.859;0
08/12/2022 08:56:30 AM;9.485;0
08/12/2022 08:57:00 AM;9.318;0
08/12/2022 08:57:30 AM;8.768;0
08/12/2022 08:58:00 AM;10.223;0
08/12/2022 08:58:30 AM;8.97;0
08/12/2022 08:59:00 AM;9.096;0
08/12/2022 08:59:30 AM;10.912;0
08/12/2022 08:59:30 AM;10.912;0
08/12/2022 09:00:00 AM;11.091;0
08/12/2022 09:00:30 AM;10.81;0
08/12/2022 09:01:00 AM;10.683;0
08/12/2022 09:01:30 AM;10.803;0
08/12/2022 09:02:00 AM;10.435;0
08/12/2022 09:02:30 AM;9.99;0
08/12/2022 09:03:00 AM;10.705;0
08/12/2022 09:03:30 AM;11.46;0
08/12/2022 09:04:00 AM;11.572;0
08/12/2022 09:04:30 AM;11.939;0
08/12/2022 09:05:00 AM;12.942;0
08/12/2022 09:05:30 AM;13.367;0
08/12/2022 09:06:00 AM;14.17;0
08/12/2022 09:06:30 AM;14.826;0
08/12/2022 09:07:00 AM;13.066;0
08/12/2022 09:07:30 AM;11.951;0
08/12/2022 09:08:00 AM;9.581;0
08/12/2022 09:08:30 AM;13.522;0
08/12/2022 09:09:00 AM;12.885;0
08/12/2022 09:09:30 AM;12.736;0
08/12/2022 09:10:00 AM;12.053;0
08/12/2022 09:10:30 AM;14.811;0
08/12/2022 09:11:00 AM;12.117;0
08/12/2022 09:11:30 AM;19.098;0
08/12/2022 09:12:00 AM;17;0
08/12/2022 09:12:30 AM;19.226;0
08/12/2022 09:13:00 AM;9.618;0
08/12/2022 09:13:30 AM;20.51;0
08/12/2022 09:14:00 AM;19.185;0
08/12/2022 09:14:30 AM;11.296;0
08/12/2022 09:15:00 AM;11.683;0
08/12/2022 09:15:30 AM;10.643;0
08/12/2022 09:16:00 AM;17.948;0
08/12/2022 09:16:30 AM;17.345;0
08/12/2022 09:17:00 AM;10.079;0
08/12/2022 09:17:30 AM;10.125;0
08/12/2022 09:18:00 AM;11.176;0
08/12/2022 09:18:30 AM;10.335;0
08/12/2022 09:19:00 AM;19.623;0
08/12/2022 09:19:30 AM;19.251;0
08/12/2022 09:20:00 AM;10.695;0
08/12/2022 09:20:30 AM;11.232;0
08/12/2022 09:21:00 AM;11.663;0
08/12/2022 09:21:30 AM;20.115;0
08/12/2022 09:22:00 AM;22.007;0
08/12/2022 09:22:30 AM;22.33;0
08/12/2022 09:23:00 AM;12.147;0
08/12/2022 09:23:30 AM;13.603;0
08/12/2022 09:24:00 AM;13.263;0
08/12/2022 09:24:30 AM;24.292;0
08/12/2022 09:25:00 AM;24.199;0
08/12/2022 09:25:30 AM;22.971;0
08/12/2022 09:26:00 AM;14.094;0
08/12/2022 09:26:30 AM;14.899;0
08/12/2022 09:27:00 AM;14.986;0
08/12/2022 09:27:30 AM;23.54;0
08/12/2022 09:28:00 AM;25.65;0
08/12/2022 09:28:30 AM;22.364;0
08/12/2022 09:29:00 AM;25.649;0
08/12/2022 09:29:30 AM;16.605;0
08/12/2022 09:30:00 AM;24.517;0
08/12/2022 09:30:30 AM;29.267;0
08/12/2022 09:31:00 AM;27.573;0
08/12/2022 09:31:30 AM;27.199;0
08/12/2022 09:32:00 AM;26.06;0
08/12/2022 09:32:30 AM;16.851;0
08/12/2022 09:33:00 AM;17.725;0
08/12/2022 09:33:30 AM;27;0
08/12/2022 09:34:00 AM;25.703;0
08/12/2022 09:34:30 AM;31.506;0
08/12/2022 09:35:00 AM;30.024;0
08/12/2022 09:35:30 AM;28.476;0
08/12/2022 09:36:00 AM;32.627;0
08/12/2022 09:36:30 AM;21.303;0
08/12/2022 09:37:00 AM;32.707;0
08/12/2022 09:37:30 AM;33.55;0
08/12/2022 09:38:00 AM;33.815;0
08/12/2022 09:38:30 AM;36.316;0
08/12/2022 09:39:00 AM;35.814;0
08/12/2022 09:39:30 AM;34.165;0
08/12/2022 09:40:00 AM;33.771;0
08/12/2022 09:40:30 AM;24.975;0
08/12/2022 09:41:00 AM;36.027;0
08/12/2022 09:41:30 AM;36.548;0
08/12/2022 09:42:00 AM;32.925;0
08/12/2022 09:42:30 AM;35.694;0
08/12/2022 09:43:00 AM;35.952;0
08/12/2022 09:43:30 AM;32.516;0
08/12/2022 09:44:00 AM;22.899;0
08/12/2022 09:44:30 AM;33.768;0
08/12/2022 09:45:00 AM;36.267;0
08/12/2022 09:45:30 AM;35.758;0
08/12/2022 09:46:00 AM;38.268;0
08/12/2022 09:46:30 AM;39.396;0
08/12/2022 09:47:00 AM;35.793;0
08/12/2022 09:47:30 AM;25.484;0
08/12/2022 09:48:00 AM;38.514;0
08/12/2022 09:48:30 AM;39.424;0
08/12/2022 09:49:00 AM;40.382;0
08/12/2022 09:49:30 AM;39.105;0
08/12/2022 09:50:00 AM;40.662;0
08/12/2022 09:50:30 AM;43.848;0
08/12/2022 09:51:00 AM;44.787;0
08/12/2022 09:51:30 AM;44.613;0
08/12/2022 09:52:00 AM;34.373;0
08/12/2022 09:52:30 AM;33.003;0
08/12/2022 09:53:00 AM;46.162;0
08/12/2022 09:53:30 AM;45.998;0
08/12/2022 09:54:00 AM;46.299;0
08/12/2022 09:54:30 AM;43.039;0
08/12/2022 09:55:00 AM;43.48;0
08/12/2022 09:55:30 AM;44.966;0
08/12/2022 09:56:00 AM;42.58;0
08/12/2022 09:56:30 AM;43.788;0
08/12/2022 09:57:00 AM;45.411;0
08/12/2022 09:57:30 AM;42.881;0
08/12/2022 09:58:00 AM;32.147;0
08/12/2022 09:58:30 AM;48.272;0
08/12/2022 09:59:00 AM;49.147;0
08/12/2022 09:59:30 AM;47.496;0
08/12/2022 10:00:00 AM;47.256;0
08/12/2022 10:00:30 AM;48.338;0
08/12/2022 10:01:00 AM;49.753;0
08/12/2022 10:01:30 AM;50.559;0
08/12/2022 10:02:00 AM;48.66;0
08/12/2022 10:02:30 AM;46.591;0
08/12/2022 10:03:00 AM;46.602;0
08/12/2022 10:03:30 AM;47.272;0
08/12/2022 10:04:00 AM;35.693;0
08/12/2022 10:04:30 AM;49.653;0
08/12/2022 10:05:00 AM;47.161;0
08/12/2022 10:05:30 AM;49.36;0
08/12/2022 10:06:00 AM;47.981;0
08/12/2022 10:06:30 AM;49.04;0
08/12/2022 10:07:00 AM;49.588;0
08/12/2022 10:07:30 AM;49.287;0
08/12/2022 10:08:00 AM;50.63;0
08/12/2022 10:08:30 AM;50.213;0
08/12/2022 10:09:00 AM;46.138;0
08/12/2022 10:09:30 AM;48.412;0
08/12/2022 10:10:00 AM;38.349;0
08/12/2022 10:10:30 AM;50.89;0
08/12/2022 10:11:00 AM;51.773;0
08/12/2022 10:11:30 AM;54.176;0
08/12/2022 10:12:00 AM;53.884;0
08/12/2022 10:12:30 AM;49.04;0
08/12/2022 10:13:00 AM;49.697;0
08/12/2022 10:13:30 AM;51.566;0
08/12/2022 10:14:00 AM;51.98;0
08/12/2022 10:14:30 AM;53.009;0
08/12/2022 10:15:00 AM;52.999;0
08/12/2022 10:15:30 AM;50.384;0
08/12/2022 10:16:00 AM;39.663;0
08/12/2022 10:16:30 AM;54.909;0
08/12/2022 10:17:00 AM;57.466;0
08/12/2022 10:17:30 AM;56.505;0
08/12/2022 10:18:00 AM;57.781;0
08/12/2022 10:18:30 AM;57.665;0
08/12/2022 10:19:00 AM;61.389;0
08/12/2022 10:19:30 AM;58.989;0
08/12/2022 10:20:00 AM;55.632;0
08/12/2022 10:20:30 AM;57.704;0
08/12/2022 10:21:00 AM;61.074;0
08/12/2022 10:21:30 AM;57.42;0
08/12/2022 10:22:00 AM;53.31;0
08/12/2022 10:22:30 AM;53.417;0
08/12/2022 10:23:00 AM;63.414;0
08/12/2022 10:23:30 AM;63.14;0
08/12/2022 10:24:00 AM;64.248;0
08/12/2022 10:24:30 AM;62.306;0
08/12/2022 10:25:00 AM;57.929;0
08/12/2022 10:25:30 AM;57.23;0
08/12/2022 10:26:00 AM;63.423;0
08/12/2022 10:26:30 AM;62.273;0
08/12/2022 10:27:00 AM;60.942;0
08/12/2022 10:27:30 AM;61.89;0
08/12/2022 10:28:00 AM;63.176;0
08/12/2022 10:28:30 AM;50.865;0
08/12/2022 10:29:00 AM;65.767;0
08/12/2022 10:29:30 AM;66.233;0
08/12/2022 10:30:00 AM;64.59;0
08/12/2022 10:30:30 AM;64.959;0
08/12/2022 10:31:00 AM;67.294;0
08/12/2022 10:31:30 AM;67.469;0
08/12/2022 10:32:00 AM;65.184;0
08/12/2022 10:32:30 AM;67.641;0
08/12/2022 10:33:00 AM;69.01;0
08/12/2022 10:33:30 AM;69.35;0
08/12/2022 10:34:00 AM;68.083;0
08/12/2022 10:34:30 AM;50.765;0
08/12/2022 10:35:00 AM;54.981;0
08/12/2022 10:35:30 AM;70.163;0
08/12/2022 10:36:00 AM;69.891;0
08/12/2022 10:36:30 AM;70.172;0
08/12/2022 10:37:00 AM;69.778;0
08/12/2022 10:37:30 AM;69.895;0
08/12/2022 10:38:00 AM;71.123;0
08/12/2022 10:38:30 AM;73.488;0
08/12/2022 10:39:00 AM;73.397;0
08/12/2022 10:39:30 AM;72.954;0
08/12/2022 10:40:00 AM;75.142;0
08/12/2022 10:40:30 AM;71.046;0
08/12/2022 10:41:00 AM;61.183;0
08/12/2022 10:41:30 AM;74.447;0
08/12/2022 10:42:00 AM;72.387;0
08/12/2022 10:42:30 AM;71.188;0
08/12/2022 10:43:00 AM;73.411;0
08/12/2022 10:43:30 AM;75.863;0
08/12/2022 10:44:00 AM;76.004;0
08/12/2022 10:44:30 AM;72.799;0
08/12/2022 10:45:00 AM;74.714;0
08/12/2022 10:45:30 AM;78.797;0
08/12/2022 10:46:00 AM;74.823;0
08/12/2022 10:46:30 AM;68.201;0
08/12/2022 10:47:00 AM;67.183;0
08/12/2022 10:47:30 AM;54.231;0
08/12/2022 10:48:00 AM;74.28;0
08/12/2022 10:48:30 AM;74.133;0
08/12/2022 10:49:00 AM;73.022;0
08/12/2022 10:49:30 AM;73.981;0
08/12/2022 10:50:00 AM;77.264;0
08/12/2022 10:50:30 AM;75.341;0
08/12/2022 10:51:00 AM;75.29;0
08/12/2022 10:51:30 AM;73.114;0
08/12/2022 10:52:00 AM;75.436;0
08/12/2022 10:52:30 AM;74.952;0
08/12/2022 10:53:00 AM;70.676;0
08/12/2022 10:53:30 AM;61.02;0
08/12/2022 10:54:00 AM;60.37;0
08/12/2022 10:54:30 AM;73.59;0
08/12/2022 10:55:00 AM;74.479;0
08/12/2022 10:55:30 AM;73.011;0
08/12/2022 10:56:00 AM;71.616;0
08/12/2022 10:56:30 AM;75.643;0
08/12/2022 10:57:00 AM;75.589;0
08/12/2022 10:57:30 AM;73.679;0
08/12/2022 10:58:00 AM;77.916;0
08/12/2022 10:58:30 AM;62.938;0
08/12/2022 10:59:00 AM;61.779;0
08/12/2022 10:59:30 AM;64.04;0
08/12/2022 11:00:00 AM;65.834;0
08/12/2022 11:00:30 AM;76.442;0
08/12/2022 11:01:00 AM;63.157;0
08/12/2022 11:01:30 AM;76.596;0
08/12/2022 11:02:00 AM;76.051;0
08/12/2022 11:02:30 AM;76.761;0
08/12/2022 11:03:00 AM;78.143;0
08/12/2022 11:03:30 AM;64.952;0
08/12/2022 11:04:00 AM;77.589;0
08/12/2022 11:04:30 AM;76.033;0
08/12/2022 11:05:00 AM;78.036;0
08/12/2022 11:05:30 AM;74.613;0
08/12/2022 11:06:00 AM;74.287;0
08/12/2022 11:06:30 AM;63.329;0
08/12/2022 11:07:00 AM;67.046;0
08/12/2022 11:07:30 AM;64.062;0
08/12/2022 11:08:00 AM;62.865;0
08/12/2022 11:08:30 AM;22.465;0
08/12/2022 11:09:00 AM;77.504;0
08/12/2022 11:09:30 AM;64.552;0
08/12/2022 11:10:00 AM;59.176;0
08/12/2022 11:10:30 AM;83.704;0
08/12/2022 11:11:00 AM;63.937;0
08/12/2022 11:11:30 AM;62.38;0
08/12/2022 11:12:00 AM;69.13;0
08/12/2022 11:12:30 AM;77.315;0
08/12/2022 11:13:00 AM;68.495;0
08/12/2022 11:13:30 AM;21.119;0
08/12/2022 11:14:00 AM;66.609;0
08/12/2022 11:14:30 AM;68.832;0
08/12/2022 11:15:00 AM;64.252;0
08/12/2022 11:15:30 AM;80.314;0
08/12/2022 11:16:00 AM;65.404;0
08/12/2022 11:16:30 AM;63.188;0
08/12/2022 11:17:00 AM;63.831;0
08/12/2022 11:17:30 AM;66.562;0
08/12/2022 11:18:00 AM;80.725;0
08/12/2022 11:18:30 AM;76.481;0
08/12/2022 11:19:00 AM;69.454;0
08/12/2022 11:19:30 AM;68.174;0
08/12/2022 11:20:00 AM;56.221;0
08/12/2022 11:20:30 AM;64.727;0
08/12/2022 11:21:00 AM;61.202;0
08/12/2022 11:21:30 AM;62.752;0
08/12/2022 11:22:00 AM;19.115;0
08/12/2022 11:22:30 AM;55.426;0
08/12/2022 11:23:00 AM;57.565;0
08/12/2022 11:23:30 AM;61.772;0
08/12/2022 11:24:00 AM;62.788;0
08/12/2022 11:24:30 AM;19.169;0
08/12/2022 11:25:00 AM;55.247;0
08/12/2022 11:25:30 AM;72.72;0
08/12/2022 11:26:00 AM;76.55;0
08/12/2022 11:26:30 AM;90.264;0
08/12/2022 11:27:00 AM;60.856;0
08/12/2022 11:27:30 AM;60.116;0
08/12/2022 11:28:00 AM;61.046;0
08/12/2022 11:28:30 AM;63.78;0
08/12/2022 11:29:00 AM;85.688;0
08/12/2022 11:29:30 AM;62.769;0
08/12/2022 11:30:00 AM;65.448;0
08/12/2022 11:30:30 AM;64.04;0
08/12/2022 11:31:00 AM;64.007;0
08/12/2022 11:31:30 AM;77.979;0
08/12/2022 11:32:00 AM;73.302;0
08/12/2022 11:32:30 AM;87.168;0
08/12/2022 11:33:00 AM;62.029;0
08/12/2022 11:33:30 AM;62.729;0
08/12/2022 11:34:00 AM;60.036;0
08/12/2022 11:34:30 AM;64.674;0
08/12/2022 11:35:00 AM;40.394;0
08/12/2022 11:35:30 AM;68.752;0
08/12/2022 11:36:00 AM;59.664;0
08/12/2022 11:36:30 AM;64.865;0
08/12/2022 11:37:00 AM;64.164;0
08/12/2022 11:37:30 AM;64.878;0
08/12/2022 11:38:00 AM;86.021;0
08/12/2022 11:38:30 AM;76.69;0
08/12/2022 11:39:00 AM;65.465;0
08/12/2022 11:39:30 AM;65.634;0
08/12/2022 11:40:00 AM;61.618;0
08/12/2022 11:40:30 AM;63.102;0
08/12/2022 11:41:00 AM;62.228;0
08/12/2022 11:41:30 AM;22.011;0
08/12/2022 11:42:00 AM;90.624;0
08/12/2022 11:42:30 AM;63.537;0
08/12/2022 11:43:00 AM;66.506;0
08/12/2022 11:43:30 AM;61.464;0
08/12/2022 11:44:00 AM;66.5;0
08/12/2022 11:44:30 AM;65.71;0
08/12/2022 11:45:00 AM;81.289;0
08/12/2022 11:45:30 AM;61.396;0
08/12/2022 11:46:00 AM;59.868;0
08/12/2022 11:46:30 AM;60.954;0
08/12/2022 11:47:00 AM;60.73;0
08/12/2022 11:47:30 AM;58.402;0
08/12/2022 11:48:00 AM;63.544;0
08/12/2022 11:48:30 AM;61.732;0
08/12/2022 11:49:00 AM;63.023;0
08/12/2022 11:49:30 AM;62.365;0
08/12/2022 11:50:00 AM;43.098;0
08/12/2022 11:50:30 AM;69.012;0
08/12/2022 11:51:00 AM;65.922;0
08/12/2022 11:51:30 AM;75.412;0
08/12/2022 11:52:00 AM;78.326;0
08/12/2022 11:52:30 AM;92.692;0
08/12/2022 11:53:00 AM;62.687;0
08/12/2022 11:53:30 AM;60.309;0
08/12/2022 11:54:00 AM;62.737;0
08/12/2022 11:54:30 AM;63.922;0
08/12/2022 11:55:00 AM;33.304;0
08/12/2022 11:55:30 AM;75.438;0
08/12/2022 11:56:00 AM;61.923;0
08/12/2022 11:56:30 AM;62.51;0
08/12/2022 11:57:00 AM;63.958;0
08/12/2022 11:57:30 AM;62.008;0
08/12/2022 11:58:00 AM;65.559;0
08/12/2022 11:58:30 AM;89.323;0
08/12/2022 11:59:00 AM;80.647;0
08/12/2022 11:59:30 AM;95.28;0
08/12/2022 12:00:00 PM;62.849;0
08/12/2022 12:00:30 PM;59.763;0
08/12/2022 12:01:00 PM;59.61;0
08/12/2022 12:01:30 PM;58.741;0
08/12/2022 12:02:00 PM;41.164;0
08/12/2022 12:02:30 PM;100.62;0
08/12/2022 12:03:00 PM;61.216;0
08/12/2022 12:03:30 PM;60.295;0
08/12/2022 12:04:00 PM;60.428;0
08/12/2022 12:04:30 PM;62.535;0
08/12/2022 12:05:00 PM;57.931;0
08/12/2022 12:05:30 PM;80.07;0
08/12/2022 12:06:00 PM;90.998;0
08/12/2022 12:06:30 PM;61.533;0
08/12/2022 12:07:00 PM;62.677;0
08/12/2022 12:07:30 PM;63.157;0
08/12/2022 12:08:00 PM;63.161;0
08/12/2022 12:08:30 PM;98.121;0
08/12/2022 12:09:00 PM;65.17;0
08/12/2022 12:09:30 PM;63.373;0
08/12/2022 12:10:00 PM;62.097;0
08/12/2022 12:10:30 PM;60.947;0
08/12/2022 12:11:00 PM;64.431;0
08/12/2022 12:11:30 PM;66.051;0
08/12/2022 12:12:00 PM;79.739;0
08/12/2022 12:12:30 PM;62.517;0
08/12/2022 12:13:00 PM;61.384;0
08/12/2022 12:13:30 PM;62.527;0
08/12/2022 12:14:00 PM;63.552;0
08/12/2022 12:14:30 PM;94.869;0
08/12/2022 12:15:00 PM;61.459;0
08/12/2022 12:15:30 PM;62.086;0
08/12/2022 12:16:00 PM;61.627;0
08/12/2022 12:16:30 PM;59.384;0
08/12/2022 12:17:00 PM;83.843;0
08/12/2022 12:17:30 PM;66.197;0
08/12/2022 12:18:00 PM;63.019;0
08/12/2022 12:18:30 PM;61.123;0
08/12/2022 12:19:00 PM;62.276;0
08/12/2022 12:19:30 PM;72.921;0
08/12/2022 12:20:00 PM;75.15;0
08/12/2022 12:20:30 PM;84.603;0
08/12/2022 12:21:00 PM;64.624;0
08/12/2022 12:21:30 PM;62.007;0
08/12/2022 12:22:00 PM;63.138;0
08/12/2022 12:22:30 PM;62.451;0
08/12/2022 12:23:00 PM;50.257;0
08/12/2022 12:23:30 PM;99.43;0
08/12/2022 12:24:00 PM;60.453;0
08/12/2022 12:24:30 PM;60.453;0
08/12/2022 12:25:00 PM;60.397;0
08/12/2022 12:25:30 PM;59.008;0
08/12/2022 12:26:00 PM;88.323;0
08/12/2022 12:26:30 PM;58.606;0
08/12/2022 12:27:00 PM;57.94;0
08/12/2022 12:27:30 PM;57.901;0
08/12/2022 12:28:00 PM;58.96;0
08/12/2022 12:28:30 PM;88.9;0
08/12/2022 12:29:00 PM;59.148;0
08/12/2022 12:29:30 PM;58.504;0
08/12/2022 12:30:00 PM;60.133;0
08/12/2022 12:30:30 PM;58.968;0
08/12/2022 12:31:00 PM;35.577;0
08/12/2022 12:31:30 PM;82.731;0
08/12/2022 12:32:00 PM;61.607;0
08/12/2022 12:32:30 PM;71.963;0
08/12/2022 12:33:00 PM;59.295;0
08/12/2022 12:33:30 PM;58.168;0
08/12/2022 12:34:00 PM;43.968;0
08/12/2022 12:34:30 PM;101.354;0
08/12/2022 12:35:00 PM;59.153;0
08/12/2022 12:35:30 PM;58.191;0
08/12/2022 12:36:00 PM;59.586;0
08/12/2022 12:36:30 PM;60.581;0
08/12/2022 12:37:00 PM;58.341;0
08/12/2022 12:37:30 PM;72.384;0
08/12/2022 12:38:00 PM;91.831;0
08/12/2022 12:38:30 PM;58.594;0
08/12/2022 12:39:00 PM;60.211;0
08/12/2022 12:39:30 PM;59.084;0
08/12/2022 12:40:00 PM;60.119;0
08/12/2022 12:40:30 PM;50.663;0
08/12/2022 12:41:00 PM;85.377;0
08/12/2022 12:41:30 PM;63.787;0
08/12/2022 12:42:00 PM;62.097;0
08/12/2022 12:42:30 PM;61.339;0
08/12/2022 12:43:00 PM;61.095;0
08/12/2022 12:43:30 PM;18.948;0
08/12/2022 12:44:00 PM;55.412;0
08/12/2022 12:44:30 PM;61.763;0
08/12/2022 12:45:00 PM;62.213;0
08/12/2022 12:45:30 PM;62.009;0
08/12/2022 12:46:00 PM;19.09;0
08/12/2022 12:46:30 PM;61.016;0
08/12/2022 12:47:00 PM;61.857;0
08/12/2022 12:47:30 PM;61.79;0
08/12/2022 12:48:00 PM;60.845;0
08/12/2022 12:48:30 PM;28.087;0
08/12/2022 12:49:00 PM;74.533;0
08/12/2022 12:49:30 PM;60.025;0
08/12/2022 12:50:00 PM;58.567;0
08/12/2022 12:50:30 PM;57.738;0
08/12/2022 12:51:00 PM;29.535;0
08/12/2022 12:51:30 PM;77.333;0
08/12/2022 12:52:00 PM;61.43;0
08/12/2022 12:52:30 PM;68.84;0
08/12/2022 12:53:00 PM;67.016;0
08/12/2022 12:53:30 PM;55.421;0
08/12/2022 12:54:00 PM;105.825;0
08/12/2022 12:54:30 PM;53.526;0
08/12/2022 12:55:00 PM;53.811;0
08/12/2022 12:55:30 PM;58.139;0
08/12/2022 12:56:00 PM;57.669;0
08/12/2022 12:56:30 PM;56.832;0
08/12/2022 12:57:00 PM;92.636;0
08/12/2022 12:57:30 PM;61.618;0
08/12/2022 12:58:00 PM;62.14;0
08/12/2022 12:58:30 PM;89.145;0
08/12/2022 12:59:00 PM;65.259;0
08/12/2022 12:59:30 PM;67.111;0
08/12/2022 01:00:00 PM;61.548;0
08/12/2022 01:00:30 PM;21.356;0
08/12/2022 01:01:00 PM;68.155;0
08/12/2022 01:01:30 PM;69.088;0
08/12/2022 01:02:00 PM;57.831;0
08/12/2022 01:02:30 PM;81.767;0
08/12/2022 01:03:00 PM;67.192;0
08/12/2022 01:03:30 PM;64.409;0
08/12/2022 01:04:00 PM;35.913;0
08/12/2022 01:04:30 PM;91.297;0
08/12/2022 01:05:00 PM;64.498;0
08/12/2022 01:05:30 PM;74.13;0
08/12/2022 01:06:00 PM;105.027;0
08/12/2022 01:06:30 PM;61.831;0
08/12/2022 01:07:00 PM;61.011;0
08/12/2022 01:07:30 PM;59.948;0
08/12/2022 01:08:00 PM;59.393;0
08/12/2022 01:08:30 PM;106.718;0
08/12/2022 01:09:00 PM;58.83;0
08/12/2022 01:09:30 PM;57.636;0
08/12/2022 01:10:00 PM;59.54;0
08/12/2022 01:10:30 PM;71.05;0
08/12/2022 01:11:00 PM;67.925;0
08/12/2022 01:11:30 PM;99.944;0
08/12/2022 01:12:00 PM;50.671;0
08/12/2022 01:12:30 PM;58.288;0
08/12/2022 01:13:00 PM;58.515;0
08/12/2022 01:13:30 PM;57.248;0
08/12/2022 01:14:00 PM;76.524;0
08/12/2022 01:14:30 PM;26.064;0
08/12/2022 01:15:00 PM;80.019;0
08/12/2022 01:15:30 PM;80.142;0
08/12/2022 01:16:00 PM;76.991;0
08/12/2022 01:16:30 PM;96.174;0
08/12/2022 01:17:00 PM;64.485;0
08/12/2022 01:17:30 PM;56.62;0
08/12/2022 01:18:00 PM;74.73;0
08/12/2022 01:18:30 PM;93.007;0
08/12/2022 01:19:00 PM;66.179;0
08/12/2022 01:19:30 PM;59.546;0
08/12/2022 01:20:00 PM;73.678;0
08/12/2022 01:20:30 PM;67.563;0
08/12/2022 01:21:00 PM;77.336;0
08/12/2022 01:21:30 PM;57.595;0
08/12/2022 01:22:00 PM;57.735;0
08/12/2022 01:22:30 PM;59.661;0
08/12/2022 01:23:00 PM;34.757;0
08/12/2022 01:23:30 PM;71.979;0
08/12/2022 01:24:00 PM;57.284;0
08/12/2022 01:24:30 PM;58.468;0
08/12/2022 01:25:00 PM;57.974;0
08/12/2022 01:25:30 PM;58.867;0
08/12/2022 01:26:00 PM;56.935;0
08/12/2022 01:26:30 PM;86.106;0
08/12/2022 01:27:00 PM;55.483;0
08/12/2022 01:27:30 PM;55.609;0
08/12/2022 01:28:00 PM;55.362;0
08/12/2022 01:28:30 PM;55.677;0
08/12/2022 01:29:00 PM;42.835;0
08/12/2022 01:29:30 PM;104.857;0
08/12/2022 01:30:00 PM;59.143;0
08/12/2022 01:30:30 PM;58.832;0
08/12/2022 01:31:00 PM;67.9;0
08/12/2022 01:31:30 PM;58.512;0
08/12/2022 01:32:00 PM;59.042;0
08/12/2022 01:32:30 PM;104.454;0
08/12/2022 01:33:00 PM;56.711;0
08/12/2022 01:33:30 PM;64.477;0
08/12/2022 01:34:00 PM;67.291;0
08/12/2022 01:34:30 PM;69.297;0
08/12/2022 01:35:00 PM;107.392;0
08/12/2022 01:35:30 PM;57.825;0
08/12/2022 01:36:00 PM;68.902;0
08/12/2022 01:36:30 PM;71.866;0
08/12/2022 01:37:00 PM;91.92;0
08/12/2022 01:37:30 PM;71.581;0
08/12/2022 01:38:00 PM;63.678;0
08/12/2022 01:38:30 PM;76.961;0
08/12/2022 01:39:00 PM;68.657;0
08/12/2022 01:39:30 PM;66.043;0
08/12/2022 01:40:00 PM;63.239;0
08/12/2022 01:40:30 PM;87.778;0
08/12/2022 01:41:00 PM;57.717;0
08/12/2022 01:41:30 PM;91.338;0
08/12/2022 01:42:00 PM;64.941;0
08/12/2022 01:42:30 PM;64.553;0
08/12/2022 01:43:00 PM;59.214;0
08/12/2022 01:43:30 PM;95.296;0
08/12/2022 01:44:00 PM;65.971;0
08/12/2022 01:44:30 PM;72.292;0
08/12/2022 01:45:00 PM;58.744;0
08/12/2022 01:45:30 PM;95.965;0
08/12/2022 01:46:00 PM;66.433;0
08/12/2022 01:46:30 PM;61.399;0
08/12/2022 01:47:00 PM;60.482;0
08/12/2022 01:47:30 PM;29.832;0
08/12/2022 01:48:00 PM;66.958;0
08/12/2022 01:48:30 PM;62.312;0
08/12/2022 01:49:00 PM;53.546;0
08/12/2022 01:49:30 PM;66.879;0
08/12/2022 01:50:00 PM;66.585;0
08/12/2022 01:50:30 PM;60.201;0
08/12/2022 01:51:00 PM;60.015;0
08/12/2022 01:51:30 PM;99.034;0
08/12/2022 01:52:00 PM;55.643;0
08/12/2022 01:52:30 PM;57.933;0
08/12/2022 01:53:00 PM;58.026;0
08/12/2022 01:53:30 PM;56.458;0
08/12/2022 01:54:00 PM;38.44;0
08/12/2022 01:54:30 PM;98.61;0
08/12/2022 01:55:00 PM;58.944;0
08/12/2022 01:55:30 PM;58.599;0
08/12/2022 01:56:00 PM;57.898;0
08/12/2022 01:56:30 PM;57.028;0
08/12/2022 01:57:00 PM;56.8;0
08/12/2022 01:57:30 PM;100.011;0
08/12/2022 01:58:00 PM;56.117;0
08/12/2022 01:58:30 PM;62.667;0
08/12/2022 01:59:00 PM;53.819;0
08/12/2022 01:59:30 PM;52.636;0
08/12/2022 02:00:00 PM;95.462;0
08/12/2022 02:00:30 PM;52.491;0
08/12/2022 02:01:00 PM;54.894;0
08/12/2022 02:01:30 PM;55.443;0
08/12/2022 02:02:00 PM;56.096;0
08/12/2022 02:02:30 PM;98.4;0
08/12/2022 02:03:00 PM;55.46;0
08/12/2022 02:03:30 PM;55.266;0
08/12/2022 02:04:00 PM;58.97;0
08/12/2022 02:04:30 PM;58.506;0
08/12/2022 02:05:00 PM;46.428;0
08/12/2022 02:05:30 PM;57.457;0
08/12/2022 02:06:00 PM;59.172;0
08/12/2022 02:06:30 PM;62.523;0
08/12/2022 02:07:00 PM;58.21;0
08/12/2022 02:07:30 PM;58.89;0
08/12/2022 02:08:00 PM;98.706;0
08/12/2022 02:08:30 PM;56.642;0
08/12/2022 02:09:00 PM;56.67;0
08/12/2022 02:09:30 PM;57.382;0
08/12/2022 02:10:00 PM;56.525;0
08/12/2022 02:10:30 PM;100.473;0
08/12/2022 02:11:00 PM;56.009;0
08/12/2022 02:11:30 PM;56.883;0
08/12/2022 02:12:00 PM;71.846;0
08/12/2022 02:12:30 PM;73.234;0
08/12/2022 02:13:00 PM;98.8;0
08/12/2022 02:13:30 PM;60.765;0
08/12/2022 02:14:00 PM;58.376;0
08/12/2022 02:14:30 PM;59.086;0
08/12/2022 02:15:00 PM;58.03;0
08/12/2022 02:15:30 PM;62.611;0
08/12/2022 02:16:00 PM;57.763;0
08/12/2022 02:16:30 PM;56.582;0
08/12/2022 02:17:00 PM;56.761;0
08/12/2022 02:17:30 PM;59.16;0
08/12/2022 02:18:00 PM;90.203;0
08/12/2022 02:18:30 PM;71.791;0
08/12/2022 02:19:00 PM;60.327;0
08/12/2022 02:19:30 PM;58.361;0
08/12/2022 02:20:00 PM;58.193;0
08/12/2022 02:20:30 PM;20.598;0
08/12/2022 02:21:00 PM;103.318;0
08/12/2022 02:21:30 PM;50.547;0
08/12/2022 02:22:00 PM;52.551;0
08/12/2022 02:22:30 PM;55.106;0
08/12/2022 02:23:00 PM;20.037;0
08/12/2022 02:23:30 PM;95.427;0
08/12/2022 02:24:00 PM;57.825;0
08/12/2022 02:24:30 PM;56.518;0
08/12/2022 02:25:00 PM;59.068;0
08/12/2022 02:25:30 PM;26.702;0
08/12/2022 02:26:00 PM;67.088;0
08/12/2022 02:26:30 PM;69.536;0
08/12/2022 02:27:00 PM;56.785;0
08/12/2022 02:27:30 PM;59.004;0
08/12/2022 02:28:00 PM;61.001;0
08/12/2022 02:28:30 PM;96.819;0
08/12/2022 02:29:00 PM;58.013;0
08/12/2022 02:29:30 PM;55.409;0
08/12/2022 02:30:00 PM;53.761;0
08/12/2022 02:30:30 PM;56.142;0
08/12/2022 02:31:00 PM;32.334;0
08/12/2022 02:31:30 PM;98.025;0
08/12/2022 02:32:00 PM;56.087;0
08/12/2022 02:32:30 PM;57.8;0
08/12/2022 02:33:00 PM;60.728;0
08/12/2022 02:33:30 PM;72.204;0