x1,wt_01,wt_02,wt_03,storage_01,storage_02,storage_03,solar_01,solar_02,solar_03
2022-09-17T00:00:00.0,2.9539933316526428,2.9589446836326805,2.9348887364050236,16.14788962184442,16.17495599481007,16.04345509519098,4.049360916405248,4.0561482747166195,4.023172163542975
2022-09-17T00:05:00.0,0.0,0.0,0.0,16.153898352673476,16.190193586743604,16.06309218464114,4.0706226146233915,4.079768654630785,4.047740358398315
2022-09-17T00:10:00.0,6.750457281522716,6.7645133563363204,6.7086871569419575,16.17408349497891,16.207761824929854,16.074002351674128,4.0615511469025,4.070008272753277,4.036419294300216
2022-09-17T00:15:00.0,21.118620089490058,21.175084058402103,21.001595906773368,21.50942632791142,21.56693517907445,21.390236578483545,4.05065816809026,4.061488242967651,4.028212337842981
2022-09-17T00:22:30.0,12.936298722095271,12.963079816535409,12.860328128201932,20.399208099460555,20.441439121668058,20.279410312816772,4.069481218515755,4.077905974558941,4.045582504389714
2022-09-17T00:25:00.0,12.94193628790792,12.9647078874426,12.856875625488872,19.41633563483906,19.450499071412352,19.288722089685614,4.0476157962789525,4.054737658412459,4.021012908334667
2022-09-17T00:30:00.0,11.296566903789735,11.31658554463491,11.234178031072036,20.151090888533222,20.186800627126523,20.03980009945768,4.073878340563735,4.081097658436258,4.051379055655189
2022-09-17T00:35:00.0,27.735176040704026,27.777020958685913,27.573813172961408,19.49586097250164,19.525274980986143,19.38243432501913,4.067073516343872,4.07320963595847,4.043411339296423
2022-09-17T00:40:00.0,9.173330788542309,9.194719236146366,9.126140377200558,20.049709013247426,20.09645671706315,19.946567195141476,4.060721261928242,4.0701891995778805,4.039831673281343
2022-09-17T00:45:00.0,4.48926916787153,4.49771715201179,4.4601667411760335,16.2512544699621,16.281836360886377,16.145903036524622,4.036037821356741,4.043632906932881,4.009873541505378
2022-09-17T00:50:00.0,13.027046292814362,13.053065976535649,12.951959604954208,16.237321270242575,16.269753024489557,16.143730854848393,4.080090344071123,4.088239747851592,4.056573081353212
2022-09-17T00:55:00.0,11.332951056208115,11.348020966140025,11.26372210562615,16.259509414617284,16.281130379995147,16.160185878481922,4.052999726200144,4.058389173355167,4.028241398350477
2022-09-17T01:00:00.0,3.0213762518137304,3.026226115776495,3.005107556821625,16.23699201412107,16.26305536931747,16.149563422429317,4.0666008637777855,4.0731285052684285,4.044704124148711
2022-09-17T01:05:00.0,0.020336468332901488,0.020364940867991992,0.02021343286585981,16.208225513803647,16.230918208628637,16.110165882044416,4.102616090960417,4.108360051942262,4.077795297173554
2022-09-17T01:10:00.0,27.852188310486586,27.890701743988497,27.694003466233234,16.223765149457016,16.2461990384308,16.131623241799318,4.1351268491479845,4.140844817558627,4.11164164255278
2022-09-17T01:15:00.0,11.168243635328311,11.186055533740118,11.108792322317823,16.17722931977304,16.20302989993918,16.091113941622627,4.1562418479537016,4.162870514016866,4.134117148393213
2022-09-17T01:22:30.0,3.7668158707306563,3.7729976553677824,3.7424853853006135,16.25468864634698,16.281364488226075,16.149696929509197,4.101194158692155,4.107924697140045,4.074703868710319
2022-09-17T01:25:00.0,2.6298198573706446,2.6367169608202152,2.6146924690080855,16.36808886082589,16.411016668914517,16.27393547756025,4.102192497879274,4.1129511230180364,4.078595650026949
2022-09-17T01:32:30.0,21.074796033210863,21.12751525218779,20.96496701582324,16.358745183952635,16.399667063727012,16.273493354876013,4.11516118979279,4.125455385928695,4.093715472873187
2022-09-17T01:35:00.0,19.226803659598037,19.283705007769623,19.126830626043056,16.35721249921176,16.405621348649905,16.272160392631715,4.122520833581994,4.134721353098881,4.1010850858142645
2022-09-17T01:40:00.0,44.68819140866745,44.79792906933596,44.41270907552931,16.347326406963997,16.387469391084338,16.24655259005164,4.097795440601537,4.107858109762557,4.072534399303706
2022-09-17T01:45:00.0,37.30300759981448,37.39008688480672,37.11657274232654,18.677674047263384,18.721274780984437,18.584325823533966,4.097129332692271,4.106693577394443,4.0766524925552865
2022-09-17T01:50:00.0,25.83996856399245,25.947316415382968,25.739437591209434,22.027112237078423,22.118620211058047,21.94141526669279,4.126015440548931,4.143156285409099,4.1099630856503975
2022-09-17T01:55:00.0,49.508020233619526,49.74241107683649,49.28317525917146,19.682000752923493,19.77518324600048,19.592613236810035,4.101335426079681,4.120752794503992,4.082708854976084
2022-09-17T02:00:00.0,40.064369806484,40.14280108949325,39.830069387731974,19.669844763333437,19.708351076270155,19.55481355512782,4.1507325634911005,4.15885816940866,4.126458666698238
2022-09-17T02:05:00.0,37.13126633594993,37.21274242069817,36.91969840062633,16.082528339907665,16.117817775773727,15.990892700959273,4.147532031820663,4.156632843741895,4.123900066761308
2022-09-17T02:10:00.0,84.5569867689601,84.74496575426367,84.07122516891833,16.076459526705914,16.112199170046814,15.984103743924328,4.151451386710246,4.160680495374479,4.127602196416674
2022-09-17T02:15:00.0,53.73878288407242,53.841591164995826,53.467968530961905,16.094147172768245,16.12493707002606,16.013041389913784,4.14496537766935,4.1528951583993035,4.12407699767309
2022-09-17T02:20:00.0,34.498579087292484,34.573615004492616,34.30214680507891,16.078450280171722,16.11342161220475,15.986900808670303,4.1133140786194895,4.122260716503921,4.089893181489786
2022-09-17T02:25:00.0,31.0713520173702,31.13111773997669,30.87657541893297,16.09362981806355,16.12458590310614,15.992743880730732,4.12209436461051,4.130023210069678,4.096254242869839
2022-09-17T02:30:00.0,25.81506526174266,25.8611805923737,25.651745677818198,16.06970792212463,16.098414411395886,15.968042557926672,4.123424131418702,4.130790104164632,4.097337197039133
2022-09-17T02:35:00.0,16.988227581185157,17.028798227227945,16.885532436181823,16.131288654669863,16.16981279140485,16.033773771521208,4.1452647105531355,4.1551642757974685,4.1202062659041525
2022-09-17T02:40:00.0,16.65252970783561,16.6806824560416,16.551248311198492,16.12764433821616,16.15490971579996,16.02955531680624,4.166132259972161,4.173175518538015,4.140793665700421
2022-09-17T02:45:00.0,6.718916954748471,6.728822895131128,6.677278659795579,16.156686645237023,16.180507028159884,16.056560852862052,4.160219020996824,4.166352581193855,4.134437421398028
2022-09-17T02:50:00.0,0.0828771339264982,0.08306102690402455,0.08235455633904969,16.19477049513632,16.23070446661448,16.09265518668301,4.1479860232064185,4.157189834491949,4.121831106571634
2022-09-17T02:55:00.0,16.75674302186548,16.785661705386605,16.644661255315686,16.17869666736124,16.2066177620571,16.07048131187212,4.156495845021895,4.163669099856811,4.12869405822126
2022-09-17T03:00:00.0,23.87740993064459,23.93427555697678,23.737390516677547,16.18485805825591,16.223403365023003,16.089948503700402,4.181783281730469,4.191742474381256,4.157260904883657
2022-09-17T03:05:00.0,39.13924549943542,39.28453977392594,38.9560644855077,16.190040700363188,16.250142017788054,16.114267444308304,4.206503909737985,4.222119462002929,4.186816467084349
2022-09-17T03:10:00.0,19.408754885708294,19.47699464155467,19.312808818901583,16.260711702457474,16.317883169818373,16.18032780660656,4.015382040391645,4.0294998285588814,3.995532229532033
2022-09-17T03:15:00.0,40.68369561251507,40.753110056415885,40.471547014672154,16.25988283402418,16.287625415120203,16.17509428931618,4.034831261147021,4.041715482553396,4.013791289686763
2022-09-17T03:20:00.0,31.063001590400667,31.217263608410754,30.964232553775016,21.516484020338886,21.623337063365,21.448069434192877,4.019312191837531,4.039272504041134,4.006532242291116
2022-09-17T03:25:00.0,33.349881926636925,33.35317988613977,33.13915395885356,21.213317708154154,21.215415486577367,21.07927707375503,4.032797792923585,4.033196595049286,4.007315745183402
2022-09-17T03:30:00.0,36.71806007973328,36.80830507933026,36.5348311587062,19.546039828698813,19.594079740192857,19.448502001798705,4.018488922681724,4.028365493786526,3.9984360280608375
2022-09-17T03:35:00.0,43.95384779869367,44.140432987011366,43.76916906527565,19.51790073875975,19.60075471781493,19.43589332944438,3.991116556028726,4.008058946092393,3.974347276718599
2022-09-17T03:40:00.0,40.03168830933702,40.18944713106354,39.887112535034454,19.420935975014956,19.497470942827682,19.35079661854886,4.001074002736551,4.016841629508493,3.98662399084803
2022-09-17T03:45:00.0,51.70144944451127,51.71287879237537,51.36994276365487,16.33236732479502,16.335977829134933,16.22764513730236,4.017245876255886,4.0181339461469365,3.99148752980854
2022-09-17T03:50:00.0,63.37075201623982,63.47042152551498,63.02598387656043,16.326884898493716,16.35256382061552,16.23805859370613,4.024760427854171,4.0310905704519975,4.002863746479601
2022-09-17T03:55:00.0,74.89943614750943,75.17585978838385,74.62034879493409,16.292917465701755,16.353048059441683,16.23220743322199,3.9969319023156964,4.011682967551879,3.982038690825501
2022-09-17T04:00:00.0,79.12877013215697,79.32675492833881,78.6856751444465,16.28322628315375,16.323967864647667,16.192045592012327,3.9839010204028353,3.993868973022543,3.96159249000704
2022-09-17T04:07:30.0,66.75390280769362,66.93438198834276,66.3353553541165,16.311459054640967,16.355559528793833,16.209186088352908,2.589376434832434,2.596377202093894,2.5731410258515712
2022-09-17T04:10:00.0,61.406786703271194,61.586966609906995,61.05653283152025,16.266639843140155,16.314369447725685,16.17385769492307,3.986134736106914,3.9978308599907453,3.963398501244327
2022-09-17T04:15:00.0,75.1994001824822,75.44365783789296,74.80694487944339,16.297853772369812,16.35079136949168,16.21279752025083,3.982715807993158,3.995652198749828,3.9619305632232473
2022-09-17T04:20:00.0,105.96511245187232,106.2661158099284,105.41951355168149,16.27742483848676,16.32366231630867,16.193614753409456,4.326131094843951,4.338419856275032,4.3038564771625865
2022-09-17T04:25:00.0,72.86222300003867,73.14314718377165,72.51777664830189,16.301266526419226,16.36411692823507,16.224204483119905,0.0,0.0,0.0
2022-09-17T04:30:00.0,87.29454785022139,87.6360517824766,86.95855256501908,16.325496681439073,16.389363457200336,16.262660112046895,0.0,0.0,0.0
2022-09-17T04:35:00.0,66.1853180327051,66.5272196357031,65.95338951641867,16.35137992711509,16.43584825293846,16.294080946035066,0.0,0.0,0.0
2022-09-17T04:40:00.0,70.34282428306932,70.54954119752114,70.01416723296835,16.43740095085314,16.485705647754333,16.360601820836767,0.0,0.0,0.0
2022-09-17T04:45:00.0,111.38903611859062,111.56635101351277,110.65895458437875,16.477552809345877,16.503782639917826,16.369553337815333,0.0,0.0,0.0
2022-09-17T04:50:00.0,122.86926983324774,123.13659949710053,122.24385024969924,22.361570894425732,22.410223509017975,22.247747768633072,4.147819521615842,4.1568440336027725,4.12670661387769
2022-09-17T04:55:00.0,116.1366632161545,116.44484114503888,115.49601087580517,20.98745604384176,21.04314793783139,20.87168155488955,4.133922692655918,4.144892387309704,4.111118462066444
2022-09-17T05:00:00.0,72.88022665867388,73.15225359081,72.64261170272825,20.81377047349674,20.891458296211784,20.745910322933753,4.115552923477195,4.130914308686117,4.10213478564423
2022-09-17T05:05:00.0,47.466192466563506,47.56709584226413,47.141253305983625,16.15969341324474,16.194045602265003,16.049069052198153,4.072098815889967,4.080755261569683,4.044222462167984
2022-09-17T05:10:00.0,37.682518228737315,37.79448331168889,37.513522093803665,16.074881066648636,16.122643941229867,16.002789473584404,4.076211747457596,4.0883232890393435,4.057931015094914
2022-09-17T05:15:00.0,27.119722721099137,27.165591481437303,26.956496704374604,16.082617245095577,16.109818471435986,15.985820475511353,2.6054401796912376,2.6098468733881726,2.5897587648508793
2022-09-17T05:20:00.0,23.284586741371257,23.311675635480654,23.101364370922017,16.07378361916741,16.092483586971575,15.947301806563052,4.0489843059196815,4.053694825729715,4.017123551392127
2022-09-17T05:25:00.0,28.13831747746048,28.190661079883466,27.952193611988903,16.078245604882127,16.10815475976586,15.97189435540251,4.033439618702877,4.040942724031318,4.006760007401294
2022-09-17T05:30:00.0,30.041342351226003,30.134943852782744,29.84114120674306,16.107763887114146,16.157951753852192,16.00041872498528,2.66734281494578,2.6756536051137605,2.649567141740594
2022-09-17T05:35:00.0,22.304804085365202,22.351510017288007,22.160092188334207,16.120781257261132,16.15453793627353,16.016190836810384,4.120980910821733,4.129610184279566,4.09424429556382
2022-09-17T05:40:00.0,29.893290424734978,29.98295041809928,29.705947503341594,16.02071551713822,16.068767010518467,15.920312797827352,4.043273326166992,4.055400457521332,4.017933906312117
2022-09-17T05:45:00.0,41.9625867869944,41.985284670943045,41.60240361662422,16.180980596015747,16.18973301210506,16.042092187625784,4.0864306746184065,4.088641056206355,4.051355059205245
2022-09-17T05:50:00.0,30.191444318300324,30.308619474330296,30.039932077405417,16.09658149541387,16.159053480138724,16.01580267915699,2.7158174861594775,2.7263577681789353,2.7021884729578733
2022-09-17T05:55:00.0,20.774863762253226,20.907367050271507,20.727990730726013,16.136304523577177,16.239222811288073,16.099897184433,495.70334147345534,498.8649661839009,494.58491688983673
2022-09-17T06:00:00.0,9.011525820537086,9.029220002165873,8.945950408134426,16.20055729493935,16.23236718029871,16.082668466019005,630.7680925152363,632.0066092122835,626.1780953692634
2022-09-17T06:05:30.0,9.467430036850164,9.494521425463448,9.411775961459718,16.20705850857751,16.253435584365246,16.11178567819134,808.1294342478101,810.4419254379033,803.3788634716007
2022-09-17T06:10:00.0,8.805627839225123,8.828201335045428,8.757663259572123,16.249284178979867,16.290939715097714,16.160773728670456,706.3238162429932,708.134498911493,702.4764443617875
2022-09-17T06:15:00.0,20.27455107312842,20.30485438335494,20.104960601441633,16.27620851063689,16.30053570752674,16.140062962030893,708.3278721849085,709.3865727783513,702.4029243269039
2022-09-17T06:20:00.0,15.102254253767361,15.12850035619441,14.978840442807238,16.287697355975755,16.31600363170933,16.154596246122257,722.5487651148313,723.8044775786186,716.6441832418896
2022-09-17T06:25:00.0,12.954128461004938,13.02590521754814,12.915187132720606,21.204380362568592,21.3218704470243,21.140638001262676,719.101488228042,723.0859147068878,716.9398015343261
2022-09-17T06:30:00.0,0.0,0.0,0.0,20.384181769279852,20.49249970155871,20.29859008810342,720.3553755445344,724.1832164492174,717.3306562629267
2022-09-17T06:35:00.0,5.932933596754344,5.933062126738501,5.872725176285971,19.413827579855663,19.414248157451983,19.216812751564326,750.5231019710866,750.5393611657721,742.9066657245352
2022-09-17T06:40:00.0,14.61414352074713,14.644341850491214,14.512834528216636,19.64190905777266,19.68249664647999,19.505746304533407,772.986054489895,774.5833350782459,767.6275168301739
2022-09-17T06:45:00.0,12.451099182902453,12.48757398974902,12.381582008293943,19.65688823082519,19.71447199840199,19.547139580418595,802.6053751354854,804.9565632195288,798.1242560643564
2022-09-17T06:50:00.0,13.75456004336215,13.806631447393954,13.696634084417457,16.233606400179106,16.295062868077178,16.165240184546136,726.528142690048,729.2786007446293,723.4684418175407
2022-09-17T06:55:00.0,19.540346093137778,19.677595612833365,19.532121589542097,16.210435804001733,16.32429635271211,16.20361285486245,922.5490444154125,929.0289405563567,922.160744848106
2022-09-17T07:00:00.0,28.907743129197396,29.023510067850875,28.67582953985933,16.321454686992826,16.386817272893776,16.190515127900927,997.1008139005813,1001.0939069704301,989.1015305372933
2022-09-17T07:07:30.0,19.471712895614335,19.55477348651535,19.378397520074298,16.289862243576902,16.35934999696055,16.211795428350943,973.2005037335095,977.3518903803146,968.5365806894253
2022-09-17T07:10:00.0,6.401019668687412,6.424277833236859,6.3692632322385085,16.306349541003108,16.365598813846415,16.225451249837782,1274.252418138926,1278.882426161489,1267.9306572272326
2022-09-17T07:15:00.0,21.559660228500203,21.550931485526032,21.38459874839968,16.322353985324654,16.315745642189313,16.189818712638942,798.9878479421245,798.6643660555708,792.5001763480158
2022-09-17T07:22:30.0,49.11286927853243,49.130581865862034,48.78240760317201,16.338283675452068,16.344176087780415,16.228349626083386,1784.6805016544272,1785.3241478047205,1772.6720705197063
2022-09-17T07:25:00.0,14.30375352274496,14.351788752280786,14.24341538180981,16.359301295061588,16.414239517501205,16.29029214822664,929.9006011702007,933.0234170626644,925.9779613232635
2022-09-17T07:30:00.0,22.568186087449423,22.646255301960863,22.470423546347885,16.306866544743077,16.363276229480608,16.236227251685122,1574.7853595353413,1580.232950917593,1567.963587602005
2022-09-17T07:35:00.0,18.553648957817174,18.639239821837613,18.508614565509237,16.283298190360544,16.358415573705678,16.243774512811232,1686.950986897841,1694.7331537835566,1682.8563307619538
2022-09-17T07:40:00.0,13.730502366508226,13.764600854616873,13.673096706343971,16.327208526035967,16.367755704202622,16.258946334379914,1817.195610033001,1821.708454592202,1809.5981230032485
2022-09-17T07:45:00.0,42.29652694825586,42.42904423431695,42.022190723983485,22.3950072902356,22.46517204846861,22.24975276969136,1958.7679776034315,1964.9049026690031,1946.0633644833342
2022-09-17T07:50:00.0,13.839836424672733,13.845741339904565,13.760910142819842,34.206431275119954,34.22102581734323,34.01135769526256,2041.543226854639,2042.414273254812,2029.900645888123
2022-09-17T07:55:00.0,20.794435022520254,20.77825869306077,20.609227813315645,20.98367613564329,20.96735259244177,20.7967834361433,2197.187059682237,2195.4778321065396,2177.6176468569533
2022-09-17T08:00:00.0,0.2636092794481519,0.26421061091566606,0.2616925634262326,16.116204951256222,16.152968380807664,15.9990232332709,2309.7708117146335,2315.0397380389927,2292.976354664248
2022-09-17T08:05:00.0,21.40484129052385,21.406707534163775,21.24920977191588,16.107773799454886,16.10917820278582,15.990656495767489,2449.5894421135067,2449.8030167275256,2431.7788300343154
2022-09-17T08:10:00.0,27.86263889272933,27.858159601996952,27.587093253544758,16.140221318230584,16.13762656243421,15.98060371643649,2564.087267297853,2563.6750560791797,2538.7299037073935
2022-09-17T08:15:00.0,9.828426202314274,9.82198496067479,9.753967553562816,16.08126593101542,16.070726774735636,15.959436727968207,2644.5346782246265,2642.801533310497,2624.5000893022807
2022-09-17T08:20:00.0,5.1421098220719905,5.143254815588694,5.096493202502044,21.59784794022242,21.60265713269827,21.406249384938803,2564.786582610263,2565.3576836000184,2542.0338803410814
2022-09-17T08:25:00.0,27.561032802636277,27.543591326047444,27.382172292629676,21.411002095622667,21.397452549258844,21.27205292118501,2889.8865186421604,2888.0577087996476,2871.1322658430386
2022-09-17T08:30:00.0,8.459499089068714,8.478572416457055,8.426131487090197,20.02849477115022,20.073652295708555,19.949494485824093,3021.261829511971,3028.0737595557534,3009.3447808618553
2022-09-17T08:35:00.0,0.0,0.0,0.0,19.6366042256939,19.646017484943545,19.494559527615642,3116.079712867914,3117.5734775658557,3093.539023199028
2022-09-17T08:40:00.0,11.02482278604125,11.035462072816143,10.953009079198276,19.402126969450375,19.420850607632772,19.275745014351887,3214.04211228637,3217.143759941196,3193.1064217530998
2022-09-17T08:45:00.0,62.81874742491751,63.041176668702334,62.60866877221624,19.643064288018554,19.71261664482769,19.57737389064978,3370.2798369861193,3382.2133572521843,3359.0089365558524
2022-09-17T08:50:00.0,33.735719998524196,33.812243279275485,33.500805022210656,19.455831459881573,19.499963437889434,19.320352917056397,3465.8381803884768,3473.699797337159,3441.7041973554146
2022-09-17T08:55:00.0,38.34183120805481,38.38894177893261,38.02515387978652,19.629060987114414,19.653179195341874,19.466938355149225,3586.506548003845,3590.9132851264562,3556.884454440406
2022-09-17T09:00:00.0,16.7104211473981,16.752309818296066,16.612095840200546,16.172132371982336,16.21267169320428,16.076974394245653,3703.018555579744,3712.3010580514356,3681.2297308802345
2022-09-17T09:05:00.0,26.906427617873433,26.86184995120724,26.68762608497187,16.225980729519,16.199098068967956,16.094031980808428,3800.997936602306,3794.700570730361,3770.088438437198
2022-09-17T09:10:00.0,42.864093435759244,42.88213571236889,42.60529562511006,16.221926673049058,16.228754777056793,16.123984578139513,3906.8194620735735,3908.4639134488098,3883.2315066931196
2022-09-17T09:15:00.0,88.00065994309664,88.09825389671217,87.26583139594375,16.189132804156134,16.207086777194363,16.05394930728423,4049.545923671179,4054.0369263215493,4015.731155126894
2022-09-17T09:20:00.0,68.06431644231662,68.12251108986719,67.68656685803366,16.222464287409846,16.23633441262307,16.13243136765214,4107.740423255467,4111.252520616544,4084.9429088112847
2022-09-17T09:25:00.0,63.008703022740946,63.131144471536366,62.69837608908542,16.276604404630458,16.30823386102561,16.196439784619315,4190.841068323429,4198.984906038858,4170.20057271283
2022-09-17T09:30:00.0,19.828556610723595,19.83593930533198,19.702791506489184,18.789121116779796,18.796116802138464,18.669948762376208,4283.432927930459,4285.027762985942,4256.264717997773
2022-09-17T09:35:00.0,114.57710131112371,114.79106574302735,114.05959192543406,29.455604439446574,29.510610645731635,29.322562569961825,4363.409890959105,4371.558242661132,4343.701715884483
2022-09-17T09:40:00.0,20.311646040179475,20.374523964875998,20.260479790555905,24.971463193794655,25.04876632221445,24.90855858642251,4441.264980566352,4455.013621343812,4430.077168796171
2022-09-17T09:45:00.0,137.1740761025758,137.2076094004947,135.64449872115586,19.77523934224436,19.780073557360815,19.554732963273416,4569.513266056299,4570.630320051109,4518.560313906421
2022-09-17T09:50:00.0,64.51754738081804,64.80021756813923,64.18284240768962,19.67196708179446,19.758155705598853,19.56991259459223,4361.761095437219,4380.871242613462,4339.133094381573
2022-09-17T09:55:00.0,19.822040044003224,19.89494222275589,19.725216217299213,19.699101107012172,19.771551136725673,19.60287779459952,4750.009218421888,4767.478965246609,4726.807062216675
2022-09-17T10:00:00.0,68.50742635492728,68.62127523160106,68.06527769920052,19.71971495664008,19.752486110303174,19.592443419475313,4881.450837685331,4889.5630632348575,4849.94583099165
2022-09-17T10:05:00.0,21.41899675343474,21.48919139047674,21.303459974237953,19.557322540810787,19.62141607297145,19.45182786792347,4903.845178401616,4919.916128706646,4877.393216896866
2022-09-17T10:10:00.0,90.06315517214281,90.35495828746325,89.67145306169002,19.71404924462033,19.77792243420785,19.62830902510516,3580.769193843861,3592.370826098582,3565.1957348906167
2022-09-17T10:15:00.0,116.45916722868421,116.66576406075623,115.93879731996796,19.680436583275494,19.71534938532151,19.59249926385241,4266.824457640829,4274.393740823362,4247.759174019396
2022-09-17T10:20:00.0,29.208733782986304,29.299784081809296,29.082524666934905,27.601449447136787,27.687489473342005,27.482185306406052,5202.4551539434415,5218.67239567323,5179.975669856435
2022-09-17T10:25:00.0,30.508836617672557,30.587520972385743,30.381640920735293,129.53453311649008,129.86861144530582,128.99448514862848,1350.391689963765,1353.874441537232,1344.7617141539456
2022-09-17T10:30:00.0,446.16726254122244,446.72006360574136,444.40152071320284,29.414511676154305,29.450956244664926,29.29810144622947,4841.647438189801,4847.646237480031,4822.486239877216
2022-09-17T10:35:00.0,14.877336737697052,14.8752513241756,14.795923366962441,30.441970062911242,30.437702894861733,30.275382222740635,4677.974609231222,4677.318879534765,4652.375290760233
2022-09-17T10:40:00.0,160.93695736113307,161.36211199169924,160.00698133226877,133.2195622908241,133.5714945922584,132.44975154295304,1352.2742012516273,1355.8465667783794,1344.4600694808016
2022-09-17T10:45:00.0,179.6762744791576,180.0451497931563,179.15497027755433,130.29949593052945,130.56700073946752,129.9214511670109,1366.8406247143973,1369.6467479273217,1362.8749383005895
2022-09-17T10:50:00.0,39.44491132092206,39.654393742102734,39.2680575036272,31.18379667045185,31.349406301944853,31.043982096296855,4983.886488384946,5010.354708835039,4961.540910186937
2022-09-17T10:55:00.0,6.352377138265571,6.374226583618803,6.316654156080984,144.4857477780637,144.98271661062574,143.6732233196668,1361.8422761608003,1366.5264278956613,1354.1838726512772
2022-09-17T11:00:00.0,77.76175888900946,78.08493168321989,77.5174864447422,133.11775263847065,133.6709813294599,132.69959081604102,1353.2015611540835,1358.8253785149059,1348.9507589905013
2022-09-17T11:05:00.0,218.80010561551762,219.39329414191226,217.22656867711834,89.7172453078842,89.96047755124467,89.07202898540461,5199.496190315948,5213.59253398293,5162.103158472969
2022-09-17T11:10:00.0,40.40054417819977,40.4969310889981,40.209328112159845,33.34622906545746,33.42578591479632,33.18840112356049,5055.834241922549,5067.8963627181965,5031.904942108513
2022-09-17T11:15:00.0,8.613555777706106,8.622308101913585,8.546617932342516,125.29207293986647,125.419383526957,124.31840055413238,1358.7922256836505,1360.1729086903788,1348.2327510333005
2022-09-17T11:20:00.0,91.60405562275702,91.80564062000387,91.14261891085238,132.0387354705282,132.32930151528845,131.37361732127854,1341.6744862234561,1344.6269913911897,1334.9160751557317
2022-09-17T11:25:00.0,184.8673437765091,185.4447408919184,183.9273988434675,38.51336069207341,38.633649667476256,38.317542233835155,4255.057138416955,4268.346980026806,4233.422601373503
2022-09-17T11:30:00.0,204.35655828360498,205.1347593709113,203.6331839653413,121.48335603226813,121.94597137746655,121.0533334257596,1370.1943141829868,1375.4120899865816,1365.3441474634271
2022-09-17T11:35:00.0,196.4664000420084,196.87537971273966,195.24628869939303,36.54217432313069,36.61824334266422,36.31523719105138,4928.502128394289,4938.761680038938,4897.894750503353
2022-09-17T11:40:00.0,277.9453567241205,278.13531360010177,275.23935044197464,34.33330795992953,34.35677245668903,33.9990474847001,3220.6140127429103,3222.8150848666273,3189.2589224706176
2022-09-17T11:45:00.0,108.26225980861928,108.50431317224167,107.65498214366025,124.05452113152751,124.33188292099628,123.35865961844308,1365.3703267040435,1368.4230292871334,1357.7115275502947
2022-09-17T11:50:00.0,80.40862344825322,80.71794574104393,79.96094061240021,30.09469359301436,30.210464255709706,29.927138457830146,5259.802699456431,5280.036527133752,5230.5182360799945
2022-09-17T11:55:00.0,142.23325652318468,142.94366774487472,141.80198428287352,26.049205436255725,26.179313178357578,25.97022039814695,4964.982716862437,4989.781273288523,4949.928155983011
2022-09-17T12:00:00.0,216.1373964297421,217.05788103294643,215.51204811984405,38.59323946181764,38.75760011064192,38.48157800262734,4779.089616340715,4799.442773553865,4765.2623210008205
2022-09-17T12:05:00.0,121.20801270323459,121.89574279458404,121.08853015038824,29.79136336709168,29.960398537233765,29.76199609946237,4939.015689890944,4967.0394948839485,4934.146983688976
2022-09-17T12:10:00.0,72.02878500624038,72.03745015028956,71.34615520014816,120.07021781134617,120.08466239392882,118.93229066881683,1367.912115734484,1368.0766771043366,1354.9481655271584
2022-09-17T12:15:00.0,48.07804810543909,48.06393141314228,47.67043549756809,19.998123297874244,19.992251442334464,19.828576331822394,4897.894049723037,4896.455928461319,4856.368999406829
2022-09-17T12:20:00.0,59.40134258308686,59.44419600057557,59.03241835066211,19.73115770819049,19.745392193507417,19.608613302697233,3649.2696387550022,3651.9023010578735,3626.6051005165696
2022-09-17T12:25:00.0,128.55095311156703,128.8439985734262,127.84445214293375,19.882574010477626,19.927898435873317,19.77330171449446,4123.7144047382835,4133.114846843626,4101.050953781322
2022-09-17T12:30:00.0,115.24772628473875,115.67428333852276,114.92205475142087,19.91590681235853,19.989619941521074,19.85962766379666,4568.464729250208,4585.373616896377,4555.5549829042575
2022-09-17T12:35:00.0,243.83868204986436,244.00515613111537,242.14775568798765,124.15790456183217,124.24266991947854,123.29691781397875,1308.4610508724177,1309.354366278593,1299.3873827168597
2022-09-17T12:40:00.0,48.220707839718195,48.493382251253216,48.030158301068056,40.299545073141985,40.52742755828662,40.140296898125094,4895.6979841727225,4923.3817662384,4876.352084163222
2022-09-17T12:45:00.0,194.93529213686426,195.62051983332475,194.21890393471315,37.79574645301384,37.92860434649277,37.6568468902224,4236.242122893164,4251.133169043395,4220.6739112828955
2022-09-17T12:50:00.0,61.277986414779555,61.70154815210601,61.20458117704428,118.36782456156176,119.1859989884348,118.22603109198958,1350.5710395112214,1359.9063693637079,1348.953183017657
2022-09-17T12:55:00.0,155.21970077972745,155.42708753584583,154.05944746479932,35.243430034475324,35.29051826227514,34.97998856202354,3611.1439029020657,3615.968699085395,3584.150926733594
2022-09-17T13:00:00.0,13.331947932602473,13.34806034701076,13.246650466348044,126.4033964171091,126.55616208316056,125.59467067839186,1362.353428055267,1363.9999093582503,1353.6371252206318
2022-09-17T13:05:00.0,12.86315940660736,12.877093385747413,12.784976833175826,119.10134633423368,119.23036251314545,118.37744566090548,1371.7550214369112,1373.240970980858,1363.417463430868
2022-09-17T13:10:00.0,108.72970976447556,108.77525805423414,107.79863726131425,29.723293221478322,29.735744695644527,29.46876719467418,3813.526014259172,3815.1235499122663,3780.8700895845054
2022-09-17T13:15:00.0,197.12145296235977,197.53542052043014,196.06041385532208,33.596630615454714,33.667185671367015,33.41579114612256,4865.884825793709,4876.1034926557595,4839.6933889261345
2022-09-17T13:20:00.0,12.882800630767674,12.887902800472547,12.811540815338912,31.554705682062174,31.567202767749645,31.38016424753571,5385.618836356885,5387.751784157321,5355.82886946631
2022-09-17T13:25:00.0,12.662786826137204,12.714534249035848,12.638456669651106,39.50856131511952,39.67001599792841,39.4326499464346,4391.468815864983,4409.414880746351,4383.031090034105
2022-09-17T13:30:00.0,14.18495834551981,14.239388071145303,14.14209815092719,118.28651642373217,118.74039880232742,117.92911085452896,1349.4426890982954,1354.6206948086997,1345.3653153875287
2022-09-17T13:35:00.0,56.19318730184549,56.32612498872127,55.903008574350444,114.11849795390314,114.38847105698129,113.52919590306857,1341.6574459120131,1344.8314398782418,1334.7291959037384
2022-09-17T13:40:00.0,28.259258222636877,28.333327335615284,28.14014732096237,115.82990173728037,116.13349845629064,115.34168637337723,1342.4211447955718,1345.939706487995,1336.762928584665
2022-09-17T13:45:00.0,13.207594275404542,13.274802969001154,13.173727371211871,107.28075790038011,107.82667106489684,107.00566865446837,1335.0768583679733,1341.8705839799932,1331.6534552023868
2022-09-17T13:50:00.0,13.254699525799358,13.294810671346706,13.215566294105402,108.42181974220459,108.74992400316675,108.10171469686627,1331.5173319810556,1335.546747012151,1327.5861545027951
2022-09-17T13:55:00.0,223.4482800329182,224.3888560323582,222.3751535616452,105.99927113656261,106.44546105744496,105.4902019963771,1360.5058216349137,1366.23269105964,1353.971894359652
2022-09-17T14:00:00.0,118.31851780097034,118.60784459934669,117.49971650609116,102.62641268812291,102.87736724674788,101.91620568790346,1360.3412984788185,1363.6677701072924,1350.9273095498352
2022-09-17T14:05:30.0,12.78893534569233,12.798959866123855,12.716097557792402,56.121063513722305,56.16505362960179,55.80143298855058,4228.410316151102,4231.7247269649315,4204.327932009141
2022-09-17T14:10:00.0,15.719111100426234,15.75747037959109,15.595545719319762,45.492822952583346,45.60383889263788,45.13521125496052,4351.340121542568,4361.958678113428,4317.134943081318
2022-09-17T14:15:00.0,130.9458808623856,130.73596920972943,129.8918634796771,45.13235759098381,45.060008558637016,44.769075530408685,4721.377603416177,4713.809040212663,4683.374009629512
2022-09-17T14:20:00.0,205.3280314256873,205.7016361928802,204.57351745294474,43.21977106572278,43.29841163123652,43.06095241372775,4837.849949019918,4846.652662372634,4820.072418308587
2022-09-17T14:25:00.0,580.4062315002741,582.3824826265111,578.2084028298696,44.63585498731642,44.78783760552715,44.466832057349656,3471.1738705018647,3482.9930256015814,3458.029550130204
2022-09-17T14:30:00.0,17.216086483243703,17.26206571720681,17.135514478354363,47.8235895445386,47.951312649017886,47.59977314501258,3863.649197814257,3873.9678977458916,3845.5671579522964
2022-09-17T14:35:00.0,204.62344507092024,204.93427107562187,203.5577220293891,48.23146679385734,48.30473109707165,47.98026691071959,3311.3054034745587,3316.335324794436,3294.0594106470685
2022-09-17T14:40:00.0,80.0393440316209,80.076647243926,79.52517286649655,50.27018824385975,50.29361721529082,49.94725354751649,2851.3320559510394,2852.660950463137,2833.0151551430376
2022-09-17T14:45:00.0,404.67733874023685,406.4055519138638,403.48951209878504,48.88682298320278,49.09559882362752,48.743328240116455,1905.1825775623179,1913.3188414780527,1899.590402251728
2022-09-17T14:50:00.0,14.298234080909754,14.343165484377085,14.1742408917673,46.15646920270056,46.30151333392953,45.756203842404105,1790.4333946907875,1796.0597318162681,1774.9068936348797
2022-09-17T14:55:00.0,191.22721669119872,191.26117213560607,189.35134712944912,44.75957270595998,44.76752048247951,44.32049754977228,2615.3738447178966,2615.8382460867256,2589.717976935096
2022-09-17T15:00:00.0,28.406150946243933,28.45055710471801,28.213525566333672,45.12764185972826,45.19818803192092,44.8216261248216,2781.8483965748005,2786.197144878748,2762.984362328942
2022-09-17T15:05:00.0,364.3062197712954,364.9375797661971,361.8025126081943,45.28970212261099,45.36819132907906,44.97844706995149,2613.8024787639356,2618.3323226977072,2595.8390303410097
2022-09-17T15:10:00.0,49.14411295405626,49.27053460665017,48.88353734013397,44.21091456927382,44.324645727424155,43.976496131062824,2999.071117829755,3006.7861319824606,2983.169217261203
2022-09-17T15:15:00.0,98.36535689268493,98.56219622608661,97.74938668473949,44.30670962863169,44.39537197342486,44.029258155822,3582.4047378113187,3589.5735031453896,3559.971488332015
2022-09-17T15:20:00.0,211.01237049153448,211.1406070093794,209.52518769103696,44.404909956940514,44.43189572566503,44.09195096694493,3909.28913285187,3911.6648875267174,3881.7370630513815
2022-09-17T15:25:00.0,246.90306751595568,247.7095573733141,245.64078155101598,41.429981905110985,41.565309750703086,41.21817212399861,1333.41526223051,1337.7707605054204,1326.5982089314812
2022-09-17T15:30:00.0,88.8206055882579,89.00890338131192,88.27327172440525,41.85615656972332,41.94489073062667,41.59822889911579,1369.288127165997,1372.1909888464907,1360.8502454784573
2022-09-17T15:35:00.0,187.52662629240268,188.00732593735643,186.15500463845464,41.70155270119879,41.80844910291952,41.39653600133541,3057.742945766922,3065.581064424792,3035.377767447758
2022-09-17T15:40:00.0,23.291557490305653,23.322212849677857,23.130122813495717,41.2895036897719,41.343847182019545,41.00332455870369,1882.7408305946726,1885.218814164068,1869.6914818067942
2022-09-17T15:45:00.0,229.44543245342035,230.29373150335556,228.74507367620743,45.13930526522662,45.30619300564394,45.00152214049078,1664.9577896858752,1671.1134237121025,1659.8756758724642
2022-09-17T15:50:00.0,51.36961422571718,51.66020789487649,51.21621348279203,36.263045704218285,36.46818276169701,36.154756431744616,2345.9772891874195,2359.248289145369,2338.971695229372
2022-09-17T15:55:00.0,84.23021960249933,84.42999059792467,83.82635047316627,35.035568672089966,35.118663438575744,34.867579265413106,1838.2035764347365,1842.5632915107717,1829.3897126996649
2022-09-17T16:00:00.0,14.65795158628509,14.660691031679477,14.57084961947378,35.77557049273003,35.78225663992058,35.562981268692134,1684.77002358537,1685.0848926483861,1674.7586122489913
2022-09-17T16:05:00.0,594.9545787867147,595.0893078050774,590.1143713119202,35.71816129942071,35.72624977034129,35.42757892982212,2419.0049181495256,2419.5527081315795,2399.325288638531
2022-09-17T16:10:00.0,48.0087543702517,48.06494513165586,47.81406457851508,35.00640407858355,35.047376532982746,34.864442688230746,2751.065601422501,2754.2855239729706,2739.9092113844667
2022-09-17T16:15:00.0,129.29008302338588,129.37412346563661,128.57063412724656,32.27647388450079,32.29745406392458,32.0968678933493,2423.2805167321008,2424.8556844600616,2409.7959056000664
2022-09-17T16:20:00.0,126.80564730670369,126.81175521533675,125.45039818924513,31.74133183576567,31.742860735770225,31.402092906971482,2722.1740558907013,2722.3051761583692,2693.0805252383057
2022-09-17T16:25:00.0,61.44727577094756,61.633861102402804,61.09402097399087,32.563465655069585,32.66234497813724,32.376261254160625,2837.5983457100565,2846.2147444230727,2821.2852510303996
2022-09-17T16:30:00.0,15.591636043054976,15.615581448014094,15.51607897553984,31.298178428374435,31.346245709760474,31.146507457215073,2569.427297113882,2573.373385707312,2556.9758525555835
2022-09-17T16:35:00.0,205.30949433682036,205.32866102739445,203.8336852310316,30.39962204187692,30.40246000195825,30.18110297549445,2013.700182025945,2013.8881712293792,1999.2252690436599
2022-09-17T16:40:00.0,265.2984866166404,265.61986941017346,263.62962247999735,32.24709522465523,32.28615938095252,32.04424438514364,1780.5930880078931,1782.7500998629835,1769.3922402969715
2022-09-17T16:45:00.0,127.82271872264559,127.81138628806698,126.7346741642118,31.60362754454697,31.600825647942255,31.33461312113117,1596.832014850076,1596.6904438169906,1583.2395611622428
2022-09-17T16:50:00.0,40.38840958051266,40.627203696349916,40.38960136322841,31.298788635871745,31.483840898060507,31.299712201709262,1435.2091308981585,1443.6947211705656,1435.2514811034146
2022-09-17T16:55:00.0,11.837217511572197,11.818489125679989,11.708264644731573,33.525371724220484,33.472329182912354,33.160151368042236,965.3594521897882,963.8320979507005,954.8429715413699
2022-09-17T17:00:00.0,135.33869170226532,135.49247377106883,134.42728975873106,19.952726828704176,19.975398627665697,19.818360567424698,693.3621894968245,694.1500401150759,688.6929287027954
2022-09-17T17:05:00.0,133.07826798591373,133.4589436361877,132.1463579704581,16.288754868091367,16.335349495789863,16.174689258201685,1017.2776315224086,1020.1875944318294,1010.1539198325702
2022-09-17T17:10:00.0,5.208979465913236,5.205030017224264,5.147730728709089,16.36905143751777,16.356640421278854,16.17657923901162,896.2630628583606,895.5835161253119,885.7245339273061
2022-09-17T17:15:00.0,31.557504001601856,31.501589890894223,31.248600565658666,16.440406728898964,16.41127734268795,16.27947834474657,760.4374691785649,759.090113416977,752.9938593468976
2022-09-17T17:20:00.0,91.71786671729393,91.46223090368827,90.80795885189873,23.116175920156103,23.05174657121567,22.886846662505114,725.9825005989827,723.9590439503874,718.7802268100554
2022-09-17T17:25:00.0,24.81689059567047,24.840660208493073,24.613897925741338,22.27747148481523,22.298808842524057,22.095250291610565,781.2327842726298,781.9810488763238,774.842599003274
2022-09-17T17:30:00.0,19.01689790988112,19.05842642858525,18.914991695727565,20.66023236875929,20.705349550879294,20.549519986844516,732.6395052779151,734.2394209709214,728.713495963672
2022-09-17T17:35:00.0,49.65374063798597,49.656984562662814,49.29740037240455,20.60890529510503,20.61025169389776,20.461005404948878,736.8983825327551,736.9465247838062,731.6100283833125
2022-09-17T17:40:00.0,7.009375473910471,7.016649082899936,6.940454300721036,16.12712956113011,16.143864637598295,15.968556134200965,665.7422730791013,666.4331119420153,659.1962207705615
2022-09-17T17:45:00.0,30.20086081248377,30.21712555950812,30.00527222619142,16.212108326712922,16.220839397072226,16.10711451981026,682.6284301724143,682.9960613733034,678.2075518918455
2022-09-17T17:50:00.0,8.808976910792355,8.805026758736693,8.727353164101505,16.13342483634924,16.126190229887268,15.983932949217076,677.761365272718,677.4574411646868,671.4812464171348
2022-09-17T17:55:00.0,42.450285944721394,42.576580850943394,42.175094053267756,16.112624899148294,16.16056197201697,16.008171804814523,689.42484807567,691.475973164632,684.9555229878687
2022-09-17T18:00:00.0,64.29955927566947,64.47331803130493,63.67396618253476,16.183681704359405,16.22741538505998,16.02622495644716,681.847700224828,683.6902790738684,675.2137634352823
2022-09-17T18:05:00.0,32.778426957318835,32.919592522546964,32.68562889628172,16.17910754428246,16.248785471913006,16.13330333862685,662.3304857133936,665.1829184279134,660.4553809403671
2022-09-17T18:10:00.0,59.05593837177441,59.34553308606716,58.846700217300665,16.14737127144855,16.226553712687497,16.09016032437713,401.3145821407904,403.2825227909744,399.8927044288163
2022-09-17T18:15:00.0,53.15383667318839,53.13038758529706,52.4336546515748,16.315436685765622,16.308239047123234,16.09437862276807,286.3760284644811,286.2496922095326,282.49591594524213
2022-09-17T18:20:00.0,44.841707040694494,44.88040240592521,44.41873867253083,16.25470712439149,16.26873383903743,16.101384974074094,181.593132695754,181.74983530715718,179.88025965690326
2022-09-17T18:25:00.0,29.193029772378406,29.27633944972667,28.96676461073889,16.244096521415827,16.290453150055093,16.1181941004008,106.61568867632326,106.91994344854604,105.78934703861898
2022-09-17T18:30:00.0,28.743159688527026,28.834015477008307,28.555039294959894,16.222751763589752,16.2740311260116,16.116575877584896,3.968661881064419,3.981206636349749,3.9426874842656323
2022-09-17T18:35:00.0,65.6721457300625,65.79200244734218,65.26644672942284,16.22417203368477,16.2537823955653,16.12394490836246,4.0003378891936,4.007638813536457,3.9756252341428926
2022-09-17T18:40:00.0,18.87933290112494,18.934378434557708,18.73797490049535,19.835915060234743,19.893749652767013,19.6873947015834,3.9390227935222155,3.950507606677893,3.9095295699298975
2022-09-17T18:45:00.0,45.49540751799908,45.52081762310723,45.12623746166159,22.494981564756053,22.50754546685409,22.312447237345395,0.0,0.0,0.0
2022-09-17T18:50:00.0,8.022996515928407,8.050959271142702,7.97924776249277,20.362672876132667,20.433643421366433,20.251636861947713,0.0,0.0,0.0
2022-09-17T18:55:00.0,44.49378389363792,44.63075386898645,44.11906727601039,20.766508013938825,20.830435777366272,20.591617164881807,0.0,0.0,0.0
2022-09-17T19:00:00.0,36.84607675438092,36.907547749955285,36.516708046386185,16.165417086543837,16.192386152716306,16.020913709006965,2.5842252646111277,2.5885365757138814,2.5611247607977576
2022-09-17T19:05:00.0,8.308573074028349,8.314178933370988,8.207842935166378,16.085079386934478,16.0959321160078,15.890069694437882,2.589993462697383,2.591740951576745,2.5585933174709274
2022-09-17T19:10:00.0,2.7209552820909195,2.7280979310250104,2.6992529816228106,16.0438579404925,16.085973900858193,15.91589235870438,3.935086060614873,3.9454158659010545,3.903699870397993
2022-09-17T19:15:00.0,16.401940037494132,16.396328212441592,16.2212113365227,16.075615956817426,16.07011578158478,15.898482935811996,3.9910669838994184,3.9897014643550577,3.947090457351873
2022-09-17T19:20:00.0,13.235583150483619,13.236816711236914,13.089620065302631,16.10277791249319,16.10427869675226,15.925195170775767,4.010151055960568,4.010524803373219,3.9659267846523245
2022-09-17T19:25:00.0,9.81260883516356,9.831678561249744,9.711302376143031,16.089429446332232,16.12069748295518,15.923320397021355,3.969245031691505,3.97695882287536,3.9282661069325226
2022-09-17T19:30:00.0,4.71470748229369,4.716658110684757,4.678694532134785,16.048772912626177,16.05541281387195,15.926185528109839,3.9938351857586647,3.9954875657486935,3.9633285662010853
2022-09-17T19:35:00.0,8.34442139086747,8.372832919855755,8.29368486097403,16.111953427932995,16.166812262408516,16.01398802464779,2.585677867890899,2.5944817211788394,2.5699561879452255
2022-09-17T19:40:00.0,5.572552675456406,5.580605362863086,5.534322858653029,18.4463191921486,18.472975277951512,18.31977047300981,4.198877235322801,4.204944875739014,4.170071351047671
2022-09-17T19:45:00.0,24.401566717850166,24.43596730049837,24.186493576688115,21.35242173795512,21.382523729242365,21.164223477257398,4.178359063367427,4.184249586216032,4.141531394920877
2022-09-17T19:50:00.0,5.235132484780643,5.239781276954792,5.197581781337949,20.424321212616466,20.44245798850352,20.27782107511222,4.215450744081611,4.219194059935903,4.185214042101579
2022-09-17T19:55:00.0,11.320146495594823,11.313373532348274,11.194327546117302,19.549329325133684,19.53763275485826,19.3320462643857,4.201972355413146,4.1994582709587345,4.155269095194967
2022-09-17T20:00:00.0,4.465164918621092,4.473575799717532,4.43119755918102,19.5275935738059,19.56437704555717,19.379043452587542,4.261780191828396,4.269807963950124,4.229360018717495
2022-09-17T20:05:00.0,15.23133346199907,15.29272622131734,15.168025484942616,19.477504847728284,19.556012600855766,19.396547954945824,4.836676499611412,4.856171635541685,4.816573190493349
2022-09-17T20:10:00.0,6.494068248538189,6.497115225714367,6.440627943268422,16.20196106196672,16.20956292318465,16.068633583415,4.009273081628184,4.011154208081626,3.976280392116443
2022-09-17T20:15:00.0,13.603900260604885,13.620100244161778,13.513767111002666,16.142204389408594,16.16142707118888,16.035253610935634,4.057475535590289,4.0623073143963575,4.030592579787109
2022-09-17T20:20:00.0,4.094763695758187,4.092746198302054,4.048558556660565,16.234844534545594,16.226845597370513,16.05165124045538,4.051303768540842,4.049307683869211,4.005589029410458
2022-09-17T20:25:00.0,14.895723976965979,14.91252641445679,14.76295363645195,16.203383247547535,16.22166073003698,16.058957322726233,4.054203419662583,4.058776577680231,4.018067011027857
2022-09-17T20:30:00.0,10.041945242262887,10.04827753431851,9.954441616183034,16.196249093960606,16.20646219281689,16.055118019211317,4.090500346739764,4.093079751648305,4.054856494459608
2022-09-17T20:35:00.0,11.92157947322288,11.932688139872953,11.825274357907807,16.183908655813887,16.19898901045619,16.05317151709434,4.085684603409678,4.089491691924967,4.052679553386216
2022-09-17T20:40:00.0,11.52749436408013,11.542718824349159,11.440448878604663,16.20767198120077,16.229077592024588,16.085285916070536,4.071732375860652,4.077109947588256,4.040986238826105
2022-09-17T20:45:00.0,26.713659586168955,26.77764871427458,26.538884707519948,16.28541268684471,16.324422293720552,16.17886491053158,4.10476106008366,4.114593486092886,4.077905543944241
2022-09-17T20:50:00.0,12.047044902878273,12.081720738966872,11.974589966631926,16.314423924251667,16.361382850232104,16.216303550761143,4.107706677658002,4.119530171685195,4.0830015630138865
2022-09-17T20:55:00.0,9.429957587025147,9.45227449445799,9.357501737349088,16.34294463544936,16.381621795897175,16.21737228490141,4.107368231218622,4.117088715723752,4.075808931786049
2022-09-17T21:00:00.0,66.72941666440424,67.04079909290189,66.35710059174005,22.581260099751564,22.686632032549362,22.455268198482138,4.093495690856292,4.112597350858416,4.0706560750575775
2022-09-17T21:05:00.0,47.29126046195492,47.45870825528384,47.09473414674169,20.557833115852556,20.63062381242625,20.472401787705213,4.125830181298338,4.140438824687406,4.108684641196306
2022-09-17T21:10:00.0,44.40134847579443,44.57287244103983,44.16153703090797,20.49833077446786,20.577516544631248,20.38761939993685,4.127193309703052,4.1431368020994706,4.104902360781418
2022-09-17T21:15:00.0,56.728521927973524,56.86968036167633,56.229296821715096,16.471623655815673,16.512610244515255,16.326669269726363,4.115200992322342,4.12544090880009,4.078986199783322
2022-09-17T21:20:00.0,33.89024078924359,33.889199577611244,33.56404850625852,16.10355577038707,16.10306102000467,15.94855965650325,4.15719002641549,4.1570623048498545,4.117177229989752
2022-09-17T21:25:00.0,60.15871533403816,60.33204678417169,59.66241268230702,16.045680217312622,16.09191160714538,15.913305155836262,4.182260047332585,4.194310125111249,4.147756871189362
2022-09-17T21:30:00.0,60.23794220470062,60.28647780688619,59.70489323380207,16.088729192605133,16.10169238708329,15.946359114456705,4.090905598976685,4.094201770118388,4.054704943048445
2022-09-17T21:35:00.0,128.48417022381474,128.49812082361015,127.49039709403601,16.11066944646594,16.112418716445987,15.986059929427727,4.114747065516522,4.115193837982502,4.0829211599405815
2022-09-17T21:40:00.0,82.01989731702206,82.06532933164935,81.37734041668823,16.07820886638198,16.08711482023333,15.95224962490463,4.125335946501138,4.127621030111272,4.093017409593273
2022-09-17T21:45:00.0,54.146579997540684,54.14427446486023,53.67729687899101,16.12472431824161,16.124037736025695,15.984972908011052,4.115229875753869,4.115054651446692,4.079563580491449
2022-09-17T21:50:00.0,38.39625436540487,38.44748369429536,38.10550096911139,16.115218319615014,16.136719683044397,15.993186768989062,4.114142188311455,4.1196313889314276,4.082988086593563
2022-09-17T21:55:00.0,46.30557314043754,46.26537507101849,45.920002585141624,16.125207854071334,16.11120949100716,15.990938803395728,4.154870565583818,4.15126370437694,4.120274389734829
2022-09-17T22:00:00.0,60.37930710537887,60.47016056887853,59.96594019033864,16.16288473204484,16.187205217463614,16.052230898469446,4.225332113085584,4.231690020708475,4.196404777143185
2022-09-17T22:05:00.0,113.54785045232583,113.9129510082154,112.9446454364714,21.689211968802983,21.758951231281944,21.573991456944814,4.030166956398855,4.043125512551591,4.00875733117789
2022-09-17T22:10:00.0,44.54584899511056,44.652794480167344,44.27533819487166,21.561586872132416,21.613351838311132,21.430651167666632,4.0338725387974845,4.043557042854558,4.009376292499617
2022-09-17T22:15:00.0,23.86543076745883,23.884498416475314,23.68591287351041,20.211744435931394,20.227892916663645,20.05970989569969,4.046463220827918,4.04969620418383,4.016025364397803
2022-09-17T22:20:00.0,39.24001429054234,39.30305980958973,38.99299063827264,19.75366259444905,19.785400093373813,19.629309380822402,4.062534085376026,4.069061212715067,4.036959629673503
2022-09-17T22:25:00.0,50.11737178804062,50.1754780744081,49.795221627769536,19.575533927400105,19.59822988170897,19.44970407704852,4.074315319272173,4.079039097160892,4.048125970424241
2022-09-17T22:30:00.0,62.539599538468565,62.700527626775596,62.120370365049595,19.646639355069524,19.697194461536494,19.51493968896885,4.087957234222844,4.098476443614003,4.06055394183014
2022-09-17T22:35:00.0,43.82534569429455,43.93019826517297,43.53336332824903,16.20592803831716,16.244700880638618,16.097957521767253,4.097067375955321,4.1068696499733655,4.069771038474632
2022-09-17T22:40:00.0,68.50010676141424,68.65892581596437,68.06174550772998,16.25013324016363,16.28780954345036,16.146141741223268,4.117047429258288,4.126592897304494,4.090700695539271
2022-09-17T22:45:00.0,50.61417645273234,50.720310622443726,50.28557666073331,16.199645913719326,16.233615368310314,16.09447379296622,4.107230736036581,4.115843293911339,4.080565575005779
2022-09-17T22:52:30.0,157.9536473638417,158.30840269618005,156.98799005190878,16.20559946090572,16.241996359099865,16.1065257397549,4.107232004748538,4.116456625256851,4.082122241958101
2022-09-17T22:55:00.0,128.01429699700145,128.22311525539922,127.15246282444551,16.241978352138773,16.268472436877666,16.13263203456211,4.114608601341848,4.12132039387031,4.086907708687552
2022-09-17T23:00:00.0,43.7017266441926,43.790502567050886,43.440756071545664,16.300056277394283,16.33316829949925,16.20271836085102,4.0937735822983505,4.102089696000227,4.069327078279012
2022-09-17T23:05:00.0,53.819561160748904,53.96556670745563,53.516660057968394,16.27958130408403,16.323745714146018,16.187958425274527,4.139265218220926,4.150494512331025,4.115969078819951
2022-09-17T23:10:00.0,51.02503438256675,51.12699904146867,50.69174161415756,16.344460750288107,16.377122313097523,16.23769961553265,4.127790556788961,4.136039228470117,4.100828051839516
2022-09-17T23:15:00.0,45.33299410172407,45.43229510936598,45.050525145622764,22.650047923791487,22.69966239613194,22.508915939914107,4.154161676638502,4.163261283857737,4.128277180466839
2022-09-17T23:20:00.0,28.24476433868727,28.30360630352053,28.051871705411298,21.569954245196215,21.614890661515055,21.422646049450385,3.986593775181014,3.9948989962092663,3.959368036567115
2022-09-17T23:25:00.0,24.170026751726084,24.224215821340664,24.015393861136616,20.57152938947509,20.617650647412255,20.439918651679207,3.9889592620161616,3.997902487166861,3.9634390461113465
2022-09-17T23:30:00.0,33.309224995134024,33.36816098152911,33.08574601890785,19.7894994296286,19.824514164114934,19.656727289982364,3.991902266236994,3.9989653755614474,3.965119708798809
2022-09-17T23:35:00.0,16.269878156577565,16.311579338696482,16.17210717301839,16.09686430473396,16.138122036565456,16.000133017618804,3.9890428592840763,3.999267140077963,3.9650714047926217
2022-09-17T23:40:00.0,88.27531178940684,88.4549179789822,87.66079660864104,16.129559153116897,16.16237658077926,16.01727567591665,3.9889880191436466,3.9971040702099883,3.9612192846700194
2022-09-17T23:45:00.0,65.37477723651078,65.44805488631567,64.93508051068245,16.125525558021423,16.143600428249822,16.017068732777158,3.9947625173827466,3.9992401893714935,3.9678946017491623
2022-09-17T23:50:00.0,52.970591386361214,53.0386913353815,52.651393031609864,16.07712907952896,16.097798127052382,15.980249036905308,3.99279825308318,3.997931466633695,3.968737833898086
2022-09-17T23:55:00.0,63.431167183679904,63.49105301591283,63.00738859351016,16.06676674397121,16.081935496817408,15.959425951397904,3.974483610433557,3.9782359496900264,3.9479304010908227
