Timestamp;Voltage Yb [V];QoS
08/12/2022 12:00:00 AM;11428.691;0
08/12/2022 12:00:30 AM;11417.168;0
08/12/2022 12:01:00 AM;11414.957;0
08/12/2022 12:01:30 AM;11405.399;0
08/12/2022 12:02:00 AM;11415.266;0
08/12/2022 12:02:30 AM;11415.023;0
08/12/2022 12:03:00 AM;11428.8;0
08/12/2022 12:03:30 AM;11439.153;0
08/12/2022 12:04:00 AM;11436.333;0
08/12/2022 12:04:30 AM;11431.255;0
08/12/2022 12:05:00 AM;11422.472;0
08/12/2022 12:05:30 AM;11421.096;0
08/12/2022 12:06:00 AM;11429.554;0
08/12/2022 12:06:30 AM;11421.633;0
08/12/2022 12:07:00 AM;11429.722;0
08/12/2022 12:07:30 AM;11422.742;0
08/12/2022 12:08:00 AM;11432.954;0
08/12/2022 12:08:30 AM;11432.032;0
08/12/2022 12:09:00 AM;11421.382;0
08/12/2022 12:09:30 AM;11421.295;0
08/12/2022 12:10:00 AM;11413.938;0
08/12/2022 12:10:30 AM;11419.781;0
08/12/2022 12:11:00 AM;11408.326;0
08/12/2022 12:11:30 AM;11412.833;0
08/12/2022 12:12:00 AM;11407.904;0
08/12/2022 12:12:30 AM;11404.184;0
08/12/2022 12:13:00 AM;11420.94;0
08/12/2022 12:13:30 AM;11426.204;0
08/12/2022 12:14:00 AM;11417.784;0
08/12/2022 12:14:30 AM;11412.78;0
08/12/2022 12:15:00 AM;11395.674;0
08/12/2022 12:15:30 AM;11408.505;0
08/12/2022 12:16:00 AM;11402.604;0
08/12/2022 12:16:30 AM;11415.423;0
08/12/2022 12:17:00 AM;11408.993;0
08/12/2022 12:17:30 AM;11401.076;0
08/12/2022 12:18:00 AM;11408.356;0
08/12/2022 12:18:30 AM;11402.712;0
08/12/2022 12:19:00 AM;11406.243;0
08/12/2022 12:19:30 AM;11392.365;0
08/12/2022 12:20:00 AM;11382.695;0
08/12/2022 12:20:30 AM;11406.349;0
08/12/2022 12:21:00 AM;11411.11;0
08/12/2022 12:21:30 AM;11410.116;0
08/12/2022 12:22:00 AM;11402.878;0
08/12/2022 12:22:30 AM;11408.933;0
08/12/2022 12:23:00 AM;11429.586;0
08/12/2022 12:23:30 AM;11422.65;0
08/12/2022 12:24:00 AM;11431.889;0
08/12/2022 12:24:30 AM;11427.355;0
08/12/2022 12:25:00 AM;11435.374;0
08/12/2022 12:25:30 AM;11432.467;0
08/12/2022 12:26:00 AM;11435.936;0
08/12/2022 12:26:30 AM;11440.008;0
08/12/2022 12:27:00 AM;11440.432;0
08/12/2022 12:27:30 AM;11449.162;0
08/12/2022 12:28:00 AM;11445.931;0
08/12/2022 12:28:30 AM;11446.642;0
08/12/2022 12:29:00 AM;11446.654;0
08/12/2022 12:29:30 AM;11456.38;0
08/12/2022 12:30:00 AM;11446.549;0
08/12/2022 12:30:30 AM;11442.405;0
08/12/2022 12:31:00 AM;11430.902;0
08/12/2022 12:31:30 AM;11426.111;0
08/12/2022 12:32:00 AM;11430.883;0
08/12/2022 12:32:30 AM;11429.355;0
08/12/2022 12:33:00 AM;11429.197;0
08/12/2022 12:33:30 AM;11446.082;0
08/12/2022 12:34:00 AM;11458.852;0
08/12/2022 12:34:30 AM;11454.491;0
08/12/2022 12:35:00 AM;11446.789;0
08/12/2022 12:35:30 AM;11444.784;0
08/12/2022 12:36:00 AM;11436.598;0
08/12/2022 12:36:30 AM;11431.194;0
08/12/2022 12:37:00 AM;11438.991;0
08/12/2022 12:37:30 AM;11431.632;0
08/12/2022 12:38:00 AM;11434.75;0
08/12/2022 12:38:30 AM;11434.499;0
08/12/2022 12:39:00 AM;11446.032;0
08/12/2022 12:39:30 AM;11443.12;0
08/12/2022 12:40:00 AM;11433.876;0
08/12/2022 12:40:30 AM;11441.983;0
08/12/2022 12:41:00 AM;11442.613;0
08/12/2022 12:41:30 AM;11446.64;0
08/12/2022 12:42:00 AM;11438.011;0
08/12/2022 12:42:30 AM;11433.986;0
08/12/2022 12:43:00 AM;11449.788;0
08/12/2022 12:43:30 AM;11440.696;0
08/12/2022 12:44:00 AM;11460.134;0
08/12/2022 12:44:30 AM;11466.535;0
08/12/2022 12:45:00 AM;11459.89;0
08/12/2022 12:45:30 AM;11461.168;0
08/12/2022 12:46:00 AM;11450.441;0
08/12/2022 12:46:30 AM;11456.465;0
08/12/2022 12:47:00 AM;11454.862;0
08/12/2022 12:47:30 AM;11457.365;0
08/12/2022 12:48:00 AM;11463.481;0
08/12/2022 12:48:30 AM;11462.224;0
08/12/2022 12:49:00 AM;11459.46;0
08/12/2022 12:49:30 AM;11460.379;0
08/12/2022 12:50:00 AM;11461.738;0
08/12/2022 12:50:30 AM;11461.557;0
08/12/2022 12:51:00 AM;11463.29;0
08/12/2022 12:51:30 AM;11465.473;0
08/12/2022 12:52:00 AM;11465.35;0
08/12/2022 12:52:30 AM;11471.884;0
08/12/2022 12:53:00 AM;11469.398;0
08/12/2022 12:53:30 AM;11472.547;0
08/12/2022 12:54:00 AM;11474.986;0
08/12/2022 12:54:30 AM;11475.648;0
08/12/2022 12:55:00 AM;11477.074;0
08/12/2022 12:55:30 AM;11479.436;0
08/12/2022 12:56:00 AM;11475.151;0
08/12/2022 12:56:30 AM;11480.347;0
08/12/2022 12:57:00 AM;11384.1;0
08/12/2022 12:57:30 AM;11332.755;0
08/12/2022 12:58:00 AM;11286.759;0
08/12/2022 12:58:30 AM;11287.139;0
08/12/2022 12:59:00 AM;11275.136;0
08/12/2022 12:59:30 AM;11265.816;0
08/12/2022 01:00:00 AM;11258.779;0
08/12/2022 01:00:30 AM;11250.587;0
08/12/2022 01:01:00 AM;11241.948;0
08/12/2022 01:01:30 AM;11244.477;0
08/12/2022 01:02:00 AM;11243.326;0
08/12/2022 01:02:30 AM;11418.356;0
08/12/2022 01:03:00 AM;11413.451;0
08/12/2022 01:03:30 AM;11419.794;0
08/12/2022 01:04:00 AM;11423.079;0
08/12/2022 01:04:30 AM;11419.977;0
08/12/2022 01:05:00 AM;11417.249;0
08/12/2022 01:05:30 AM;11418.541;0
08/12/2022 01:06:00 AM;11411.507;0
08/12/2022 01:06:30 AM;11421.478;0
08/12/2022 01:07:00 AM;11421.724;0
08/12/2022 01:07:30 AM;11423.917;0
08/12/2022 01:08:00 AM;11423.458;0
08/12/2022 01:08:30 AM;11423.687;0
08/12/2022 01:09:00 AM;11421.864;0
08/12/2022 01:09:30 AM;11426.871;0
08/12/2022 01:10:00 AM;11423.53;0
08/12/2022 01:10:30 AM;11427.097;0
08/12/2022 01:11:00 AM;11429.492;0
08/12/2022 01:11:30 AM;11432.526;0
08/12/2022 01:12:00 AM;11440.393;0
08/12/2022 01:12:30 AM;11435.176;0
08/12/2022 01:13:00 AM;11435.915;0
08/12/2022 01:13:30 AM;11429.874;0
08/12/2022 01:14:00 AM;11430.187;0
08/12/2022 01:14:30 AM;11436.591;0
08/12/2022 01:15:00 AM;11432.526;0
08/12/2022 01:15:30 AM;11429.601;0
08/12/2022 01:16:00 AM;11433.384;0
08/12/2022 01:16:30 AM;11436.311;0
08/12/2022 01:17:00 AM;11432.704;0
08/12/2022 01:17:30 AM;11427.86;0
08/12/2022 01:18:00 AM;11433.447;0
08/12/2022 01:18:30 AM;11437.473;0
08/12/2022 01:19:00 AM;11438.601;0
08/12/2022 01:19:30 AM;11431.171;0
08/12/2022 01:20:00 AM;11433.003;0
08/12/2022 01:20:30 AM;11435.741;0
08/12/2022 01:21:00 AM;11439.445;0
08/12/2022 01:21:30 AM;11436.627;0
08/12/2022 01:22:00 AM;11439.138;0
08/12/2022 01:22:30 AM;11438.619;0
08/12/2022 01:23:00 AM;11433.755;0
08/12/2022 01:23:30 AM;11434.92;0
08/12/2022 01:24:00 AM;11439.385;0
08/12/2022 01:24:30 AM;11437.21;0
08/12/2022 01:25:00 AM;11446.782;0
08/12/2022 01:25:30 AM;11428.995;0
08/12/2022 01:26:00 AM;11442.779;0
08/12/2022 01:26:30 AM;11444.906;0
08/12/2022 01:27:00 AM;11436.688;0
08/12/2022 01:27:30 AM;11437.938;0
08/12/2022 01:28:00 AM;11429.844;0
08/12/2022 01:28:30 AM;11433.621;0
08/12/2022 01:29:00 AM;11439.025;0
08/12/2022 01:29:30 AM;11437.893;0
08/12/2022 01:30:00 AM;11435.282;0
08/12/2022 01:30:30 AM;11428.627;0
08/12/2022 01:31:00 AM;11424.814;0
08/12/2022 01:31:30 AM;11432.812;0
08/12/2022 01:32:00 AM;11427.501;0
08/12/2022 01:32:30 AM;11415.334;0
08/12/2022 01:33:00 AM;11418.718;0
08/12/2022 01:33:30 AM;11419.605;0
08/12/2022 01:34:00 AM;11424.752;0
08/12/2022 01:34:30 AM;11422.457;0
08/12/2022 01:35:00 AM;11417.074;0
08/12/2022 01:35:30 AM;11431.267;0
08/12/2022 01:36:00 AM;11426.752;0
08/12/2022 01:36:30 AM;11435.661;0
08/12/2022 01:37:00 AM;11435.444;0
08/12/2022 01:37:30 AM;11428.67;0
08/12/2022 01:38:00 AM;11437.092;0
08/12/2022 01:38:30 AM;11431.784;0
08/12/2022 01:39:00 AM;11427.235;0
08/12/2022 01:39:30 AM;11426.875;0
08/12/2022 01:40:00 AM;11422.16;0
08/12/2022 01:40:30 AM;11429.726;0
08/12/2022 01:41:00 AM;11427.935;0
08/12/2022 01:41:30 AM;11425.906;0
08/12/2022 01:42:00 AM;11429.464;0
08/12/2022 01:42:30 AM;11430.459;0
08/12/2022 01:43:00 AM;11428.585;0
08/12/2022 01:43:30 AM;11433.607;0
08/12/2022 01:44:00 AM;11432.354;0
08/12/2022 01:44:30 AM;11435.143;0
08/12/2022 01:45:00 AM;11440.135;0
08/12/2022 01:45:30 AM;11429.097;0
08/12/2022 01:46:00 AM;11427.348;0
08/12/2022 01:46:30 AM;11431.313;0
08/12/2022 01:47:00 AM;11435.283;0
08/12/2022 01:47:30 AM;11441.349;0
08/12/2022 01:48:00 AM;11438.725;0
08/12/2022 01:48:30 AM;11424.922;0
08/12/2022 01:49:00 AM;11428.879;0
08/12/2022 01:49:30 AM;11422.917;0
08/12/2022 01:50:00 AM;11413.664;0
08/12/2022 01:50:30 AM;11405.764;0
08/12/2022 01:51:00 AM;11447.879;0
08/12/2022 01:51:30 AM;11447.49;0
08/12/2022 01:52:00 AM;11428.467;0
08/12/2022 01:52:30 AM;11422.271;0
08/12/2022 01:53:00 AM;11415.482;0
08/12/2022 01:53:30 AM;11413.232;0
08/12/2022 01:54:00 AM;11408.863;0
08/12/2022 01:54:30 AM;11421.545;0
08/12/2022 01:55:00 AM;11421.573;0
08/12/2022 01:55:30 AM;11418.825;0
08/12/2022 01:56:00 AM;11418.483;0
08/12/2022 01:56:30 AM;11424.633;0
08/12/2022 01:57:00 AM;11425.52;0
08/12/2022 01:57:30 AM;11460.953;0
08/12/2022 01:58:00 AM;11470.503;0
08/12/2022 01:58:30 AM;11480.652;0
08/12/2022 01:59:00 AM;11484.936;0
08/12/2022 01:59:30 AM;11499.695;0
08/12/2022 02:00:00 AM;11498.045;0
08/12/2022 02:00:30 AM;11500.995;0
08/12/2022 02:01:00 AM;11521.533;0
08/12/2022 02:01:30 AM;11521.647;0
08/12/2022 02:02:00 AM;11510.025;0
08/12/2022 02:02:30 AM;11518.605;0
08/12/2022 02:03:00 AM;11514.931;0
08/12/2022 02:03:30 AM;11501.638;0
08/12/2022 02:04:00 AM;11501.181;0
08/12/2022 02:04:30 AM;11498.813;0
08/12/2022 02:05:00 AM;11490.557;0
08/12/2022 02:05:30 AM;11496.751;0
08/12/2022 02:06:00 AM;11499.896;0
08/12/2022 02:06:30 AM;11500.155;0
08/12/2022 02:07:00 AM;11499.119;0
08/12/2022 02:07:30 AM;11504.235;0
08/12/2022 02:08:00 AM;11502.028;0
08/12/2022 02:08:30 AM;11502.042;0
08/12/2022 02:09:00 AM;11504.442;0
08/12/2022 02:09:30 AM;11513.034;0
08/12/2022 02:10:00 AM;11509.025;0
08/12/2022 02:10:30 AM;11506.427;0
08/12/2022 02:11:00 AM;11505.317;0
08/12/2022 02:11:30 AM;11503.611;0
08/12/2022 02:12:00 AM;11511.038;0
08/12/2022 02:12:30 AM;11513.295;0
08/12/2022 02:13:00 AM;11510.922;0
08/12/2022 02:13:30 AM;11509.59;0
08/12/2022 02:14:00 AM;11504.325;0
08/12/2022 02:14:30 AM;11501.764;0
08/12/2022 02:15:00 AM;11496.881;0
08/12/2022 02:15:30 AM;11487.171;0
08/12/2022 02:16:00 AM;11480.526;0
08/12/2022 02:16:30 AM;11486.876;0
08/12/2022 02:17:00 AM;11488.875;0
08/12/2022 02:17:30 AM;11478.769;0
08/12/2022 02:18:00 AM;11484.473;0
08/12/2022 02:18:30 AM;11478.646;0
08/12/2022 02:19:00 AM;11481.716;0
08/12/2022 02:19:30 AM;11482.847;0
08/12/2022 02:20:00 AM;11479.146;0
08/12/2022 02:20:30 AM;11473.709;0
08/12/2022 02:21:00 AM;11477.419;0
08/12/2022 02:21:30 AM;11488.553;0
08/12/2022 02:22:00 AM;11491.09;0
08/12/2022 02:22:30 AM;11500.498;0
08/12/2022 02:23:00 AM;11493.606;0
08/12/2022 02:23:30 AM;11496.036;0
08/12/2022 02:24:00 AM;11508.616;0
08/12/2022 02:24:30 AM;11509.381;0
08/12/2022 02:25:00 AM;11504.703;0
08/12/2022 02:25:30 AM;11502.598;0
08/12/2022 02:26:00 AM;11507.853;0
08/12/2022 02:26:30 AM;11483.891;0
08/12/2022 02:27:00 AM;11483.707;0
08/12/2022 02:27:30 AM;11484.014;0
08/12/2022 02:28:00 AM;11485.328;0
08/12/2022 02:28:30 AM;11487.946;0
08/12/2022 02:29:00 AM;11483.927;0
08/12/2022 02:29:30 AM;11484.98;0
08/12/2022 02:30:00 AM;11489.024;0
08/12/2022 02:30:30 AM;11475.595;0
08/12/2022 02:31:00 AM;11476.555;0
08/12/2022 02:31:30 AM;11479.248;0
08/12/2022 02:32:00 AM;11489.639;0
08/12/2022 02:32:30 AM;11494.513;0
08/12/2022 02:33:00 AM;11486.479;0
08/12/2022 02:33:30 AM;11492.754;0
08/12/2022 02:34:00 AM;11502.735;0
08/12/2022 02:34:30 AM;11502.617;0
08/12/2022 02:35:00 AM;11505.466;0
08/12/2022 02:35:30 AM;11503.099;0
08/12/2022 02:36:00 AM;11505.639;0
08/12/2022 02:36:30 AM;11507.232;0
08/12/2022 02:37:00 AM;11508.373;0
08/12/2022 02:37:30 AM;11509.562;0
08/12/2022 02:38:00 AM;11504.688;0
08/12/2022 02:38:30 AM;11507.151;0
08/12/2022 02:39:00 AM;11491.925;0
08/12/2022 02:39:30 AM;11495.723;0
08/12/2022 02:40:00 AM;11500.449;0
08/12/2022 02:40:30 AM;11504.835;0
08/12/2022 02:41:00 AM;11509.195;0
08/12/2022 02:41:30 AM;11511.539;0
08/12/2022 02:42:00 AM;11510.401;0
08/12/2022 02:42:30 AM;11513.363;0
08/12/2022 02:43:00 AM;11505.539;0
08/12/2022 02:43:30 AM;11518.738;0
08/12/2022 02:44:00 AM;11515.818;0
08/12/2022 02:44:30 AM;11519.404;0
08/12/2022 02:45:00 AM;11519.146;0
08/12/2022 02:45:30 AM;11521.278;0
08/12/2022 02:46:00 AM;11521.363;0
08/12/2022 02:46:30 AM;11519.447;0
08/12/2022 02:47:00 AM;11504.561;0
08/12/2022 02:47:30 AM;11511.49;0
08/12/2022 02:48:00 AM;11508.441;0
08/12/2022 02:48:30 AM;11504.147;0
08/12/2022 02:49:00 AM;11508.581;0
08/12/2022 02:49:30 AM;11524.391;0
08/12/2022 02:50:00 AM;11526.488;0
08/12/2022 02:50:30 AM;11516.728;0
08/12/2022 02:51:00 AM;11519.562;0
08/12/2022 02:51:30 AM;11519.052;0
08/12/2022 02:52:00 AM;11521.627;0
08/12/2022 02:52:30 AM;11521.331;0
08/12/2022 02:53:00 AM;11517.239;0
08/12/2022 02:53:30 AM;11518.231;0
08/12/2022 02:54:00 AM;11524.421;0
08/12/2022 02:54:30 AM;11538.971;0
08/12/2022 02:55:00 AM;11533.365;0
08/12/2022 02:55:30 AM;11534.909;0
08/12/2022 02:56:00 AM;11530.228;0
08/12/2022 02:56:30 AM;11529.606;0
08/12/2022 02:57:00 AM;11536.016;0
08/12/2022 02:57:30 AM;11538.132;0
08/12/2022 02:58:00 AM;11522.01;0
08/12/2022 02:58:30 AM;11498.657;0
08/12/2022 02:59:00 AM;11471.643;0
08/12/2022 02:59:30 AM;11467.047;0
08/12/2022 03:00:00 AM;11464.043;0
08/12/2022 03:00:30 AM;11463.525;0
08/12/2022 03:01:00 AM;11462.041;0
08/12/2022 03:01:30 AM;11455.652;0
08/12/2022 03:02:00 AM;11451.316;0
08/12/2022 03:02:30 AM;11448.575;0
08/12/2022 03:03:00 AM;11431.994;0
08/12/2022 03:03:30 AM;11451.551;0
08/12/2022 03:04:00 AM;11456.688;0
08/12/2022 03:04:30 AM;11455.36;0
08/12/2022 03:05:00 AM;11454.105;0
08/12/2022 03:05:30 AM;11455.668;0
08/12/2022 03:06:00 AM;11447.582;0
08/12/2022 03:06:30 AM;11454.965;0
08/12/2022 03:07:00 AM;11461.707;0
08/12/2022 03:07:30 AM;11461.275;0
08/12/2022 03:08:00 AM;11452.046;0
08/12/2022 03:08:30 AM;11447.765;0
08/12/2022 03:09:00 AM;11454.341;0
08/12/2022 03:09:30 AM;11459.244;0
08/12/2022 03:10:00 AM;11455.902;0
08/12/2022 03:10:30 AM;11457.821;0
08/12/2022 03:11:00 AM;11453.142;0
08/12/2022 03:11:30 AM;11450.695;0
08/12/2022 03:12:00 AM;11440.511;0
08/12/2022 03:12:30 AM;11440.766;0
08/12/2022 03:13:00 AM;11428.814;0
08/12/2022 03:13:30 AM;11433.968;0
08/12/2022 03:14:00 AM;11434.323;0
08/12/2022 03:14:30 AM;11439.598;0
08/12/2022 03:15:00 AM;11440.63;0
08/12/2022 03:15:30 AM;11449.91;0
08/12/2022 03:16:00 AM;11447.344;0
08/12/2022 03:16:30 AM;11451.756;0
08/12/2022 03:17:00 AM;11449.707;0
08/12/2022 03:17:30 AM;11450.916;0
08/12/2022 03:18:00 AM;11447.313;0
08/12/2022 03:18:30 AM;11449.819;0
08/12/2022 03:19:00 AM;11451.86;0
08/12/2022 03:19:30 AM;11459.417;0
08/12/2022 03:20:00 AM;11456.894;0
08/12/2022 03:20:30 AM;11470.266;0
08/12/2022 03:21:00 AM;11465.048;0
08/12/2022 03:21:30 AM;11463.54;0
08/12/2022 03:22:00 AM;11466.75;0
08/12/2022 03:22:30 AM;11468.706;0
08/12/2022 03:23:00 AM;11462.063;0
08/12/2022 03:23:30 AM;11464.36;0
08/12/2022 03:24:00 AM;11463.932;0
08/12/2022 03:24:30 AM;11464.147;0
08/12/2022 03:25:00 AM;11464.587;0
08/12/2022 03:25:30 AM;11465.181;0
08/12/2022 03:26:00 AM;11458.237;0
08/12/2022 03:26:30 AM;11466.366;0
08/12/2022 03:27:00 AM;11471.531;0
08/12/2022 03:27:30 AM;11475.576;0
08/12/2022 03:28:00 AM;11467.521;0
08/12/2022 03:28:30 AM;11466.802;0
08/12/2022 03:29:00 AM;11459.679;0
08/12/2022 03:29:30 AM;11457.271;0
08/12/2022 03:30:00 AM;11469.408;0
08/12/2022 03:30:30 AM;11475.328;0
08/12/2022 03:31:00 AM;11467.635;0
08/12/2022 03:31:30 AM;11467.815;0
08/12/2022 03:32:00 AM;11461.25;0
08/12/2022 03:32:30 AM;11459.238;0
08/12/2022 03:33:00 AM;11452.437;0
08/12/2022 03:33:30 AM;11468.702;0
08/12/2022 03:34:00 AM;11465.889;0
08/12/2022 03:34:30 AM;11467.346;0
08/12/2022 03:35:00 AM;11463.001;0
08/12/2022 03:35:30 AM;11459.813;0
08/12/2022 03:36:00 AM;11456.674;0
08/12/2022 03:36:30 AM;11458.622;0
08/12/2022 03:37:00 AM;11454.801;0
08/12/2022 03:37:30 AM;11458.083;0
08/12/2022 03:38:00 AM;11456.701;0
08/12/2022 03:38:30 AM;11453.103;0
08/12/2022 03:39:00 AM;11451.288;0
08/12/2022 03:39:30 AM;11451.303;0
08/12/2022 03:40:00 AM;11454.075;0
08/12/2022 03:40:30 AM;11450.217;0
08/12/2022 03:41:00 AM;11445.774;0
08/12/2022 03:41:30 AM;11444.452;0
08/12/2022 03:42:00 AM;11455.13;0
08/12/2022 03:42:30 AM;11454.172;0
08/12/2022 03:43:00 AM;11457.347;0
08/12/2022 03:43:30 AM;11458.05;0
08/12/2022 03:44:00 AM;11463.033;0
08/12/2022 03:44:30 AM;11454.689;0
08/12/2022 03:45:00 AM;11457.163;0
08/12/2022 03:45:30 AM;11463.801;0
08/12/2022 03:46:00 AM;11464.992;0
08/12/2022 03:46:30 AM;11475.84;0
08/12/2022 03:47:00 AM;11481.019;0
08/12/2022 03:47:30 AM;11478.391;0
08/12/2022 03:48:00 AM;11477.029;0
08/12/2022 03:48:30 AM;11478.702;0
08/12/2022 03:49:00 AM;11474.497;0
08/12/2022 03:49:30 AM;11474.771;0
08/12/2022 03:50:00 AM;11475.82;0
08/12/2022 03:50:30 AM;11478.238;0
08/12/2022 03:51:00 AM;11465.157;0
08/12/2022 03:51:30 AM;11466.988;0
08/12/2022 03:52:00 AM;11472.875;0
08/12/2022 03:52:30 AM;11474.546;0
08/12/2022 03:53:00 AM;11475.063;0
08/12/2022 03:53:30 AM;11472.682;0
08/12/2022 03:54:00 AM;11474.51;0
08/12/2022 03:54:30 AM;11468.222;0
08/12/2022 03:55:00 AM;11475.068;0
08/12/2022 03:55:30 AM;11475.53;0
08/12/2022 03:56:00 AM;11470.418;0
08/12/2022 03:56:30 AM;11470.088;0
08/12/2022 03:57:00 AM;11467.806;0
08/12/2022 03:57:30 AM;11476.607;0
08/12/2022 03:58:00 AM;11472.57;0
08/12/2022 03:58:30 AM;11464.02;0
08/12/2022 03:59:00 AM;11460.341;0
08/12/2022 03:59:30 AM;11456.332;0
08/12/2022 04:00:00 AM;11459.234;0
08/12/2022 04:00:30 AM;11462.125;0
08/12/2022 04:01:00 AM;11457.905;0
08/12/2022 04:01:30 AM;11449.564;0
08/12/2022 04:02:00 AM;11460.768;0
08/12/2022 04:02:30 AM;11463.612;0
08/12/2022 04:03:00 AM;11461.952;0
08/12/2022 04:03:30 AM;11461.917;0
08/12/2022 04:04:00 AM;11457.238;0
08/12/2022 04:04:30 AM;11458.422;0
08/12/2022 04:05:00 AM;11454.777;0
08/12/2022 04:05:30 AM;11451.62;0
08/12/2022 04:06:00 AM;11452.683;0
08/12/2022 04:06:30 AM;11449.637;0
08/12/2022 04:07:00 AM;11445.745;0
08/12/2022 04:07:30 AM;11449.162;0
08/12/2022 04:08:00 AM;11450.93;0
08/12/2022 04:08:30 AM;11446.511;0
08/12/2022 04:09:00 AM;11451.212;0
08/12/2022 04:09:30 AM;11454.766;0
08/12/2022 04:10:00 AM;11461.262;0
08/12/2022 04:10:30 AM;11468.762;0
08/12/2022 04:11:00 AM;11480.004;0
08/12/2022 04:11:30 AM;11471.931;0
08/12/2022 04:12:00 AM;11467.297;0
08/12/2022 04:12:30 AM;11468.682;0
08/12/2022 04:13:00 AM;11469.571;0
08/12/2022 04:13:30 AM;11462.146;0
08/12/2022 04:14:00 AM;11460.351;0
08/12/2022 04:14:30 AM;11460.878;0
08/12/2022 04:15:00 AM;11468.887;0
08/12/2022 04:15:30 AM;11471.877;0
08/12/2022 04:16:00 AM;11463.057;0
08/12/2022 04:16:30 AM;11460.059;0
08/12/2022 04:17:00 AM;11465.443;0
08/12/2022 04:17:30 AM;11460.091;0
08/12/2022 04:18:00 AM;11461.623;0
08/12/2022 04:18:30 AM;11469.683;0
08/12/2022 04:19:00 AM;11467.807;0
08/12/2022 04:19:30 AM;11460.498;0
08/12/2022 04:20:00 AM;11458.337;0
08/12/2022 04:20:30 AM;11458.177;0
08/12/2022 04:21:00 AM;11459.056;0
08/12/2022 04:21:30 AM;11454.982;0
08/12/2022 04:22:00 AM;11452.516;0
08/12/2022 04:22:30 AM;11461.519;0
08/12/2022 04:23:00 AM;11463.625;0
08/12/2022 04:23:30 AM;11463.301;0
08/12/2022 04:24:00 AM;11462.611;0
08/12/2022 04:24:30 AM;11464.091;0
08/12/2022 04:25:00 AM;11469.281;0
08/12/2022 04:25:30 AM;11466.224;0
08/12/2022 04:26:00 AM;11472.269;0
08/12/2022 04:26:30 AM;11472.063;0
08/12/2022 04:27:00 AM;11471.668;0
08/12/2022 04:27:30 AM;11468.199;0
08/12/2022 04:28:00 AM;11465.239;0
08/12/2022 04:28:30 AM;11463.928;0
08/12/2022 04:29:00 AM;11458.462;0
08/12/2022 04:29:30 AM;11457.013;0
08/12/2022 04:30:00 AM;11448.451;0
08/12/2022 04:30:30 AM;11465.292;0
08/12/2022 04:31:00 AM;11461.198;0
08/12/2022 04:31:30 AM;11462.495;0
08/12/2022 04:32:00 AM;11466.564;0
08/12/2022 04:32:30 AM;11468.129;0
08/12/2022 04:33:00 AM;11472.232;0
08/12/2022 04:33:30 AM;11476.718;0
08/12/2022 04:34:00 AM;11477.398;0
08/12/2022 04:34:30 AM;11481.418;0
08/12/2022 04:35:00 AM;11484.563;0
08/12/2022 04:35:30 AM;11480.159;0
08/12/2022 04:36:00 AM;11470.115;0
08/12/2022 04:36:30 AM;11471.307;0
08/12/2022 04:37:00 AM;11470.787;0
08/12/2022 04:37:30 AM;11479.577;0
08/12/2022 04:38:00 AM;11473.816;0
08/12/2022 04:38:30 AM;11474.58;0
08/12/2022 04:39:00 AM;11469.68;0
08/12/2022 04:39:30 AM;11472.405;0
08/12/2022 04:40:00 AM;11470.253;0
08/12/2022 04:40:30 AM;11470.155;0
08/12/2022 04:41:00 AM;11468.19;0
08/12/2022 04:41:30 AM;11468.326;0
08/12/2022 04:42:00 AM;11463.208;0
08/12/2022 04:42:30 AM;11461.861;0
08/12/2022 04:43:00 AM;11463.726;0
08/12/2022 04:43:30 AM;11466.191;0
08/12/2022 04:44:00 AM;11459.477;0
08/12/2022 04:44:30 AM;11455.297;0
08/12/2022 04:45:00 AM;11452.798;0
08/12/2022 04:45:30 AM;11451.535;0
08/12/2022 04:46:00 AM;11448.93;0
08/12/2022 04:46:30 AM;11456.691;0
08/12/2022 04:47:00 AM;11452.837;0
08/12/2022 04:47:30 AM;11453.711;0
08/12/2022 04:48:00 AM;11455.065;0
08/12/2022 04:48:30 AM;11460.921;0
08/12/2022 04:49:00 AM;11452.317;0
08/12/2022 04:49:30 AM;11451.713;0
08/12/2022 04:50:00 AM;11452.518;0
08/12/2022 04:50:30 AM;11456.685;0
08/12/2022 04:51:00 AM;11454.236;0
08/12/2022 04:51:30 AM;11451.423;0
08/12/2022 04:52:00 AM;11460.234;0
08/12/2022 04:52:30 AM;11449.639;0
08/12/2022 04:53:00 AM;11458.76;0
08/12/2022 04:53:30 AM;11451.179;0
08/12/2022 04:54:00 AM;11453.897;0
08/12/2022 04:54:30 AM;11456.435;0
08/12/2022 04:55:00 AM;11459.834;0
08/12/2022 04:55:30 AM;11458.327;0
08/12/2022 04:56:00 AM;11462.729;0
08/12/2022 04:56:30 AM;11474.186;0
08/12/2022 04:57:00 AM;11446.445;0
08/12/2022 04:57:30 AM;11447.708;0
08/12/2022 04:58:00 AM;11451.521;0
08/12/2022 04:58:30 AM;11453.255;0
08/12/2022 04:59:00 AM;11452.015;0
08/12/2022 04:59:30 AM;11444.547;0
08/12/2022 05:00:00 AM;11435.698;0
08/12/2022 05:00:30 AM;11442.405;0
08/12/2022 05:01:00 AM;11441.417;0
08/12/2022 05:01:30 AM;11443.128;0
08/12/2022 05:02:00 AM;11438.06;0
08/12/2022 05:02:30 AM;11445.63;0
08/12/2022 05:03:00 AM;11452.674;0
08/12/2022 05:03:30 AM;11447.339;0
08/12/2022 05:04:00 AM;11446.362;0
08/12/2022 05:04:30 AM;11447.277;0
08/12/2022 05:05:00 AM;11459.317;0
08/12/2022 05:05:30 AM;11447.877;0
08/12/2022 05:06:00 AM;11447.477;0
08/12/2022 05:06:30 AM;11446.232;0
08/12/2022 05:07:00 AM;11426.243;0
08/12/2022 05:07:30 AM;11432.167;0
08/12/2022 05:08:00 AM;11431.313;0
08/12/2022 05:08:30 AM;11427.75;0
08/12/2022 05:09:00 AM;11428.176;0
08/12/2022 05:09:30 AM;11423.055;0
08/12/2022 05:10:00 AM;11417.985;0
08/12/2022 05:10:30 AM;11416.735;0
08/12/2022 05:11:00 AM;11418.442;0
08/12/2022 05:11:30 AM;11410.695;0
08/12/2022 05:12:00 AM;11414.622;0
08/12/2022 05:12:30 AM;11419.114;0
08/12/2022 05:13:00 AM;11416.631;0
08/12/2022 05:13:30 AM;11421.915;0
08/12/2022 05:14:00 AM;11425.288;0
08/12/2022 05:14:30 AM;11421.918;0
08/12/2022 05:15:00 AM;11427.62;0
08/12/2022 05:15:30 AM;11420.89;0
08/12/2022 05:16:00 AM;11421.199;0
08/12/2022 05:16:30 AM;11424.903;0
08/12/2022 05:17:00 AM;11422.263;0
08/12/2022 05:17:30 AM;11421.588;0
08/12/2022 05:18:00 AM;11425.013;0
08/12/2022 05:18:30 AM;11423.286;0
08/12/2022 05:19:00 AM;11416.353;0
08/12/2022 05:19:30 AM;11414.746;0
08/12/2022 05:20:00 AM;11415.086;0
08/12/2022 05:20:30 AM;11410.055;0
08/12/2022 05:21:00 AM;11412.723;0
08/12/2022 05:21:30 AM;11421.098;0
08/12/2022 05:22:00 AM;11424.505;0
08/12/2022 05:22:30 AM;11435.409;0
08/12/2022 05:23:00 AM;11439.604;0
08/12/2022 05:23:30 AM;11445.658;0
08/12/2022 05:24:00 AM;11437.552;0
08/12/2022 05:24:30 AM;11424.521;0
08/12/2022 05:25:00 AM;11446.619;0
08/12/2022 05:25:30 AM;11426.986;0
08/12/2022 05:26:00 AM;11425.962;0
08/12/2022 05:26:30 AM;11426.087;0
08/12/2022 05:27:00 AM;11422.5;0
08/12/2022 05:27:30 AM;11439.211;0
08/12/2022 05:28:00 AM;11428.542;0
08/12/2022 05:28:30 AM;11423.537;0
08/12/2022 05:29:00 AM;11420.432;0
08/12/2022 05:29:30 AM;11424.478;0
08/12/2022 05:30:00 AM;11423.637;0
08/12/2022 05:30:30 AM;11424.019;0
08/12/2022 05:31:00 AM;11425.983;0
08/12/2022 05:31:30 AM;11426.579;0
08/12/2022 05:32:00 AM;11440.072;0
08/12/2022 05:32:30 AM;11437.964;0
08/12/2022 05:33:00 AM;11429.062;0
08/12/2022 05:33:30 AM;11439.084;0
08/12/2022 05:34:00 AM;11439.615;0
08/12/2022 05:34:30 AM;11433.099;0
08/12/2022 05:35:00 AM;11430.056;0
08/12/2022 05:35:30 AM;11440.454;0
08/12/2022 05:36:00 AM;11440.887;0
08/12/2022 05:36:30 AM;11436.734;0
08/12/2022 05:37:00 AM;11434.884;0
08/12/2022 05:37:30 AM;11426.013;0
08/12/2022 05:38:00 AM;11429.401;0
08/12/2022 05:38:30 AM;11428.826;0
08/12/2022 05:39:00 AM;11429.288;0
08/12/2022 05:39:30 AM;11417.398;0
08/12/2022 05:40:00 AM;11419.931;0
08/12/2022 05:40:30 AM;11419.516;0
08/12/2022 05:41:00 AM;11414.394;0
08/12/2022 05:41:30 AM;11413.183;0
08/12/2022 05:42:00 AM;11410.335;0
08/12/2022 05:42:30 AM;11410.688;0
08/12/2022 05:43:00 AM;11408.181;0
08/12/2022 05:43:30 AM;11417.314;0
08/12/2022 05:44:00 AM;11426.152;0
08/12/2022 05:44:30 AM;11417.182;0
08/12/2022 05:45:00 AM;11423.955;0
08/12/2022 05:45:30 AM;11425.473;0
08/12/2022 05:46:00 AM;11419.292;0
08/12/2022 05:46:30 AM;11428.18;0
08/12/2022 05:47:00 AM;11421.908;0
08/12/2022 05:47:30 AM;11411.134;0
08/12/2022 05:48:00 AM;11409.639;0
08/12/2022 05:48:30 AM;11411.354;0
08/12/2022 05:49:00 AM;11405.903;0
08/12/2022 05:49:30 AM;11398.478;0
08/12/2022 05:50:00 AM;11395.884;0
08/12/2022 05:50:30 AM;11395.487;0
08/12/2022 05:51:00 AM;11387.52;0
08/12/2022 05:51:30 AM;11403.555;0
08/12/2022 05:52:00 AM;11405.921;0
08/12/2022 05:52:30 AM;11394.76;0
08/12/2022 05:53:00 AM;11396.326;0
08/12/2022 05:53:30 AM;11383.045;0
08/12/2022 05:54:00 AM;11395.8;0
08/12/2022 05:54:30 AM;11393.241;0
08/12/2022 05:55:00 AM;11387.414;0
08/12/2022 05:55:30 AM;11370.896;0
08/12/2022 05:56:00 AM;11381.336;0
08/12/2022 05:56:30 AM;11390.396;0
08/12/2022 05:57:00 AM;11393.419;0
08/12/2022 05:57:30 AM;11391.366;0
08/12/2022 05:58:00 AM;11388.987;0
08/12/2022 05:58:30 AM;11370.754;0
08/12/2022 05:59:00 AM;11392.183;0
08/12/2022 05:59:30 AM;11344.424;0
08/12/2022 06:00:00 AM;11380.446;0
08/12/2022 06:00:30 AM;11389.04;0
08/12/2022 06:01:00 AM;11379.585;0
08/12/2022 06:01:30 AM;11382.722;0
08/12/2022 06:02:00 AM;11366.646;0
08/12/2022 06:02:30 AM;11373.263;0
08/12/2022 06:03:00 AM;11371.317;0
08/12/2022 06:03:30 AM;11349.385;0
08/12/2022 06:04:00 AM;11349.5;0
08/12/2022 06:04:30 AM;11354.787;0
08/12/2022 06:05:00 AM;11343.399;0
08/12/2022 06:05:30 AM;11326.289;0
08/12/2022 06:06:00 AM;11320.739;0
08/12/2022 06:06:30 AM;11326.311;0
08/12/2022 06:07:00 AM;11327.176;0
08/12/2022 06:07:30 AM;11314.774;0
08/12/2022 06:08:00 AM;11304.447;0
08/12/2022 06:08:30 AM;11299.112;0
08/12/2022 06:09:00 AM;11304.729;0
08/12/2022 06:09:30 AM;11306.701;0
08/12/2022 06:10:00 AM;11301.396;0
08/12/2022 06:10:30 AM;11289.213;0
08/12/2022 06:11:00 AM;11286.302;0
08/12/2022 06:11:30 AM;11273.306;0
08/12/2022 06:12:00 AM;11287.811;0
08/12/2022 06:12:30 AM;11288.161;0
08/12/2022 06:13:00 AM;11281.977;0
08/12/2022 06:13:30 AM;11291.426;0
08/12/2022 06:14:00 AM;11286.622;0
08/12/2022 06:14:30 AM;11288.67;0
08/12/2022 06:15:00 AM;11263.677;0
08/12/2022 06:15:30 AM;11254.127;0
08/12/2022 06:16:00 AM;11247.149;0
08/12/2022 06:16:30 AM;11247.856;0
08/12/2022 06:17:00 AM;11241.956;0
08/12/2022 06:17:30 AM;11239.851;0
08/12/2022 06:18:00 AM;11248.361;0
08/12/2022 06:18:30 AM;11230.769;0
08/12/2022 06:19:00 AM;11208.559;0
08/12/2022 06:19:30 AM;11215.218;0
08/12/2022 06:20:00 AM;11221.451;0
08/12/2022 06:20:30 AM;11232.509;0
08/12/2022 06:21:00 AM;11216.99;0
08/12/2022 06:21:30 AM;11213.43;0
08/12/2022 06:22:00 AM;11221.146;0
08/12/2022 06:22:30 AM;11224.878;0
08/12/2022 06:23:00 AM;11216.745;0
08/12/2022 06:23:30 AM;11233.358;0
08/12/2022 06:24:00 AM;11234.853;0
08/12/2022 06:24:30 AM;11226.367;0
08/12/2022 06:25:00 AM;11219.17;0
08/12/2022 06:25:30 AM;11225.422;0
08/12/2022 06:26:00 AM;11211.937;0
08/12/2022 06:26:30 AM;11232.388;0
08/12/2022 06:27:00 AM;11250.825;0
08/12/2022 06:27:30 AM;11239.575;0
08/12/2022 06:28:00 AM;11239.493;0
08/12/2022 06:28:30 AM;11220.274;0
08/12/2022 06:29:00 AM;11215.665;0
08/12/2022 06:29:30 AM;11216.303;0
08/12/2022 06:30:00 AM;11214.72;0
08/12/2022 06:30:30 AM;11208.157;0
08/12/2022 06:31:00 AM;11201.08;0
08/12/2022 06:31:30 AM;11191.607;0
08/12/2022 06:32:00 AM;11187.673;0
08/12/2022 06:32:30 AM;11384.413;0
08/12/2022 06:33:00 AM;11385.975;0
08/12/2022 06:33:30 AM;11380.437;0
08/12/2022 06:34:00 AM;11383.992;0
08/12/2022 06:34:30 AM;11400.525;0
08/12/2022 06:35:00 AM;11388.964;0
08/12/2022 06:35:30 AM;11386.862;0
08/12/2022 06:36:00 AM;11402.09;0
08/12/2022 06:36:30 AM;11405.777;0
08/12/2022 06:37:00 AM;11411.318;0
08/12/2022 06:37:30 AM;11412.79;0
08/12/2022 06:38:00 AM;11411.679;0
08/12/2022 06:38:30 AM;11427.106;0
08/12/2022 06:39:00 AM;11416.395;0
08/12/2022 06:39:30 AM;11420.995;0
08/12/2022 06:40:00 AM;11433.438;0
08/12/2022 06:40:30 AM;11416.482;0
08/12/2022 06:41:00 AM;11402.906;0
08/12/2022 06:41:30 AM;11402.672;0
08/12/2022 06:42:00 AM;11404.119;0
08/12/2022 06:42:30 AM;11396.786;0
08/12/2022 06:43:00 AM;11435.601;0
08/12/2022 06:43:30 AM;11437.433;0
08/12/2022 06:44:00 AM;11445.423;0
08/12/2022 06:44:30 AM;11434.941;0
08/12/2022 06:45:00 AM;11441.236;0
08/12/2022 06:45:30 AM;11442.164;0
08/12/2022 06:46:00 AM;11431.532;0
08/12/2022 06:46:30 AM;11436.625;0
08/12/2022 06:47:00 AM;11441.842;0
08/12/2022 06:47:30 AM;11442.158;0
08/12/2022 06:48:00 AM;11427.82;0
08/12/2022 06:48:30 AM;11422.285;0
08/12/2022 06:49:00 AM;11425.706;0
08/12/2022 06:49:30 AM;11415.63;0
08/12/2022 06:50:00 AM;11427.264;0
08/12/2022 06:50:30 AM;11431.904;0
08/12/2022 06:51:00 AM;11425.45;0
08/12/2022 06:51:30 AM;11427.298;0
08/12/2022 06:52:00 AM;11433.368;0
08/12/2022 06:52:30 AM;11422.287;0
08/12/2022 06:53:00 AM;11424.673;0
08/12/2022 06:53:30 AM;11425.124;0
08/12/2022 06:54:00 AM;11418.802;0
08/12/2022 06:54:30 AM;11414.891;0
08/12/2022 06:55:00 AM;11407.807;0
08/12/2022 06:55:30 AM;11404.993;0
08/12/2022 06:56:00 AM;11415.85;0
08/12/2022 06:56:30 AM;11413.601;0
08/12/2022 06:57:00 AM;11389.26;0
08/12/2022 06:57:30 AM;11410.409;0
08/12/2022 06:58:00 AM;11394.278;0
08/12/2022 06:58:30 AM;11412.77;0
08/12/2022 06:59:00 AM;11417.159;0
08/12/2022 06:59:30 AM;11422.789;0
08/12/2022 07:00:00 AM;11427.523;0
08/12/2022 07:00:30 AM;11423.305;0
08/12/2022 07:01:00 AM;11401.25;0
08/12/2022 07:01:30 AM;11409.019;0
08/12/2022 07:02:00 AM;11420.342;0
08/12/2022 07:02:30 AM;11412.857;0
08/12/2022 07:03:00 AM;11401.436;0
08/12/2022 07:03:30 AM;11381.171;0
08/12/2022 07:04:00 AM;11369.152;0
08/12/2022 07:04:30 AM;11374.813;0
08/12/2022 07:05:00 AM;11383.33;0
08/12/2022 07:05:30 AM;11379.306;0
08/12/2022 07:06:00 AM;11376.348;0
08/12/2022 07:06:30 AM;11366.45;0
08/12/2022 07:07:00 AM;11380.048;0
08/12/2022 07:07:30 AM;11366.381;0
08/12/2022 07:08:00 AM;11349.938;0
08/12/2022 07:08:30 AM;11359.547;0
08/12/2022 07:09:00 AM;11362.964;0
08/12/2022 07:09:30 AM;11364.989;0
08/12/2022 07:10:00 AM;11368.654;0
08/12/2022 07:10:30 AM;11350.424;0
08/12/2022 07:11:00 AM;11351.345;0
08/12/2022 07:11:30 AM;11348.831;0
08/12/2022 07:12:00 AM;11346.34;0
08/12/2022 07:12:30 AM;11319.944;0
08/12/2022 07:13:00 AM;11320.244;0
08/12/2022 07:13:30 AM;11324.24;0
08/12/2022 07:14:00 AM;11323.354;0
08/12/2022 07:14:30 AM;11337.732;0
08/12/2022 07:15:00 AM;11335.903;0
08/12/2022 07:15:30 AM;11321.259;0
08/12/2022 07:16:00 AM;11412.528;0
08/12/2022 07:16:30 AM;11514.188;0
08/12/2022 07:17:00 AM;11528.818;0
08/12/2022 07:17:30 AM;11532.089;0
08/12/2022 07:18:00 AM;11531.831;0
08/12/2022 07:18:30 AM;11368.058;0
08/12/2022 07:19:00 AM;11369.176;0
08/12/2022 07:19:30 AM;11355.26;0
08/12/2022 07:20:00 AM;11353.514;0
08/12/2022 07:20:30 AM;11347.017;0
08/12/2022 07:21:00 AM;11348.146;0
08/12/2022 07:21:30 AM;11343.435;0
08/12/2022 07:22:00 AM;11352.518;0
08/12/2022 07:22:30 AM;11340.776;0
08/12/2022 07:23:00 AM;11352.121;0
08/12/2022 07:23:30 AM;11338.287;0
08/12/2022 07:24:00 AM;11347.924;0
08/12/2022 07:24:30 AM;11339.46;0
08/12/2022 07:25:00 AM;11340.899;0
08/12/2022 07:25:30 AM;11340.946;0
08/12/2022 07:26:00 AM;11346.455;0
08/12/2022 07:26:30 AM;11313.825;0
08/12/2022 07:27:00 AM;11337.147;0
08/12/2022 07:27:30 AM;11340.975;0
08/12/2022 07:28:00 AM;11340.149;0
08/12/2022 07:28:30 AM;11333.802;0
08/12/2022 07:29:00 AM;11340.158;0
08/12/2022 07:29:30 AM;11334.148;0
08/12/2022 07:30:00 AM;11344.391;0
08/12/2022 07:30:30 AM;11355.558;0
08/12/2022 07:31:00 AM;11356.25;0
08/12/2022 07:31:30 AM;11351.421;0
08/12/2022 07:32:00 AM;11359.401;0
08/12/2022 07:32:30 AM;11356.898;0
08/12/2022 07:33:00 AM;11348.041;0
08/12/2022 07:33:30 AM;11352.639;0
08/12/2022 07:34:00 AM;11340.847;0
08/12/2022 07:34:30 AM;11344.681;0
08/12/2022 07:35:00 AM;11356.932;0
08/12/2022 07:35:30 AM;11349.2;0
08/12/2022 07:36:00 AM;11367.803;0
08/12/2022 07:36:30 AM;11365.562;0
08/12/2022 07:37:00 AM;11352.585;0
08/12/2022 07:37:30 AM;11352.43;0
08/12/2022 07:38:00 AM;11353.064;0
08/12/2022 07:38:30 AM;11339.839;0
08/12/2022 07:39:00 AM;11338.321;0
08/12/2022 07:39:30 AM;11323.613;0
08/12/2022 07:40:00 AM;11320.148;0
08/12/2022 07:40:30 AM;11333.87;0
08/12/2022 07:41:00 AM;11310.234;0
08/12/2022 07:41:30 AM;11307.173;0
08/12/2022 07:42:00 AM;11304.425;0
08/12/2022 07:42:30 AM;11280.191;0
08/12/2022 07:43:00 AM;11294.993;0
08/12/2022 07:43:30 AM;11299.721;0
08/12/2022 07:44:00 AM;11305.807;0
08/12/2022 07:44:30 AM;11311.106;0
08/12/2022 07:45:00 AM;11300.895;0
08/12/2022 07:45:30 AM;11296.269;0
08/12/2022 07:46:00 AM;11282.708;0
08/12/2022 07:46:30 AM;11295.869;0
08/12/2022 07:47:00 AM;11315.618;0
08/12/2022 07:47:30 AM;11316.307;0
08/12/2022 07:48:00 AM;11319.868;0
08/12/2022 07:48:30 AM;11313.652;0
08/12/2022 07:49:00 AM;11314.092;0
08/12/2022 07:49:30 AM;11330.903;0
08/12/2022 07:50:00 AM;11327.456;0
08/12/2022 07:50:30 AM;11320.876;0
08/12/2022 07:51:00 AM;11314.347;0
08/12/2022 07:51:30 AM;11313.057;0
08/12/2022 07:52:00 AM;11321.713;0
08/12/2022 07:52:30 AM;11334.308;0
08/12/2022 07:53:00 AM;11322.142;0
08/12/2022 07:53:30 AM;11316.774;0
08/12/2022 07:54:00 AM;11310.634;0
08/12/2022 07:54:30 AM;11304.378;0
08/12/2022 07:55:00 AM;11309.192;0
08/12/2022 07:55:30 AM;11308.659;0
08/12/2022 07:56:00 AM;11301.229;0
08/12/2022 07:56:30 AM;11303.291;0
08/12/2022 07:57:00 AM;11299.757;0
08/12/2022 07:57:30 AM;11277.523;0
08/12/2022 07:58:00 AM;11287.526;0
08/12/2022 07:58:30 AM;11264.772;0
08/12/2022 07:59:00 AM;11290.78;0
08/12/2022 07:59:30 AM;11296.212;0
08/12/2022 08:00:00 AM;11298.551;0
08/12/2022 08:00:30 AM;11310.545;0
08/12/2022 08:01:00 AM;11310.359;0
08/12/2022 08:01:30 AM;11311.264;0
08/12/2022 08:02:00 AM;11299.296;0
08/12/2022 08:02:30 AM;11286.305;0
08/12/2022 08:03:00 AM;11301.631;0
08/12/2022 08:03:30 AM;11306.011;0
08/12/2022 08:04:00 AM;11293.578;0
08/12/2022 08:04:30 AM;11298.665;0
08/12/2022 08:05:00 AM;11301.536;0
08/12/2022 08:05:30 AM;11304.452;0
08/12/2022 08:06:00 AM;11275.346;0
08/12/2022 08:06:30 AM;11266.845;0
08/12/2022 08:07:00 AM;11260.533;0
08/12/2022 08:07:30 AM;11276.022;0
08/12/2022 08:08:00 AM;11253.376;0
08/12/2022 08:08:30 AM;11255.258;0
08/12/2022 08:09:00 AM;11278.604;0
08/12/2022 08:09:30 AM;11271.107;0
08/12/2022 08:10:00 AM;11276.226;0
08/12/2022 08:10:30 AM;11279.257;0
08/12/2022 08:11:00 AM;11249.67;0
08/12/2022 08:11:30 AM;11278.771;0
08/12/2022 08:12:00 AM;11283.16;0
08/12/2022 08:12:30 AM;11290.187;0
08/12/2022 08:13:00 AM;11281.13;0
08/12/2022 08:13:30 AM;11296.973;0
08/12/2022 08:14:00 AM;11290.719;0
08/12/2022 08:14:30 AM;11285.566;0
08/12/2022 08:15:00 AM;11289.549;0
08/12/2022 08:15:30 AM;11301.21;0
08/12/2022 08:16:00 AM;11288.855;0
08/12/2022 08:16:30 AM;11286.768;0
08/12/2022 08:17:00 AM;11285.9;0
08/12/2022 08:17:30 AM;11270.628;0
08/12/2022 08:18:00 AM;11288.524;0
08/12/2022 08:18:30 AM;11285.304;0
08/12/2022 08:19:00 AM;11285.086;0
08/12/2022 08:19:30 AM;11290.972;0
08/12/2022 08:20:00 AM;11272.135;0
08/12/2022 08:20:30 AM;11282.909;0
08/12/2022 08:21:00 AM;11272.896;0
08/12/2022 08:21:30 AM;11275.969;0
08/12/2022 08:22:00 AM;11273.581;0
08/12/2022 08:22:30 AM;11265.899;0
08/12/2022 08:23:00 AM;11265.894;0
08/12/2022 08:23:30 AM;11283.359;0
08/12/2022 08:24:00 AM;11293.421;0
08/12/2022 08:24:30 AM;11269.399;0
08/12/2022 08:25:00 AM;11265.12;0
08/12/2022 08:25:30 AM;11271.247;0
08/12/2022 08:26:00 AM;11272.524;0
08/12/2022 08:26:30 AM;11274.752;0
08/12/2022 08:27:00 AM;11292.759;0
08/12/2022 08:27:30 AM;11284.983;0
08/12/2022 08:28:00 AM;11280.313;0
08/12/2022 08:28:30 AM;11272.206;0
08/12/2022 08:29:00 AM;11273.285;0
08/12/2022 08:29:30 AM;11257.313;0
08/12/2022 08:30:00 AM;11263.368;0
08/12/2022 08:30:30 AM;11235.514;0
08/12/2022 08:31:00 AM;11217.032;0
08/12/2022 08:31:30 AM;11232.202;0
08/12/2022 08:32:00 AM;11422.209;0
08/12/2022 08:32:30 AM;11478.602;0
08/12/2022 08:33:00 AM;11477.314;0
08/12/2022 08:33:30 AM;11473.421;0
08/12/2022 08:34:00 AM;11484.108;0
08/12/2022 08:34:30 AM;11462.03;0
08/12/2022 08:35:00 AM;11479.459;0
08/12/2022 08:35:30 AM;11482.353;0
08/12/2022 08:36:00 AM;11508.306;0
08/12/2022 08:36:30 AM;11495.889;0
08/12/2022 08:37:00 AM;11487.082;0
08/12/2022 08:37:30 AM;11497.387;0
08/12/2022 08:38:00 AM;11471.192;0
08/12/2022 08:38:30 AM;11491.673;0
08/12/2022 08:39:00 AM;11456.838;0
08/12/2022 08:39:30 AM;11496.177;0
08/12/2022 08:40:00 AM;11496.534;0
08/12/2022 08:40:30 AM;11481.229;0
08/12/2022 08:41:00 AM;11473.348;0
08/12/2022 08:41:30 AM;11478.691;0
08/12/2022 08:42:00 AM;11483.527;0
08/12/2022 08:42:30 AM;11468.773;0
08/12/2022 08:43:00 AM;11465.637;0
08/12/2022 08:43:30 AM;11464.185;0
08/12/2022 08:44:00 AM;11467.817;0
08/12/2022 08:44:30 AM;11457.612;0
08/12/2022 08:45:00 AM;11459.312;0
08/12/2022 08:45:30 AM;11471.225;0
08/12/2022 08:46:00 AM;11463.096;0
08/12/2022 08:46:30 AM;11476.205;0
08/12/2022 08:47:00 AM;11468.299;0
08/12/2022 08:47:30 AM;11482.033;0
08/12/2022 08:48:00 AM;11460.943;0
08/12/2022 08:48:30 AM;11477.908;0
08/12/2022 08:49:00 AM;11472.39;0
08/12/2022 08:49:30 AM;11467.997;0
08/12/2022 08:50:00 AM;11474.259;0
08/12/2022 08:50:30 AM;11465.069;0
08/12/2022 08:51:00 AM;11488.877;0
08/12/2022 08:51:30 AM;11459.872;0
08/12/2022 08:52:00 AM;11455.509;0
08/12/2022 08:52:30 AM;11472.601;0
08/12/2022 08:53:00 AM;11477.964;0
08/12/2022 08:53:30 AM;11483.894;0
08/12/2022 08:54:00 AM;11474.339;0
08/12/2022 08:54:30 AM;11454.703;0
08/12/2022 08:55:00 AM;11445.217;0
08/12/2022 08:55:30 AM;11456.092;0
08/12/2022 08:56:00 AM;11465.562;0
08/12/2022 08:56:30 AM;11453.707;0
08/12/2022 08:57:00 AM;11457.745;0
08/12/2022 08:57:30 AM;11448.465;0
08/12/2022 08:58:00 AM;11437.973;0
08/12/2022 08:58:30 AM;11445.49;0
08/12/2022 08:59:00 AM;11466.421;0
08/12/2022 08:59:30 AM;11447.616;0
08/12/2022 09:00:00 AM;11422.857;0
08/12/2022 09:00:30 AM;11420.309;0
08/12/2022 09:01:00 AM;11444.619;0
08/12/2022 09:01:30 AM;11434.022;0
08/12/2022 09:02:00 AM;11426.34;0
08/12/2022 09:02:30 AM;11411.076;0
08/12/2022 09:03:00 AM;11427.179;0
08/12/2022 09:03:30 AM;11431.694;0
08/12/2022 09:04:00 AM;11416.292;0
08/12/2022 09:04:30 AM;11418.173;0
08/12/2022 09:05:00 AM;11415.25;0
08/12/2022 09:05:30 AM;11426.69;0
08/12/2022 09:06:00 AM;11423.313;0
08/12/2022 09:06:30 AM;11423.109;0
08/12/2022 09:07:00 AM;11411.387;0
08/12/2022 09:07:30 AM;11397.18;0
08/12/2022 09:08:00 AM;11401.791;0
08/12/2022 09:08:30 AM;11389.307;0
08/12/2022 09:09:00 AM;11409.49;0
08/12/2022 09:09:30 AM;11378.893;0
08/12/2022 09:10:00 AM;11414.714;0
08/12/2022 09:10:30 AM;11428.854;0
08/12/2022 09:11:00 AM;11423.774;0
08/12/2022 09:11:30 AM;11425.25;0
08/12/2022 09:12:00 AM;11444.389;0
08/12/2022 09:12:30 AM;11436.905;0
08/12/2022 09:13:00 AM;11436.775;0
08/12/2022 09:13:30 AM;11413.406;0
08/12/2022 09:14:00 AM;11406.824;0
08/12/2022 09:14:30 AM;11418.601;0
08/12/2022 09:15:00 AM;11421.668;0
08/12/2022 09:15:30 AM;11426.382;0
08/12/2022 09:16:00 AM;11441.842;0
08/12/2022 09:16:30 AM;11460.236;0
08/12/2022 09:17:00 AM;11428.398;0
08/12/2022 09:17:30 AM;11430.048;0
08/12/2022 09:18:00 AM;11434.768;0
08/12/2022 09:18:30 AM;11439.901;0
08/12/2022 09:19:00 AM;11456.651;0
08/12/2022 09:19:30 AM;11445.416;0
08/12/2022 09:20:00 AM;11448.418;0
08/12/2022 09:20:30 AM;11446.196;0
08/12/2022 09:21:00 AM;11435.569;0
08/12/2022 09:21:30 AM;11439.068;0
08/12/2022 09:22:00 AM;11443.232;0
08/12/2022 09:22:30 AM;11436.191;0
08/12/2022 09:23:00 AM;11447.903;0
08/12/2022 09:23:30 AM;11428.022;0
08/12/2022 09:24:00 AM;11417.646;0
08/12/2022 09:24:30 AM;11431.78;0
08/12/2022 09:25:00 AM;11439.399;0
08/12/2022 09:25:30 AM;11437.414;0
08/12/2022 09:26:00 AM;11425.425;0
08/12/2022 09:26:30 AM;11402.492;0
08/12/2022 09:27:00 AM;11416.964;0
08/12/2022 09:27:30 AM;11437.482;0
08/12/2022 09:28:00 AM;11431.871;0
08/12/2022 09:28:30 AM;11436.452;0
08/12/2022 09:29:00 AM;11417.971;0
08/12/2022 09:29:30 AM;11420.621;0
08/12/2022 09:30:00 AM;11432.271;0
08/12/2022 09:30:30 AM;11445.563;0
08/12/2022 09:31:00 AM;11437.547;0
08/12/2022 09:31:30 AM;11429.069;0
08/12/2022 09:32:00 AM;11420.726;0
08/12/2022 09:32:30 AM;11405.941;0
08/12/2022 09:33:00 AM;11405.262;0
08/12/2022 09:33:30 AM;11415.198;0
08/12/2022 09:34:00 AM;11418.615;0
08/12/2022 09:34:30 AM;11417.202;0
08/12/2022 09:35:00 AM;11442.336;0
08/12/2022 09:35:30 AM;11432.18;0
08/12/2022 09:36:00 AM;11435.214;0
08/12/2022 09:36:30 AM;11431.267;0
08/12/2022 09:37:00 AM;11455.723;0
08/12/2022 09:37:30 AM;11446.35;0
08/12/2022 09:38:00 AM;11452.363;0
08/12/2022 09:38:30 AM;11443.467;0
08/12/2022 09:39:00 AM;11450.938;0
08/12/2022 09:39:30 AM;11437.35;0
08/12/2022 09:40:00 AM;11444.093;0
08/12/2022 09:40:30 AM;11448.024;0
08/12/2022 09:41:00 AM;11434.66;0
08/12/2022 09:41:30 AM;11437.339;0
08/12/2022 09:42:00 AM;11428.097;0
08/12/2022 09:42:30 AM;11438.247;0
08/12/2022 09:43:00 AM;11448.396;0
08/12/2022 09:43:30 AM;11411.477;0
08/12/2022 09:44:00 AM;11415.657;0
08/12/2022 09:44:30 AM;11425.511;0
08/12/2022 09:45:00 AM;11428.589;0
08/12/2022 09:45:30 AM;11437.329;0
08/12/2022 09:46:00 AM;11437.096;0
08/12/2022 09:46:30 AM;11447.111;0
08/12/2022 09:47:00 AM;11446.07;0
08/12/2022 09:47:30 AM;11439.368;0
08/12/2022 09:48:00 AM;11458.6;0
08/12/2022 09:48:30 AM;11454.253;0
08/12/2022 09:49:00 AM;11452.101;0
08/12/2022 09:49:30 AM;11468.236;0
08/12/2022 09:50:00 AM;11487.349;0
08/12/2022 09:50:30 AM;11478.706;0
08/12/2022 09:51:00 AM;11490.409;0
08/12/2022 09:51:30 AM;11471.265;0
08/12/2022 09:52:00 AM;11469.979;0
08/12/2022 09:52:30 AM;11461.49;0
08/12/2022 09:53:00 AM;11482.729;0
08/12/2022 09:53:30 AM;11488.845;0
08/12/2022 09:54:00 AM;11492.744;0
08/12/2022 09:54:30 AM;11479.986;0
08/12/2022 09:55:00 AM;11499.529;0
08/12/2022 09:55:30 AM;11488.039;0
08/12/2022 09:56:00 AM;11483.731;0
08/12/2022 09:56:30 AM;11484.025;0
08/12/2022 09:57:00 AM;11510.423;0
08/12/2022 09:57:30 AM;11510.299;0
08/12/2022 09:58:00 AM;11475.849;0
08/12/2022 09:58:30 AM;11468.535;0
08/12/2022 09:59:00 AM;11473.254;0
08/12/2022 09:59:30 AM;11478.808;0
08/12/2022 10:00:00 AM;11495.607;0
08/12/2022 10:00:30 AM;11500.6;0
08/12/2022 10:01:00 AM;11501.292;0
08/12/2022 10:01:30 AM;11494.599;0
08/12/2022 10:02:00 AM;11482.348;0
08/12/2022 10:02:30 AM;11490.041;0
08/12/2022 10:03:00 AM;11519.229;0
08/12/2022 10:03:30 AM;11514.051;0
08/12/2022 10:04:00 AM;11499.336;0
08/12/2022 10:04:30 AM;11501.404;0
08/12/2022 10:05:00 AM;11480.491;0
08/12/2022 10:05:30 AM;11503.343;0
08/12/2022 10:06:00 AM;11511.795;0
08/12/2022 10:06:30 AM;11503.051;0
08/12/2022 10:07:00 AM;11493.334;0
08/12/2022 10:07:30 AM;11497.261;0
08/12/2022 10:08:00 AM;11488.455;0
08/12/2022 10:08:30 AM;11484.983;0
08/12/2022 10:09:00 AM;11480.452;0
08/12/2022 10:09:30 AM;11500.591;0
08/12/2022 10:10:00 AM;11496.157;0
08/12/2022 10:10:30 AM;11511.714;0
08/12/2022 10:11:00 AM;11493.997;0
08/12/2022 10:11:30 AM;11523.303;0
08/12/2022 10:12:00 AM;11506.621;0
08/12/2022 10:12:30 AM;11513.357;0
08/12/2022 10:13:00 AM;11495.521;0
08/12/2022 10:13:30 AM;11482.52;0
08/12/2022 10:14:00 AM;11494.675;0
08/12/2022 10:14:30 AM;11492.688;0
08/12/2022 10:15:00 AM;11488.605;0
08/12/2022 10:15:30 AM;11493.477;0
08/12/2022 10:16:00 AM;11481.798;0
08/12/2022 10:16:30 AM;11504.254;0
08/12/2022 10:17:00 AM;11498.482;0
08/12/2022 10:17:30 AM;11522.731;0
08/12/2022 10:18:00 AM;11489.087;0
08/12/2022 10:18:30 AM;11485.421;0
08/12/2022 10:19:00 AM;11491.362;0
08/12/2022 10:19:30 AM;11486.552;0
08/12/2022 10:20:00 AM;11489.479;0
08/12/2022 10:20:30 AM;11492.837;0
08/12/2022 10:21:00 AM;11499.775;0
08/12/2022 10:21:30 AM;11490.815;0
08/12/2022 10:22:00 AM;11471.744;0
08/12/2022 10:22:30 AM;11449.617;0
08/12/2022 10:23:00 AM;11486.222;0
08/12/2022 10:23:30 AM;11481.928;0
08/12/2022 10:24:00 AM;11495.092;0
08/12/2022 10:24:30 AM;11497.006;0
08/12/2022 10:25:00 AM;11485.15;0
08/12/2022 10:25:30 AM;11483.234;0
08/12/2022 10:26:00 AM;11498.12;0
08/12/2022 10:26:30 AM;11486.707;0
08/12/2022 10:27:00 AM;11497.319;0
08/12/2022 10:27:30 AM;11491.25;0
08/12/2022 10:28:00 AM;11488.162;0
08/12/2022 10:28:30 AM;11469.663;0
08/12/2022 10:29:00 AM;11475.982;0
08/12/2022 10:29:30 AM;11478.561;0
08/12/2022 10:30:00 AM;11485.016;0
08/12/2022 10:30:30 AM;11466.341;0
08/12/2022 10:31:00 AM;11452.858;0
08/12/2022 10:31:30 AM;11444.543;0
08/12/2022 10:32:00 AM;11455.128;0
08/12/2022 10:32:30 AM;11454.092;0
08/12/2022 10:33:00 AM;11460.116;0
08/12/2022 10:33:30 AM;11464.874;0
08/12/2022 10:34:00 AM;11470.703;0
08/12/2022 10:34:30 AM;11452.854;0
08/12/2022 10:35:00 AM;11456.761;0
08/12/2022 10:35:30 AM;11474.201;0
08/12/2022 10:36:00 AM;11454.319;0
08/12/2022 10:36:30 AM;11463.796;0
08/12/2022 10:37:00 AM;11495.204;0
08/12/2022 10:37:30 AM;11490.621;0
08/12/2022 10:38:00 AM;11502.092;0
08/12/2022 10:38:30 AM;11494.188;0
08/12/2022 10:39:00 AM;11498.28;0
08/12/2022 10:39:30 AM;11510.354;0
08/12/2022 10:40:00 AM;11525.466;0
08/12/2022 10:40:30 AM;11516.312;0
08/12/2022 10:41:00 AM;11488.797;0
08/12/2022 10:41:30 AM;11503.572;0
08/12/2022 10:42:00 AM;11489.637;0
08/12/2022 10:42:30 AM;11502.416;0
08/12/2022 10:43:00 AM;11527.945;0
08/12/2022 10:43:30 AM;11536.41;0
08/12/2022 10:44:00 AM;11510.824;0
08/12/2022 10:44:30 AM;11507.13;0
08/12/2022 10:45:00 AM;11514.299;0
08/12/2022 10:45:30 AM;11509.666;0
08/12/2022 10:46:00 AM;11491.203;0
08/12/2022 10:46:30 AM;11501.227;0
08/12/2022 10:47:00 AM;11471.853;0
08/12/2022 10:47:30 AM;11460.331;0
08/12/2022 10:48:00 AM;11492.067;0
08/12/2022 10:48:30 AM;11478.093;0
08/12/2022 10:49:00 AM;11479.26;0
08/12/2022 10:49:30 AM;11478.032;0
08/12/2022 10:50:00 AM;11482.414;0
08/12/2022 10:50:30 AM;11495.301;0
08/12/2022 10:51:00 AM;11489.881;0
08/12/2022 10:51:30 AM;11491.418;0
08/12/2022 10:52:00 AM;11503.325;0
08/12/2022 10:52:30 AM;11486.479;0
08/12/2022 10:53:00 AM;11510.634;0
08/12/2022 10:53:30 AM;11499.217;0
08/12/2022 10:54:00 AM;11499.039;0
08/12/2022 10:54:30 AM;11507.529;0
08/12/2022 10:55:00 AM;11507.15;0
08/12/2022 10:55:30 AM;11490.68;0
08/12/2022 10:56:00 AM;11474.988;0
08/12/2022 10:56:30 AM;11496.669;0
08/12/2022 10:57:00 AM;11484.251;0
08/12/2022 10:57:30 AM;11494.268;0
08/12/2022 10:58:00 AM;11496.606;0
08/12/2022 10:58:30 AM;11380.09;0
08/12/2022 10:59:00 AM;11377.035;0
08/12/2022 10:59:30 AM;11412.233;0
08/12/2022 11:00:00 AM;11518.962;0
08/12/2022 11:00:30 AM;11520.209;0
08/12/2022 11:01:00 AM;11431.33;0
08/12/2022 11:01:30 AM;11532.211;0
08/12/2022 11:02:00 AM;11548.309;0
08/12/2022 11:02:30 AM;11545.693;0
08/12/2022 11:03:00 AM;11549.765;0
08/12/2022 11:03:30 AM;11420.36;0
08/12/2022 11:04:00 AM;11510.133;0
08/12/2022 11:04:30 AM;11531.486;0
08/12/2022 11:05:00 AM;11527.017;0
08/12/2022 11:05:30 AM;11510.085;0
08/12/2022 11:06:00 AM;11516.732;0
08/12/2022 11:06:30 AM;11525.689;0
08/12/2022 11:07:00 AM;11417.681;0
08/12/2022 11:07:30 AM;11418.496;0
08/12/2022 11:08:00 AM;11409.99;0
08/12/2022 11:08:30 AM;11411.546;0
08/12/2022 11:09:00 AM;11514.054;0
08/12/2022 11:09:30 AM;11422.266;0
08/12/2022 11:10:00 AM;11428.217;0
08/12/2022 11:10:30 AM;11562.735;0
08/12/2022 11:11:00 AM;11402.761;0
08/12/2022 11:11:30 AM;11412.277;0
08/12/2022 11:12:00 AM;11393.706;0
08/12/2022 11:12:30 AM;11387.913;0
08/12/2022 11:13:00 AM;11515.019;0
08/12/2022 11:13:30 AM;11430.914;0
08/12/2022 11:14:00 AM;11404.342;0
08/12/2022 11:14:30 AM;11384.96;0
08/12/2022 11:15:00 AM;11402.624;0
08/12/2022 11:15:30 AM;11522.982;0
08/12/2022 11:16:00 AM;11400.457;0
08/12/2022 11:16:30 AM;11403.857;0
08/12/2022 11:17:00 AM;11410.25;0
08/12/2022 11:17:30 AM;11400.073;0
08/12/2022 11:18:00 AM;11555.498;0
08/12/2022 11:18:30 AM;11516.252;0
08/12/2022 11:19:00 AM;11511.359;0
08/12/2022 11:19:30 AM;11516.564;0
08/12/2022 11:20:00 AM;11417.364;0
08/12/2022 11:20:30 AM;11399.993;0
08/12/2022 11:21:00 AM;11381.711;0
08/12/2022 11:21:30 AM;11381.408;0
08/12/2022 11:22:00 AM;11398.55;0
08/12/2022 11:22:30 AM;11393.367;0
08/12/2022 11:23:00 AM;11399.576;0
08/12/2022 11:23:30 AM;11373.637;0
08/12/2022 11:24:00 AM;11371.396;0
08/12/2022 11:24:30 AM;11398.13;0
08/12/2022 11:25:00 AM;11393.525;0
08/12/2022 11:25:30 AM;11368.337;0
08/12/2022 11:26:00 AM;11482.714;0
08/12/2022 11:26:30 AM;11501.938;0
08/12/2022 11:27:00 AM;11385.055;0
08/12/2022 11:27:30 AM;11381.706;0
08/12/2022 11:28:00 AM;11389.027;0
08/12/2022 11:28:30 AM;11377.769;0
08/12/2022 11:29:00 AM;11494.502;0
08/12/2022 11:29:30 AM;11393.818;0
08/12/2022 11:30:00 AM;11391.563;0
08/12/2022 11:30:30 AM;11408.451;0
08/12/2022 11:31:00 AM;11409.343;0
08/12/2022 11:31:30 AM;11485.005;0
08/12/2022 11:32:00 AM;11509.875;0
08/12/2022 11:32:30 AM;11504.984;0
08/12/2022 11:33:00 AM;11405.425;0
08/12/2022 11:33:30 AM;11392.231;0
08/12/2022 11:34:00 AM;11392.433;0
08/12/2022 11:34:30 AM;11400.516;0
08/12/2022 11:35:00 AM;11452.831;0
08/12/2022 11:35:30 AM;11464.312;0
08/12/2022 11:36:00 AM;11415.798;0
08/12/2022 11:36:30 AM;11414.608;0
08/12/2022 11:37:00 AM;11408.976;0
08/12/2022 11:37:30 AM;11408.014;0
08/12/2022 11:38:00 AM;11502.653;0
08/12/2022 11:38:30 AM;11529.136;0
08/12/2022 11:39:00 AM;11403.625;0
08/12/2022 11:39:30 AM;11400.881;0
08/12/2022 11:40:00 AM;11394.28;0
08/12/2022 11:40:30 AM;11389.642;0
08/12/2022 11:41:00 AM;11392.836;0
08/12/2022 11:41:30 AM;11412.509;0
08/12/2022 11:42:00 AM;11518.686;0
08/12/2022 11:42:30 AM;11380.155;0
08/12/2022 11:43:00 AM;11377.254;0
08/12/2022 11:43:30 AM;11395.856;0
08/12/2022 11:44:00 AM;11394.438;0
08/12/2022 11:44:30 AM;11404.619;0
08/12/2022 11:45:00 AM;11520.212;0
08/12/2022 11:45:30 AM;11396.04;0
08/12/2022 11:46:00 AM;11398.389;0
08/12/2022 11:46:30 AM;11396.092;0
08/12/2022 11:47:00 AM;11411.02;0
08/12/2022 11:47:30 AM;11483.462;0
08/12/2022 11:48:00 AM;11375.142;0
08/12/2022 11:48:30 AM;11415.072;0
08/12/2022 11:49:00 AM;11393.748;0
08/12/2022 11:49:30 AM;11409.42;0
08/12/2022 11:50:00 AM;11452.468;0
08/12/2022 11:50:30 AM;11394.967;0
08/12/2022 11:51:00 AM;11397.315;0
08/12/2022 11:51:30 AM;11392.109;0
08/12/2022 11:52:00 AM;11530.155;0
08/12/2022 11:52:30 AM;11543.762;0
08/12/2022 11:53:00 AM;11417.159;0
08/12/2022 11:53:30 AM;11399.265;0
08/12/2022 11:54:00 AM;11402.499;0
08/12/2022 11:54:30 AM;11415.303;0
08/12/2022 11:55:00 AM;11423.439;0
08/12/2022 11:55:30 AM;11548.128;0
08/12/2022 11:56:00 AM;11402.86;0
08/12/2022 11:56:30 AM;11396.604;0
08/12/2022 11:57:00 AM;11374.804;0
08/12/2022 11:57:30 AM;11417.798;0
08/12/2022 11:58:00 AM;11415.608;0
08/12/2022 11:58:30 AM;11551.441;0
08/12/2022 11:59:00 AM;11535.984;0
08/12/2022 11:59:30 AM;11589.38;0
08/12/2022 12:00:00 PM;11431.15;0
08/12/2022 12:00:30 PM;11437.331;0
08/12/2022 12:01:00 PM;11431.488;0
08/12/2022 12:01:30 PM;11442.351;0
08/12/2022 12:02:00 PM;11427.201;0
08/12/2022 12:02:30 PM;11582.771;0
08/12/2022 12:03:00 PM;11428.053;0
08/12/2022 12:03:30 PM;11430.141;0
08/12/2022 12:04:00 PM;11435.757;0
08/12/2022 12:04:30 PM;11422.869;0
08/12/2022 12:05:00 PM;11432.426;0
08/12/2022 12:05:30 PM;11535.261;0
08/12/2022 12:06:00 PM;11550.963;0
08/12/2022 12:06:30 PM;11440.937;0
08/12/2022 12:07:00 PM;11442.68;0
08/12/2022 12:07:30 PM;11436.835;0
08/12/2022 12:08:00 PM;11424.68;0
08/12/2022 12:08:30 PM;11525.978;0
08/12/2022 12:09:00 PM;11429.509;0
08/12/2022 12:09:30 PM;11417.59;0
08/12/2022 12:10:00 PM;11445.642;0
08/12/2022 12:10:30 PM;11431.138;0
08/12/2022 12:11:00 PM;11430.406;0
08/12/2022 12:11:30 PM;11512.99;0
08/12/2022 12:12:00 PM;11563.76;0
08/12/2022 12:12:30 PM;11442.423;0
08/12/2022 12:13:00 PM;11433.281;0
08/12/2022 12:13:30 PM;11439.006;0
08/12/2022 12:14:00 PM;11441.019;0
08/12/2022 12:14:30 PM;11555.342;0
08/12/2022 12:15:00 PM;11439.396;0
08/12/2022 12:15:30 PM;11440.92;0
08/12/2022 12:16:00 PM;11448.586;0
08/12/2022 12:16:30 PM;11456.139;0
08/12/2022 12:17:00 PM;11530.932;0
08/12/2022 12:17:30 PM;11439.653;0
08/12/2022 12:18:00 PM;11447.774;0
08/12/2022 12:18:30 PM;11452.695;0
08/12/2022 12:19:00 PM;11459.182;0
08/12/2022 12:19:30 PM;11428.22;0
08/12/2022 12:20:00 PM;11468.539;0
08/12/2022 12:20:30 PM;11576;0
08/12/2022 12:21:00 PM;11429.365;0
08/12/2022 12:21:30 PM;11430.92;0
08/12/2022 12:22:00 PM;11433.857;0
08/12/2022 12:22:30 PM;11471.239;0
08/12/2022 12:23:00 PM;11473.44;0
08/12/2022 12:23:30 PM;11603.44;0
08/12/2022 12:24:00 PM;11465.909;0
08/12/2022 12:24:30 PM;11464.346;0
08/12/2022 12:25:00 PM;11453.831;0
08/12/2022 12:25:30 PM;11466.668;0
08/12/2022 12:26:00 PM;11560.158;0
08/12/2022 12:26:30 PM;11452.894;0
08/12/2022 12:27:00 PM;11461.316;0
08/12/2022 12:27:30 PM;11481.012;0
08/12/2022 12:28:00 PM;11468.778;0
08/12/2022 12:28:30 PM;11563.552;0
08/12/2022 12:29:00 PM;11476.477;0
08/12/2022 12:29:30 PM;11479.749;0
08/12/2022 12:30:00 PM;11478.79;0
08/12/2022 12:30:30 PM;11475.02;0
08/12/2022 12:31:00 PM;11476.449;0
08/12/2022 12:31:30 PM;11601.818;0
08/12/2022 12:32:00 PM;11467.078;0
08/12/2022 12:32:30 PM;11427.618;0
08/12/2022 12:33:00 PM;11455.889;0
08/12/2022 12:33:30 PM;11448.977;0
08/12/2022 12:34:00 PM;11455.245;0
08/12/2022 12:34:30 PM;11559.06;0
08/12/2022 12:35:00 PM;11436.134;0
08/12/2022 12:35:30 PM;11448.218;0
08/12/2022 12:36:00 PM;11450.204;0
08/12/2022 12:36:30 PM;11439.92;0
08/12/2022 12:37:00 PM;11454.232;0
08/12/2022 12:37:30 PM;11463.447;0
08/12/2022 12:38:00 PM;11559.416;0
08/12/2022 12:38:30 PM;11439.271;0
08/12/2022 12:39:00 PM;11444.334;0
08/12/2022 12:39:30 PM;11428.682;0
08/12/2022 12:40:00 PM;11442.423;0
08/12/2022 12:40:30 PM;11438.719;0
08/12/2022 12:41:00 PM;11538.462;0
08/12/2022 12:41:30 PM;11437.46;0
08/12/2022 12:42:00 PM;11434.465;0
08/12/2022 12:42:30 PM;11428.665;0
08/12/2022 12:43:00 PM;11429.881;0
08/12/2022 12:43:30 PM;11437.302;0
08/12/2022 12:44:00 PM;11430.615;0
08/12/2022 12:44:30 PM;11415.126;0
08/12/2022 12:45:00 PM;11428.939;0
08/12/2022 12:45:30 PM;11423.54;0
08/12/2022 12:46:00 PM;11449.52;0
08/12/2022 12:46:30 PM;11473.484;0
08/12/2022 12:47:00 PM;11468.069;0
08/12/2022 12:47:30 PM;11471.958;0
08/12/2022 12:48:00 PM;11454.948;0
08/12/2022 12:48:30 PM;11452.7;0
08/12/2022 12:49:00 PM;11542.549;0
08/12/2022 12:49:30 PM;11458.95;0
08/12/2022 12:50:00 PM;11451.615;0
08/12/2022 12:50:30 PM;11470.063;0
08/12/2022 12:51:00 PM;11470.398;0
08/12/2022 12:51:30 PM;11567.363;0
08/12/2022 12:52:00 PM;11471.596;0
08/12/2022 12:52:30 PM;11464.689;0
08/12/2022 12:53:00 PM;11457.854;0
08/12/2022 12:53:30 PM;11462.132;0
08/12/2022 12:54:00 PM;11608.623;0
08/12/2022 12:54:30 PM;11498.356;0
08/12/2022 12:55:00 PM;11471.637;0
08/12/2022 12:55:30 PM;11465.272;0
08/12/2022 12:56:00 PM;11460.036;0
08/12/2022 12:56:30 PM;11463.035;0
08/12/2022 12:57:00 PM;11584.967;0
08/12/2022 12:57:30 PM;11481.306;0
08/12/2022 12:58:00 PM;11498.084;0
08/12/2022 12:58:30 PM;11459.211;0
08/12/2022 12:59:00 PM;11563.74;0
08/12/2022 12:59:30 PM;11571.882;0
08/12/2022 01:00:00 PM;11491.703;0
08/12/2022 01:00:30 PM;11482.085;0
08/12/2022 01:01:00 PM;11549.063;0
08/12/2022 01:01:30 PM;11508.355;0
08/12/2022 01:02:00 PM;11430.833;0
08/12/2022 01:02:30 PM;11491.524;0
08/12/2022 01:03:00 PM;11509.351;0
08/12/2022 01:03:30 PM;11507.884;0
08/12/2022 01:04:00 PM;11400.198;0
08/12/2022 01:04:30 PM;11539.966;0
08/12/2022 01:05:00 PM;11493.728;0
08/12/2022 01:05:30 PM;11501.472;0
08/12/2022 01:06:00 PM;11518.878;0
08/12/2022 01:06:30 PM;11415.883;0
08/12/2022 01:07:00 PM;11392.638;0
08/12/2022 01:07:30 PM;11418.231;0
08/12/2022 01:08:00 PM;11423.948;0
08/12/2022 01:08:30 PM;11581.607;0
08/12/2022 01:09:00 PM;11433.363;0
08/12/2022 01:09:30 PM;11448.32;0
08/12/2022 01:10:00 PM;11459.557;0
08/12/2022 01:10:30 PM;11462.136;0
08/12/2022 01:11:00 PM;11475.813;0
08/12/2022 01:11:30 PM;11608.543;0
08/12/2022 01:12:00 PM;11479.432;0
08/12/2022 01:12:30 PM;11479.048;0
08/12/2022 01:13:00 PM;11478.343;0
08/12/2022 01:13:30 PM;11468.315;0
08/12/2022 01:14:00 PM;11465.737;0
08/12/2022 01:14:30 PM;11471.709;0
08/12/2022 01:15:00 PM;11591.297;0
08/12/2022 01:15:30 PM;11594.86;0
08/12/2022 01:16:00 PM;11465.214;0
08/12/2022 01:16:30 PM;11436.394;0
08/12/2022 01:17:00 PM;11594.054;0
08/12/2022 01:17:30 PM;11509.473;0
08/12/2022 01:18:00 PM;11478.449;0
08/12/2022 01:18:30 PM;11455.065;0
08/12/2022 01:19:00 PM;11563.646;0
08/12/2022 01:19:30 PM;11487.131;0
08/12/2022 01:20:00 PM;11473.785;0
08/12/2022 01:20:30 PM;11583.18;0
08/12/2022 01:21:00 PM;11480.746;0
08/12/2022 01:21:30 PM;11499.042;0
08/12/2022 01:22:00 PM;11504.26;0
08/12/2022 01:22:30 PM;11497.506;0
08/12/2022 01:23:00 PM;11531.314;0
08/12/2022 01:23:30 PM;11612.053;0
08/12/2022 01:24:00 PM;11522.905;0
08/12/2022 01:24:30 PM;11504.602;0
08/12/2022 01:25:00 PM;11501.611;0
08/12/2022 01:25:30 PM;11496.621;0
08/12/2022 01:26:00 PM;11500.939;0
08/12/2022 01:26:30 PM;11603.957;0
08/12/2022 01:27:00 PM;11506.985;0
08/12/2022 01:27:30 PM;11504.188;0
08/12/2022 01:28:00 PM;11507.907;0
08/12/2022 01:28:30 PM;11487.941;0
08/12/2022 01:29:00 PM;11482.185;0
08/12/2022 01:29:30 PM;11623.4;0
08/12/2022 01:30:00 PM;11476.89;0
08/12/2022 01:30:30 PM;11477.24;0
08/12/2022 01:31:00 PM;11468.287;0
08/12/2022 01:31:30 PM;11472.543;0
08/12/2022 01:32:00 PM;11483.699;0
08/12/2022 01:32:30 PM;11614.155;0
08/12/2022 01:33:00 PM;11477.425;0
08/12/2022 01:33:30 PM;11492.932;0
08/12/2022 01:34:00 PM;11578.593;0
08/12/2022 01:34:30 PM;11595.951;0
08/12/2022 01:35:00 PM;11619.762;0
08/12/2022 01:35:30 PM;11498.093;0
08/12/2022 01:36:00 PM;11584.971;0
08/12/2022 01:36:30 PM;11581.139;0
08/12/2022 01:37:00 PM;11600.917;0
08/12/2022 01:37:30 PM;11483.072;0
08/12/2022 01:38:00 PM;11564.65;0
08/12/2022 01:38:30 PM;11581.479;0
08/12/2022 01:39:00 PM;11561.021;0
08/12/2022 01:39:30 PM;11494.567;0
08/12/2022 01:40:00 PM;11587.741;0
08/12/2022 01:40:30 PM;11607.896;0
08/12/2022 01:41:00 PM;11482.833;0
08/12/2022 01:41:30 PM;11450.605;0
08/12/2022 01:42:00 PM;11584.469;0
08/12/2022 01:42:30 PM;11486.959;0
08/12/2022 01:43:00 PM;11496.391;0
08/12/2022 01:43:30 PM;11450.654;0
08/12/2022 01:44:00 PM;11583.711;0
08/12/2022 01:44:30 PM;11468.409;0
08/12/2022 01:45:00 PM;11478.028;0
08/12/2022 01:45:30 PM;11422.459;0
08/12/2022 01:46:00 PM;11575.724;0
08/12/2022 01:46:30 PM;11493.313;0
08/12/2022 01:47:00 PM;11479.735;0
08/12/2022 01:47:30 PM;11460.276;0
08/12/2022 01:48:00 PM;11577.777;0
08/12/2022 01:48:30 PM;11485.186;0
08/12/2022 01:49:00 PM;11485.13;0
08/12/2022 01:49:30 PM;11559.491;0
08/12/2022 01:50:00 PM;11560.355;0
08/12/2022 01:50:30 PM;11479.989;0
08/12/2022 01:51:00 PM;11555.827;0
08/12/2022 01:51:30 PM;11615.365;0
08/12/2022 01:52:00 PM;11511.687;0
08/12/2022 01:52:30 PM;11493.201;0
08/12/2022 01:53:00 PM;11475.268;0
08/12/2022 01:53:30 PM;11484.036;0
08/12/2022 01:54:00 PM;11481.189;0
08/12/2022 01:54:30 PM;11630.516;0
08/12/2022 01:55:00 PM;11489.324;0
08/12/2022 01:55:30 PM;11480.802;0
08/12/2022 01:56:00 PM;11497.908;0
08/12/2022 01:56:30 PM;11495.196;0
08/12/2022 01:57:00 PM;11498.771;0
08/12/2022 01:57:30 PM;11630.84;0
08/12/2022 01:58:00 PM;11495.54;0
08/12/2022 01:58:30 PM;11478.691;0
08/12/2022 01:59:00 PM;11531.063;0
08/12/2022 01:59:30 PM;11517.656;0
08/12/2022 02:00:00 PM;11612.122;0
08/12/2022 02:00:30 PM;11497.1;0
08/12/2022 02:01:00 PM;11488.466;0
08/12/2022 02:01:30 PM;11493.271;0
08/12/2022 02:02:00 PM;11479.994;0
08/12/2022 02:02:30 PM;11598.461;0
08/12/2022 02:03:00 PM;11483.547;0
08/12/2022 02:03:30 PM;11498.729;0
08/12/2022 02:04:00 PM;11502.523;0
08/12/2022 02:04:30 PM;11475.304;0
08/12/2022 02:05:00 PM;11527.088;0
08/12/2022 02:05:30 PM;11474.316;0
08/12/2022 02:06:00 PM;11464.381;0
08/12/2022 02:06:30 PM;11456.497;0
08/12/2022 02:07:00 PM;11446.511;0
08/12/2022 02:07:30 PM;11472.219;0
08/12/2022 02:08:00 PM;11594.282;0
08/12/2022 02:08:30 PM;11477.701;0
08/12/2022 02:09:00 PM;11478.628;0
08/12/2022 02:09:30 PM;11471.337;0
08/12/2022 02:10:00 PM;11459.579;0
08/12/2022 02:10:30 PM;11562.958;0
08/12/2022 02:11:00 PM;11453.382;0
08/12/2022 02:11:30 PM;11458.686;0
08/12/2022 02:12:00 PM;11440.242;0
08/12/2022 02:12:30 PM;11436.643;0
08/12/2022 02:13:00 PM;11573.382;0
08/12/2022 02:13:30 PM;11456.949;0
08/12/2022 02:14:00 PM;11468.323;0
08/12/2022 02:14:30 PM;11489.012;0
08/12/2022 02:15:00 PM;11487.38;0
08/12/2022 02:15:30 PM;11561.23;0
08/12/2022 02:16:00 PM;11483.719;0
08/12/2022 02:16:30 PM;11486.817;0
08/12/2022 02:17:00 PM;11488.443;0
08/12/2022 02:17:30 PM;11480.134;0
08/12/2022 02:18:00 PM;11510.684;0
08/12/2022 02:18:30 PM;11523.693;0
08/12/2022 02:19:00 PM;11480.017;0
08/12/2022 02:19:30 PM;11485.317;0
08/12/2022 02:20:00 PM;11485.878;0
08/12/2022 02:20:30 PM;11490.006;0
08/12/2022 02:21:00 PM;11612.341;0
08/12/2022 02:21:30 PM;11487.099;0
08/12/2022 02:22:00 PM;11471.244;0
08/12/2022 02:22:30 PM;11477.677;0
08/12/2022 02:23:00 PM;11493.873;0
08/12/2022 02:23:30 PM;11624.528;0
08/12/2022 02:24:00 PM;11489.51;0
08/12/2022 02:24:30 PM;11495.893;0
08/12/2022 02:25:00 PM;11483.863;0
08/12/2022 02:25:30 PM;11466.318;0
08/12/2022 02:26:00 PM;11550.943;0
08/12/2022 02:26:30 PM;11463.421;0
08/12/2022 02:27:00 PM;11474.977;0
08/12/2022 02:27:30 PM;11472.785;0
08/12/2022 02:28:00 PM;11480.336;0
08/12/2022 02:28:30 PM;11609.657;0
08/12/2022 02:29:00 PM;11479.873;0
08/12/2022 02:29:30 PM;11500.776;0
08/12/2022 02:30:00 PM;11512.763;0
08/12/2022 02:30:30 PM;11510.786;0
08/12/2022 02:31:00 PM;11533.311;0
08/12/2022 02:31:30 PM;11618.443;0
08/12/2022 02:32:00 PM;11506.175;0
08/12/2022 02:32:30 PM;11490.038;0
08/12/2022 02:33:00 PM;11496.929;0
08/12/2022 02:33:30 PM;11461.802;0
08/12/2022 02:34:00 PM;11461.822;0
08/12/2022 02:34:30 PM;11604.524;0
08/12/2022 02:35:00 PM;11485.497;0
08/12/2022 02:35:30 PM;11495.005;0
08/12/2022 02:36:00 PM;11480.324;0
08/12/2022 02:36:30 PM;11500.161;0
08/12/2022 02:37:00 PM;11488.47;0
08/12/2022 02:37:30 PM;11509.527;0
08/12/2022 02:38:00 PM;11636.9;0
08/12/2022 02:38:30 PM;11494.309;0
08/12/2022 02:39:00 PM;11583.135;0
08/12/2022 02:39:30 PM;11593.349;0
08/12/2022 02:40:00 PM;11507.111;0
08/12/2022 02:40:30 PM;11504.452;0
08/12/2022 02:41:00 PM;11614.139;0
08/12/2022 02:41:30 PM;11594.351;0
08/12/2022 02:42:00 PM;11515.803;0
08/12/2022 02:42:30 PM;11639.832;0
08/12/2022 02:43:00 PM;11564.422;0
08/12/2022 02:43:30 PM;11578.816;0
08/12/2022 02:44:00 PM;11627.537;0
08/12/2022 02:44:30 PM;11457.808;0
08/12/2022 02:45:00 PM;11561.133;0
08/12/2022 02:45:30 PM;11597.939;0
08/12/2022 02:46:00 PM;11497.122;0
08/12/2022 02:46:30 PM;11458.303;0
08/12/2022 02:47:00 PM;11583.057;0
08/12/2022 02:47:30 PM;11498.12;0
08/12/2022 02:48:00 PM;11609.478;0
08/12/2022 02:48:30 PM;11496.06;0
08/12/2022 02:49:00 PM;11602.209;0
08/12/2022 02:49:30 PM;11506.301;0
08/12/2022 02:50:00 PM;11528.869;0
08/12/2022 02:50:30 PM;11462.805;0
08/12/2022 02:51:00 PM;11593.315;0
08/12/2022 02:51:30 PM;11508.17;0
08/12/2022 02:52:00 PM;11517.767;0
08/12/2022 02:52:30 PM;11507.137;0
08/12/2022 02:53:00 PM;11609.182;0
08/12/2022 02:53:30 PM;11548.621;0
08/12/2022 02:54:00 PM;11535.192;0
08/12/2022 02:54:30 PM;11610.048;0
08/12/2022 02:55:00 PM;11614.208;0
08/12/2022 02:55:30 PM;11632.349;0
08/12/2022 02:56:00 PM;11504.814;0
08/12/2022 02:56:30 PM;11613.17;0
08/12/2022 02:57:00 PM;11620.936;0
08/12/2022 02:57:30 PM;11616.893;0
08/12/2022 02:58:00 PM;11524.193;0
08/12/2022 02:58:30 PM;11606.248;0
08/12/2022 02:59:00 PM;11627.399;0
08/12/2022 02:59:30 PM;11514.711;0
08/12/2022 03:00:00 PM;11624.492;0
08/12/2022 03:00:30 PM;11604.199;0
08/12/2022 03:01:00 PM;11645.209;0
08/12/2022 03:01:30 PM;11530.281;0
08/12/2022 03:02:00 PM;11609.08;0
08/12/2022 03:02:30 PM;11607.427;0