Timestamp;Voltage Ry [V];QoS
08/12/2022 12:00:00 AM;11320.481;0
08/12/2022 12:00:30 AM;11310.461;0
08/12/2022 12:01:00 AM;11302.448;0
08/12/2022 12:01:30 AM;11290.778;0
08/12/2022 12:02:00 AM;11309.998;0
08/12/2022 12:02:30 AM;11312.29;0
08/12/2022 12:03:00 AM;11321.817;0
08/12/2022 12:03:30 AM;11321.699;0
08/12/2022 12:04:00 AM;11319.22;0
08/12/2022 12:04:30 AM;11313.949;0
08/12/2022 12:05:00 AM;11296.658;0
08/12/2022 12:05:30 AM;11308.736;0
08/12/2022 12:06:00 AM;11316.332;0
08/12/2022 12:06:30 AM;11319.693;0
08/12/2022 12:07:00 AM;11318.43;0
08/12/2022 12:07:30 AM;11322.299;0
08/12/2022 12:08:00 AM;11323.99;0
08/12/2022 12:08:30 AM;11321.335;0
08/12/2022 12:09:00 AM;11314.235;0
08/12/2022 12:09:30 AM;11313.244;0
08/12/2022 12:10:00 AM;11313.293;0
08/12/2022 12:10:30 AM;11308.791;0
08/12/2022 12:11:00 AM;11298.079;0
08/12/2022 12:11:30 AM;11298.063;0
08/12/2022 12:12:00 AM;11294.532;0
08/12/2022 12:12:30 AM;11291.845;0
08/12/2022 12:13:00 AM;11303.538;0
08/12/2022 12:13:30 AM;11304.237;0
08/12/2022 12:14:00 AM;11314.057;0
08/12/2022 12:14:30 AM;11302.632;0
08/12/2022 12:15:00 AM;11297.961;0
08/12/2022 12:15:30 AM;11309.678;0
08/12/2022 12:16:00 AM;11295.978;0
08/12/2022 12:16:30 AM;11300.987;0
08/12/2022 12:17:00 AM;11295.234;0
08/12/2022 12:17:30 AM;11293.993;0
08/12/2022 12:18:00 AM;11300.205;0
08/12/2022 12:18:30 AM;11295.339;0
08/12/2022 12:19:00 AM;11296.385;0
08/12/2022 12:19:30 AM;11281.215;0
08/12/2022 12:20:00 AM;11272.432;0
08/12/2022 12:20:30 AM;11303.442;0
08/12/2022 12:21:00 AM;11308.099;0
08/12/2022 12:21:30 AM;11302.197;0
08/12/2022 12:22:00 AM;11300.156;0
08/12/2022 12:22:30 AM;11306.949;0
08/12/2022 12:23:00 AM;11329.898;0
08/12/2022 12:23:30 AM;11316.424;0
08/12/2022 12:24:00 AM;11329.258;0
08/12/2022 12:24:30 AM;11326.394;0
08/12/2022 12:25:00 AM;11340.563;0
08/12/2022 12:25:30 AM;11330.676;0
08/12/2022 12:26:00 AM;11333.224;0
08/12/2022 12:26:30 AM;11337.265;0
08/12/2022 12:27:00 AM;11343.444;0
08/12/2022 12:27:30 AM;11347.776;0
08/12/2022 12:28:00 AM;11349.001;0
08/12/2022 12:28:30 AM;11345.028;0
08/12/2022 12:29:00 AM;11344.982;0
08/12/2022 12:29:30 AM;11352.379;0
08/12/2022 12:30:00 AM;11344.04;0
08/12/2022 12:30:30 AM;11339.374;0
08/12/2022 12:31:00 AM;11335.526;0
08/12/2022 12:31:30 AM;11330.456;0
08/12/2022 12:32:00 AM;11336.121;0
08/12/2022 12:32:30 AM;11333.718;0
08/12/2022 12:33:00 AM;11326.354;0
08/12/2022 12:33:30 AM;11346.128;0
08/12/2022 12:34:00 AM;11353.341;0
08/12/2022 12:34:30 AM;11348.851;0
08/12/2022 12:35:00 AM;11336.854;0
08/12/2022 12:35:30 AM;11339.216;0
08/12/2022 12:36:00 AM;11326.744;0
08/12/2022 12:36:30 AM;11323.757;0
08/12/2022 12:37:00 AM;11339.381;0
08/12/2022 12:37:30 AM;11333.239;0
08/12/2022 12:38:00 AM;11328.141;0
08/12/2022 12:38:30 AM;11327.67;0
08/12/2022 12:39:00 AM;11336.098;0
08/12/2022 12:39:30 AM;11341.012;0
08/12/2022 12:40:00 AM;11326.299;0
08/12/2022 12:40:30 AM;11345.757;0
08/12/2022 12:41:00 AM;11344.654;0
08/12/2022 12:41:30 AM;11338.212;0
08/12/2022 12:42:00 AM;11334.63;0
08/12/2022 12:42:30 AM;11330.99;0
08/12/2022 12:43:00 AM;11347.166;0
08/12/2022 12:43:30 AM;11331.58;0
08/12/2022 12:44:00 AM;11354.586;0
08/12/2022 12:44:30 AM;11361.044;0
08/12/2022 12:45:00 AM;11358.145;0
08/12/2022 12:45:30 AM;11363.767;0
08/12/2022 12:46:00 AM;11357.093;0
08/12/2022 12:46:30 AM;11363.548;0
08/12/2022 12:47:00 AM;11357.988;0
08/12/2022 12:47:30 AM;11365.32;0
08/12/2022 12:48:00 AM;11371.958;0
08/12/2022 12:48:30 AM;11366.473;0
08/12/2022 12:49:00 AM;11364.884;0
08/12/2022 12:49:30 AM;11366.457;0
08/12/2022 12:50:00 AM;11365.588;0
08/12/2022 12:50:30 AM;11369.388;0
08/12/2022 12:51:00 AM;11369.205;0
08/12/2022 12:51:30 AM;11372.026;0
08/12/2022 12:52:00 AM;11371.8;0
08/12/2022 12:52:30 AM;11376.868;0
08/12/2022 12:53:00 AM;11377.726;0
08/12/2022 12:53:30 AM;11377.166;0
08/12/2022 12:54:00 AM;11376.582;0
08/12/2022 12:54:30 AM;11377.06;0
08/12/2022 12:55:00 AM;11379.159;0
08/12/2022 12:55:30 AM;11380.167;0
08/12/2022 12:56:00 AM;11379.799;0
08/12/2022 12:56:30 AM;11377.646;0
08/12/2022 12:57:00 AM;11282.393;0
08/12/2022 12:57:30 AM;11231.588;0
08/12/2022 12:58:00 AM;11187.268;0
08/12/2022 12:58:30 AM;11189.008;0
08/12/2022 12:59:00 AM;11178.552;0
08/12/2022 12:59:30 AM;11170.081;0
08/12/2022 01:00:00 AM;11164.857;0
08/12/2022 01:00:30 AM;11154.904;0
08/12/2022 01:01:00 AM;11142.763;0
08/12/2022 01:01:30 AM;11150.414;0
08/12/2022 01:02:00 AM;11149.077;0
08/12/2022 01:02:30 AM;11317.212;0
08/12/2022 01:03:00 AM;11316.662;0
08/12/2022 01:03:30 AM;11323.052;0
08/12/2022 01:04:00 AM;11323.493;0
08/12/2022 01:04:30 AM;11315.284;0
08/12/2022 01:05:00 AM;11311.385;0
08/12/2022 01:05:30 AM;11316.305;0
08/12/2022 01:06:00 AM;11303.158;0
08/12/2022 01:06:30 AM;11315.305;0
08/12/2022 01:07:00 AM;11317.312;0
08/12/2022 01:07:30 AM;11318.466;0
08/12/2022 01:08:00 AM;11318.401;0
08/12/2022 01:08:30 AM;11318.471;0
08/12/2022 01:09:00 AM;11318.341;0
08/12/2022 01:09:30 AM;11323.704;0
08/12/2022 01:10:00 AM;11323.202;0
08/12/2022 01:10:30 AM;11323.242;0
08/12/2022 01:11:00 AM;11327.275;0
08/12/2022 01:11:30 AM;11327.593;0
08/12/2022 01:12:00 AM;11330.979;0
08/12/2022 01:12:30 AM;11329.083;0
08/12/2022 01:13:00 AM;11330.828;0
08/12/2022 01:13:30 AM;11330.104;0
08/12/2022 01:14:00 AM;11330.488;0
08/12/2022 01:14:30 AM;11339.303;0
08/12/2022 01:15:00 AM;11335.922;0
08/12/2022 01:15:30 AM;11333.55;0
08/12/2022 01:16:00 AM;11335.861;0
08/12/2022 01:16:30 AM;11335.74;0
08/12/2022 01:17:00 AM;11337.635;0
08/12/2022 01:17:30 AM;11327.657;0
08/12/2022 01:18:00 AM;11334.924;0
08/12/2022 01:18:30 AM;11336.922;0
08/12/2022 01:19:00 AM;11341.427;0
08/12/2022 01:19:30 AM;11335.403;0
08/12/2022 01:20:00 AM;11335.508;0
08/12/2022 01:20:30 AM;11338.093;0
08/12/2022 01:21:00 AM;11338.492;0
08/12/2022 01:21:30 AM;11335.382;0
08/12/2022 01:22:00 AM;11336.238;0
08/12/2022 01:22:30 AM;11335.129;0
08/12/2022 01:23:00 AM;11337.407;0
08/12/2022 01:23:30 AM;11338.418;0
08/12/2022 01:24:00 AM;11337.6;0
08/12/2022 01:24:30 AM;11334.03;0
08/12/2022 01:25:00 AM;11339.646;0
08/12/2022 01:25:30 AM;11333.337;0
08/12/2022 01:26:00 AM;11339.445;0
08/12/2022 01:26:30 AM;11342.663;0
08/12/2022 01:27:00 AM;11336.641;0
08/12/2022 01:27:30 AM;11343.184;0
08/12/2022 01:28:00 AM;11336.502;0
08/12/2022 01:28:30 AM;11337.268;0
08/12/2022 01:29:00 AM;11343.635;0
08/12/2022 01:29:30 AM;11341.968;0
08/12/2022 01:30:00 AM;11338.423;0
08/12/2022 01:30:30 AM;11329.062;0
08/12/2022 01:31:00 AM;11327.401;0
08/12/2022 01:31:30 AM;11332.637;0
08/12/2022 01:32:00 AM;11325.64;0
08/12/2022 01:32:30 AM;11320.743;0
08/12/2022 01:33:00 AM;11324.447;0
08/12/2022 01:33:30 AM;11325.204;0
08/12/2022 01:34:00 AM;11327.224;0
08/12/2022 01:34:30 AM;11324.111;0
08/12/2022 01:35:00 AM;11321.867;0
08/12/2022 01:35:30 AM;11326.704;0
08/12/2022 01:36:00 AM;11325.233;0
08/12/2022 01:36:30 AM;11337.441;0
08/12/2022 01:37:00 AM;11333.864;0
08/12/2022 01:37:30 AM;11333.257;0
08/12/2022 01:38:00 AM;11334.362;0
08/12/2022 01:38:30 AM;11330.791;0
08/12/2022 01:39:00 AM;11326.536;0
08/12/2022 01:39:30 AM;11330.85;0
08/12/2022 01:40:00 AM;11333.536;0
08/12/2022 01:40:30 AM;11326.746;0
08/12/2022 01:41:00 AM;11327.422;0
08/12/2022 01:41:30 AM;11328.504;0
08/12/2022 01:42:00 AM;11331.883;0
08/12/2022 01:42:30 AM;11331.514;0
08/12/2022 01:43:00 AM;11330.963;0
08/12/2022 01:43:30 AM;11336.692;0
08/12/2022 01:44:00 AM;11335.581;0
08/12/2022 01:44:30 AM;11339.223;0
08/12/2022 01:45:00 AM;11346.627;0
08/12/2022 01:45:30 AM;11341.95;0
08/12/2022 01:46:00 AM;11338.371;0
08/12/2022 01:46:30 AM;11336.892;0
08/12/2022 01:47:00 AM;11343.377;0
08/12/2022 01:47:30 AM;11346.357;0
08/12/2022 01:48:00 AM;11344.081;0
08/12/2022 01:48:30 AM;11340.169;0
08/12/2022 01:49:00 AM;11337.662;0
08/12/2022 01:49:30 AM;11340.306;0
08/12/2022 01:50:00 AM;11335.245;0
08/12/2022 01:50:30 AM;11332.166;0
08/12/2022 01:51:00 AM;11348.983;0
08/12/2022 01:51:30 AM;11353.592;0
08/12/2022 01:52:00 AM;11346.132;0
08/12/2022 01:52:30 AM;11340.909;0
08/12/2022 01:53:00 AM;11336.138;0
08/12/2022 01:53:30 AM;11334.502;0
08/12/2022 01:54:00 AM;11332.546;0
08/12/2022 01:54:30 AM;11339.544;0
08/12/2022 01:55:00 AM;11344.134;0
08/12/2022 01:55:30 AM;11339.656;0
08/12/2022 01:56:00 AM;11337.934;0
08/12/2022 01:56:30 AM;11343.307;0
08/12/2022 01:57:00 AM;11345.401;0
08/12/2022 01:57:30 AM;11378.29;0
08/12/2022 01:58:00 AM;11380.446;0
08/12/2022 01:58:30 AM;11383.952;0
08/12/2022 01:59:00 AM;11390.458;0
08/12/2022 01:59:30 AM;11408.822;0
08/12/2022 02:00:00 AM;11407.591;0
08/12/2022 02:00:30 AM;11408.438;0
08/12/2022 02:01:00 AM;11424.98;0
08/12/2022 02:01:30 AM;11422.557;0
08/12/2022 02:02:00 AM;11412.899;0
08/12/2022 02:02:30 AM;11420.728;0
08/12/2022 02:03:00 AM;11421.855;0
08/12/2022 02:03:30 AM;11410.727;0
08/12/2022 02:04:00 AM;11409.248;0
08/12/2022 02:04:30 AM;11405.516;0
08/12/2022 02:05:00 AM;11390.847;0
08/12/2022 02:05:30 AM;11396.364;0
08/12/2022 02:06:00 AM;11400.228;0
08/12/2022 02:06:30 AM;11401.918;0
08/12/2022 02:07:00 AM;11409.135;0
08/12/2022 02:07:30 AM;11409.244;0
08/12/2022 02:08:00 AM;11403.818;0
08/12/2022 02:08:30 AM;11402.618;0
08/12/2022 02:09:00 AM;11405.957;0
08/12/2022 02:09:30 AM;11413.112;0
08/12/2022 02:10:00 AM;11411.666;0
08/12/2022 02:10:30 AM;11408.152;0
08/12/2022 02:11:00 AM;11408.669;0
08/12/2022 02:11:30 AM;11410.216;0
08/12/2022 02:12:00 AM;11412.291;0
08/12/2022 02:12:30 AM;11415.265;0
08/12/2022 02:13:00 AM;11410.307;0
08/12/2022 02:13:30 AM;11408.609;0
08/12/2022 02:14:00 AM;11402.012;0
08/12/2022 02:14:30 AM;11399.806;0
08/12/2022 02:15:00 AM;11397.27;0
08/12/2022 02:15:30 AM;11391.415;0
08/12/2022 02:16:00 AM;11390.308;0
08/12/2022 02:16:30 AM;11390.226;0
08/12/2022 02:17:00 AM;11393.98;0
08/12/2022 02:17:30 AM;11388.942;0
08/12/2022 02:18:00 AM;11391.355;0
08/12/2022 02:18:30 AM;11389.821;0
08/12/2022 02:19:00 AM;11394.055;0
08/12/2022 02:19:30 AM;11391.997;0
08/12/2022 02:20:00 AM;11396.657;0
08/12/2022 02:20:30 AM;11389.188;0
08/12/2022 02:21:00 AM;11394.453;0
08/12/2022 02:21:30 AM;11395.962;0
08/12/2022 02:22:00 AM;11396.952;0
08/12/2022 02:22:30 AM;11404.191;0
08/12/2022 02:23:00 AM;11401.707;0
08/12/2022 02:23:30 AM;11401.75;0
08/12/2022 02:24:00 AM;11405.219;0
08/12/2022 02:24:30 AM;11410.205;0
08/12/2022 02:25:00 AM;11399.765;0
08/12/2022 02:25:30 AM;11397.207;0
08/12/2022 02:26:00 AM;11407.061;0
08/12/2022 02:26:30 AM;11384.946;0
08/12/2022 02:27:00 AM;11387.775;0
08/12/2022 02:27:30 AM;11386.447;0
08/12/2022 02:28:00 AM;11386.642;0
08/12/2022 02:28:30 AM;11388.335;0
08/12/2022 02:29:00 AM;11384.392;0
08/12/2022 02:29:30 AM;11385.186;0
08/12/2022 02:30:00 AM;11390.128;0
08/12/2022 02:30:30 AM;11379.806;0
08/12/2022 02:31:00 AM;11384.291;0
08/12/2022 02:31:30 AM;11389.18;0
08/12/2022 02:32:00 AM;11396.855;0
08/12/2022 02:32:30 AM;11396.799;0
08/12/2022 02:33:00 AM;11394.71;0
08/12/2022 02:33:30 AM;11391.701;0
08/12/2022 02:34:00 AM;11399.218;0
08/12/2022 02:34:30 AM;11395.505;0
08/12/2022 02:35:00 AM;11401.998;0
08/12/2022 02:35:30 AM;11398.108;0
08/12/2022 02:36:00 AM;11403.193;0
08/12/2022 02:36:30 AM;11403.218;0
08/12/2022 02:37:00 AM;11404.511;0
08/12/2022 02:37:30 AM;11405.114;0
08/12/2022 02:38:00 AM;11401.55;0
08/12/2022 02:38:30 AM;11403.66;0
08/12/2022 02:39:00 AM;11393.364;0
08/12/2022 02:39:30 AM;11391.309;0
08/12/2022 02:40:00 AM;11398.563;0
08/12/2022 02:40:30 AM;11400.191;0
08/12/2022 02:41:00 AM;11401.24;0
08/12/2022 02:41:30 AM;11404.289;0
08/12/2022 02:42:00 AM;11407.182;0
08/12/2022 02:42:30 AM;11412.381;0
08/12/2022 02:43:00 AM;11409.332;0
08/12/2022 02:43:30 AM;11416.69;0
08/12/2022 02:44:00 AM;11413.125;0
08/12/2022 02:44:30 AM;11418.2;0
08/12/2022 02:45:00 AM;11417.512;0
08/12/2022 02:45:30 AM;11421.229;0
08/12/2022 02:46:00 AM;11424.294;0
08/12/2022 02:46:30 AM;11421.782;0
08/12/2022 02:47:00 AM;11409.415;0
08/12/2022 02:47:30 AM;11417.958;0
08/12/2022 02:48:00 AM;11411.485;0
08/12/2022 02:48:30 AM;11409.22;0
08/12/2022 02:49:00 AM;11415.166;0
08/12/2022 02:49:30 AM;11428.673;0
08/12/2022 02:50:00 AM;11427.757;0
08/12/2022 02:50:30 AM;11422.388;0
08/12/2022 02:51:00 AM;11424.398;0
08/12/2022 02:51:30 AM;11421.004;0
08/12/2022 02:52:00 AM;11419.688;0
08/12/2022 02:52:30 AM;11420.215;0
08/12/2022 02:53:00 AM;11423.748;0
08/12/2022 02:53:30 AM;11416.861;0
08/12/2022 02:54:00 AM;11426.552;0
08/12/2022 02:54:30 AM;11438.534;0
08/12/2022 02:55:00 AM;11435.063;0
08/12/2022 02:55:30 AM;11435.688;0
08/12/2022 02:56:00 AM;11432.026;0
08/12/2022 02:56:30 AM;11431.826;0
08/12/2022 02:57:00 AM;11437.92;0
08/12/2022 02:57:30 AM;11438.146;0
08/12/2022 02:58:00 AM;11423.727;0
08/12/2022 02:58:30 AM;11402.381;0
08/12/2022 02:59:00 AM;11376.472;0
08/12/2022 02:59:30 AM;11370.764;0
08/12/2022 03:00:00 AM;11365.874;0
08/12/2022 03:00:30 AM;11363.981;0
08/12/2022 03:01:00 AM;11363.041;0
08/12/2022 03:01:30 AM;11358.735;0
08/12/2022 03:02:00 AM;11356.175;0
08/12/2022 03:02:30 AM;11355.594;0
08/12/2022 03:03:00 AM;11340.206;0
08/12/2022 03:03:30 AM;11358.194;0
08/12/2022 03:04:00 AM;11359.755;0
08/12/2022 03:04:30 AM;11361.333;0
08/12/2022 03:05:00 AM;11362.228;0
08/12/2022 03:05:30 AM;11357.003;0
08/12/2022 03:06:00 AM;11356.445;0
08/12/2022 03:06:30 AM;11359.628;0
08/12/2022 03:07:00 AM;11367.777;0
08/12/2022 03:07:30 AM;11367.867;0
08/12/2022 03:08:00 AM;11362.978;0
08/12/2022 03:08:30 AM;11360.909;0
08/12/2022 03:09:00 AM;11360.848;0
08/12/2022 03:09:30 AM;11364.783;0
08/12/2022 03:10:00 AM;11362.882;0
08/12/2022 03:10:30 AM;11363.907;0
08/12/2022 03:11:00 AM;11355.049;0
08/12/2022 03:11:30 AM;11355.275;0
08/12/2022 03:12:00 AM;11353.789;0
08/12/2022 03:12:30 AM;11357.786;0
08/12/2022 03:13:00 AM;11343.452;0
08/12/2022 03:13:30 AM;11349.057;0
08/12/2022 03:14:00 AM;11346.486;0
08/12/2022 03:14:30 AM;11349.626;0
08/12/2022 03:15:00 AM;11346.907;0
08/12/2022 03:15:30 AM;11349.709;0
08/12/2022 03:16:00 AM;11348.846;0
08/12/2022 03:16:30 AM;11349.621;0
08/12/2022 03:17:00 AM;11351.955;0
08/12/2022 03:17:30 AM;11353.119;0
08/12/2022 03:18:00 AM;11349.676;0
08/12/2022 03:18:30 AM;11349.33;0
08/12/2022 03:19:00 AM;11352.846;0
08/12/2022 03:19:30 AM;11361.743;0
08/12/2022 03:20:00 AM;11360.893;0
08/12/2022 03:20:30 AM;11370.365;0
08/12/2022 03:21:00 AM;11366.04;0
08/12/2022 03:21:30 AM;11365.039;0
08/12/2022 03:22:00 AM;11366.829;0
08/12/2022 03:22:30 AM;11370.814;0
08/12/2022 03:23:00 AM;11365.691;0
08/12/2022 03:23:30 AM;11363.498;0
08/12/2022 03:24:00 AM;11362.24;0
08/12/2022 03:24:30 AM;11359.64;0
08/12/2022 03:25:00 AM;11364.411;0
08/12/2022 03:25:30 AM;11365.162;0
08/12/2022 03:26:00 AM;11360.274;0
08/12/2022 03:26:30 AM;11363.927;0
08/12/2022 03:27:00 AM;11368.818;0
08/12/2022 03:27:30 AM;11380.263;0
08/12/2022 03:28:00 AM;11376.872;0
08/12/2022 03:28:30 AM;11365.83;0
08/12/2022 03:29:00 AM;11363.696;0
08/12/2022 03:29:30 AM;11363.307;0
08/12/2022 03:30:00 AM;11371.083;0
08/12/2022 03:30:30 AM;11372.892;0
08/12/2022 03:31:00 AM;11368.71;0
08/12/2022 03:31:30 AM;11365.471;0
08/12/2022 03:32:00 AM;11361.437;0
08/12/2022 03:32:30 AM;11358.955;0
08/12/2022 03:33:00 AM;11354.621;0
08/12/2022 03:33:30 AM;11368.657;0
08/12/2022 03:34:00 AM;11370.534;0
08/12/2022 03:34:30 AM;11366.773;0
08/12/2022 03:35:00 AM;11364.95;0
08/12/2022 03:35:30 AM;11362.072;0
08/12/2022 03:36:00 AM;11359.06;0
08/12/2022 03:36:30 AM;11357.627;0
08/12/2022 03:37:00 AM;11351.387;0
08/12/2022 03:37:30 AM;11357.104;0
08/12/2022 03:38:00 AM;11355.435;0
08/12/2022 03:38:30 AM;11351.742;0
08/12/2022 03:39:00 AM;11355.73;0
08/12/2022 03:39:30 AM;11345.261;0
08/12/2022 03:40:00 AM;11347.194;0
08/12/2022 03:40:30 AM;11345.161;0
08/12/2022 03:41:00 AM;11344.451;0
08/12/2022 03:41:30 AM;11342.658;0
08/12/2022 03:42:00 AM;11348.182;0
08/12/2022 03:42:30 AM;11347.832;0
08/12/2022 03:43:00 AM;11353.396;0
08/12/2022 03:43:30 AM;11354.854;0
08/12/2022 03:44:00 AM;11360.802;0
08/12/2022 03:44:30 AM;11356.172;0
08/12/2022 03:45:00 AM;11361.668;0
08/12/2022 03:45:30 AM;11365.995;0
08/12/2022 03:46:00 AM;11363.907;0
08/12/2022 03:46:30 AM;11368.7;0
08/12/2022 03:47:00 AM;11371.486;0
08/12/2022 03:47:30 AM;11373.726;0
08/12/2022 03:48:00 AM;11375.332;0
08/12/2022 03:48:30 AM;11374.78;0
08/12/2022 03:49:00 AM;11372.268;0
08/12/2022 03:49:30 AM;11370.832;0
08/12/2022 03:50:00 AM;11374.463;0
08/12/2022 03:50:30 AM;11374.274;0
08/12/2022 03:51:00 AM;11365.665;0
08/12/2022 03:51:30 AM;11363.663;0
08/12/2022 03:52:00 AM;11370.019;0
08/12/2022 03:52:30 AM;11367.034;0
08/12/2022 03:53:00 AM;11368.518;0
08/12/2022 03:53:30 AM;11369.809;0
08/12/2022 03:54:00 AM;11369.948;0
08/12/2022 03:54:30 AM;11364.444;0
08/12/2022 03:55:00 AM;11370.544;0
08/12/2022 03:55:30 AM;11373.135;0
08/12/2022 03:56:00 AM;11369.232;0
08/12/2022 03:56:30 AM;11365.11;0
08/12/2022 03:57:00 AM;11361.593;0
08/12/2022 03:57:30 AM;11373.104;0
08/12/2022 03:58:00 AM;11365.267;0
08/12/2022 03:58:30 AM;11358.548;0
08/12/2022 03:59:00 AM;11357.173;0
08/12/2022 03:59:30 AM;11348.219;0
08/12/2022 04:00:00 AM;11353.258;0
08/12/2022 04:00:30 AM;11358.162;0
08/12/2022 04:01:00 AM;11352.202;0
08/12/2022 04:01:30 AM;11346.88;0
08/12/2022 04:02:00 AM;11356.958;0
08/12/2022 04:02:30 AM;11355.411;0
08/12/2022 04:03:00 AM;11357.319;0
08/12/2022 04:03:30 AM;11352.886;0
08/12/2022 04:04:00 AM;11348.61;0
08/12/2022 04:04:30 AM;11346.925;0
08/12/2022 04:05:00 AM;11344.418;0
08/12/2022 04:05:30 AM;11342.42;0
08/12/2022 04:06:00 AM;11336.625;0
08/12/2022 04:06:30 AM;11343.556;0
08/12/2022 04:07:00 AM;11342.217;0
08/12/2022 04:07:30 AM;11345.233;0
08/12/2022 04:08:00 AM;11340.428;0
08/12/2022 04:08:30 AM;11338.523;0
08/12/2022 04:09:00 AM;11342.709;0
08/12/2022 04:09:30 AM;11343.288;0
08/12/2022 04:10:00 AM;11355.167;0
08/12/2022 04:10:30 AM;11361.684;0
08/12/2022 04:11:00 AM;11369.77;0
08/12/2022 04:11:30 AM;11364.158;0
08/12/2022 04:12:00 AM;11356.519;0
08/12/2022 04:12:30 AM;11359.231;0
08/12/2022 04:13:00 AM;11360.35;0
08/12/2022 04:13:30 AM;11353.644;0
08/12/2022 04:14:00 AM;11354.847;0
08/12/2022 04:14:30 AM;11353.192;0
08/12/2022 04:15:00 AM;11363.259;0
08/12/2022 04:15:30 AM;11361.535;0
08/12/2022 04:16:00 AM;11356.748;0
08/12/2022 04:16:30 AM;11349.511;0
08/12/2022 04:17:00 AM;11357.479;0
08/12/2022 04:17:30 AM;11351.512;0
08/12/2022 04:18:00 AM;11350.993;0
08/12/2022 04:18:30 AM;11360.001;0
08/12/2022 04:19:00 AM;11357.461;0
08/12/2022 04:19:30 AM;11356.496;0
08/12/2022 04:20:00 AM;11352.002;0
08/12/2022 04:20:30 AM;11352.583;0
08/12/2022 04:21:00 AM;11355.659;0
08/12/2022 04:21:30 AM;11349.223;0
08/12/2022 04:22:00 AM;11346.333;0
08/12/2022 04:22:30 AM;11351.973;0
08/12/2022 04:23:00 AM;11352.529;0
08/12/2022 04:23:30 AM;11353.09;0
08/12/2022 04:24:00 AM;11351.534;0
08/12/2022 04:24:30 AM;11354.558;0
08/12/2022 04:25:00 AM;11355.544;0
08/12/2022 04:25:30 AM;11355.104;0
08/12/2022 04:26:00 AM;11367.239;0
08/12/2022 04:26:30 AM;11367.581;0
08/12/2022 04:27:00 AM;11368.695;0
08/12/2022 04:27:30 AM;11364.953;0
08/12/2022 04:28:00 AM;11364.994;0
08/12/2022 04:28:30 AM;11361.799;0
08/12/2022 04:29:00 AM;11355.487;0
08/12/2022 04:29:30 AM;11359.371;0
08/12/2022 04:30:00 AM;11349.714;0
08/12/2022 04:30:30 AM;11360.429;0
08/12/2022 04:31:00 AM;11354.058;0
08/12/2022 04:31:30 AM;11354.163;0
08/12/2022 04:32:00 AM;11357.855;0
08/12/2022 04:32:30 AM;11358.346;0
08/12/2022 04:33:00 AM;11361.975;0
08/12/2022 04:33:30 AM;11371.652;0
08/12/2022 04:34:00 AM;11373.894;0
08/12/2022 04:34:30 AM;11374.957;0
08/12/2022 04:35:00 AM;11375.997;0
08/12/2022 04:35:30 AM;11370.022;0
08/12/2022 04:36:00 AM;11357.94;0
08/12/2022 04:36:30 AM;11357.779;0
08/12/2022 04:37:00 AM;11364.253;0
08/12/2022 04:37:30 AM;11366.459;0
08/12/2022 04:38:00 AM;11364.204;0
08/12/2022 04:38:30 AM;11360.127;0
08/12/2022 04:39:00 AM;11359.728;0
08/12/2022 04:39:30 AM;11357.517;0
08/12/2022 04:40:00 AM;11357.359;0
08/12/2022 04:40:30 AM;11358.718;0
08/12/2022 04:41:00 AM;11358.306;0
08/12/2022 04:41:30 AM;11359.6;0
08/12/2022 04:42:00 AM;11354.645;0
08/12/2022 04:42:30 AM;11354.507;0
08/12/2022 04:43:00 AM;11357.25;0
08/12/2022 04:43:30 AM;11357.271;0
08/12/2022 04:44:00 AM;11350.093;0
08/12/2022 04:44:30 AM;11349.088;0
08/12/2022 04:45:00 AM;11348.218;0
08/12/2022 04:45:30 AM;11345.587;0
08/12/2022 04:46:00 AM;11342.345;0
08/12/2022 04:46:30 AM;11345.562;0
08/12/2022 04:47:00 AM;11345.874;0
08/12/2022 04:47:30 AM;11349.601;0
08/12/2022 04:48:00 AM;11351.455;0
08/12/2022 04:48:30 AM;11354.887;0
08/12/2022 04:49:00 AM;11348.791;0
08/12/2022 04:49:30 AM;11353.032;0
08/12/2022 04:50:00 AM;11350.851;0
08/12/2022 04:50:30 AM;11351.719;0
08/12/2022 04:51:00 AM;11352.938;0
08/12/2022 04:51:30 AM;11351.334;0
08/12/2022 04:52:00 AM;11359.146;0
08/12/2022 04:52:30 AM;11347.826;0
08/12/2022 04:53:00 AM;11355.823;0
08/12/2022 04:53:30 AM;11346.969;0
08/12/2022 04:54:00 AM;11348.924;0
08/12/2022 04:54:30 AM;11348.109;0
08/12/2022 04:55:00 AM;11348.448;0
08/12/2022 04:55:30 AM;11349.62;0
08/12/2022 04:56:00 AM;11360.83;0
08/12/2022 04:56:30 AM;11368.599;0
08/12/2022 04:57:00 AM;11347.247;0
08/12/2022 04:57:30 AM;11346.064;0
08/12/2022 04:58:00 AM;11350.276;0
08/12/2022 04:58:30 AM;11354.887;0
08/12/2022 04:59:00 AM;11355.313;0
08/12/2022 04:59:30 AM;11343.555;0
08/12/2022 05:00:00 AM;11334.856;0
08/12/2022 05:00:30 AM;11337.406;0
08/12/2022 05:01:00 AM;11335.634;0
08/12/2022 05:01:30 AM;11331.846;0
08/12/2022 05:02:00 AM;11329.086;0
08/12/2022 05:02:30 AM;11340.229;0
08/12/2022 05:03:00 AM;11348.604;0
08/12/2022 05:03:30 AM;11345.282;0
08/12/2022 05:04:00 AM;11344.02;0
08/12/2022 05:04:30 AM;11343.286;0
08/12/2022 05:05:00 AM;11355.06;0
08/12/2022 05:05:30 AM;11343.462;0
08/12/2022 05:06:00 AM;11339.326;0
08/12/2022 05:06:30 AM;11337.102;0
08/12/2022 05:07:00 AM;11322.08;0
08/12/2022 05:07:30 AM;11325.382;0
08/12/2022 05:08:00 AM;11324.618;0
08/12/2022 05:08:30 AM;11321.165;0
08/12/2022 05:09:00 AM;11319.316;0
08/12/2022 05:09:30 AM;11315.524;0
08/12/2022 05:10:00 AM;11309.202;0
08/12/2022 05:10:30 AM;11317.397;0
08/12/2022 05:11:00 AM;11316.99;0
08/12/2022 05:11:30 AM;11305.563;0
08/12/2022 05:12:00 AM;11310.854;0
08/12/2022 05:12:30 AM;11310.857;0
08/12/2022 05:13:00 AM;11310.827;0
08/12/2022 05:13:30 AM;11314.452;0
08/12/2022 05:14:00 AM;11317.859;0
08/12/2022 05:14:30 AM;11315.37;0
08/12/2022 05:15:00 AM;11320.091;0
08/12/2022 05:15:30 AM;11312.332;0
08/12/2022 05:16:00 AM;11314.448;0
08/12/2022 05:16:30 AM;11315.635;0
08/12/2022 05:17:00 AM;11312.385;0
08/12/2022 05:17:30 AM;11311.494;0
08/12/2022 05:18:00 AM;11317.894;0
08/12/2022 05:18:30 AM;11312.819;0
08/12/2022 05:19:00 AM;11311.679;0
08/12/2022 05:19:30 AM;11308.861;0
08/12/2022 05:20:00 AM;11313.649;0
08/12/2022 05:20:30 AM;11311.943;0
08/12/2022 05:21:00 AM;11311.916;0
08/12/2022 05:21:30 AM;11312.277;0
08/12/2022 05:22:00 AM;11322.258;0
08/12/2022 05:22:30 AM;11325.687;0
08/12/2022 05:23:00 AM;11327.166;0
08/12/2022 05:23:30 AM;11333.512;0
08/12/2022 05:24:00 AM;11331.769;0
08/12/2022 05:24:30 AM;11319.729;0
08/12/2022 05:25:00 AM;11338.706;0
08/12/2022 05:25:30 AM;11326.979;0
08/12/2022 05:26:00 AM;11321.623;0
08/12/2022 05:26:30 AM;11322.484;0
08/12/2022 05:27:00 AM;11319.716;0
08/12/2022 05:27:30 AM;11330.306;0
08/12/2022 05:28:00 AM;11321.1;0
08/12/2022 05:28:30 AM;11321.036;0
08/12/2022 05:29:00 AM;11319.473;0
08/12/2022 05:29:30 AM;11332.225;0
08/12/2022 05:30:00 AM;11322.435;0
08/12/2022 05:30:30 AM;11319.172;0
08/12/2022 05:31:00 AM;11319.858;0
08/12/2022 05:31:30 AM;11317.36;0
08/12/2022 05:32:00 AM;11331.726;0
08/12/2022 05:32:30 AM;11332.036;0
08/12/2022 05:33:00 AM;11321.247;0
08/12/2022 05:33:30 AM;11331.761;0
08/12/2022 05:34:00 AM;11327.662;0
08/12/2022 05:34:30 AM;11322.262;0
08/12/2022 05:35:00 AM;11316.011;0
08/12/2022 05:35:30 AM;11332.029;0
08/12/2022 05:36:00 AM;11330.394;0
08/12/2022 05:36:30 AM;11329.462;0
08/12/2022 05:37:00 AM;11334.705;0
08/12/2022 05:37:30 AM;11320.587;0
08/12/2022 05:38:00 AM;11321.689;0
08/12/2022 05:38:30 AM;11314.992;0
08/12/2022 05:39:00 AM;11323.565;0
08/12/2022 05:39:30 AM;11309.753;0
08/12/2022 05:40:00 AM;11308.201;0
08/12/2022 05:40:30 AM;11305.366;0
08/12/2022 05:41:00 AM;11305.376;0
08/12/2022 05:41:30 AM;11302.275;0
08/12/2022 05:42:00 AM;11302.381;0
08/12/2022 05:42:30 AM;11300.315;0
08/12/2022 05:43:00 AM;11299.119;0
08/12/2022 05:43:30 AM;11308.578;0
08/12/2022 05:44:00 AM;11322.288;0
08/12/2022 05:44:30 AM;11314.117;0
08/12/2022 05:45:00 AM;11320.178;0
08/12/2022 05:45:30 AM;11324.241;0
08/12/2022 05:46:00 AM;11316.28;0
08/12/2022 05:46:30 AM;11328.41;0
08/12/2022 05:47:00 AM;11321.196;0
08/12/2022 05:47:30 AM;11317.179;0
08/12/2022 05:48:00 AM;11314.355;0
08/12/2022 05:48:30 AM;11314.868;0
08/12/2022 05:49:00 AM;11306.96;0
08/12/2022 05:49:30 AM;11297.986;0
08/12/2022 05:50:00 AM;11298.365;0
08/12/2022 05:50:30 AM;11305.648;0
08/12/2022 05:51:00 AM;11295.374;0
08/12/2022 05:51:30 AM;11300.882;0
08/12/2022 05:52:00 AM;11300.477;0
08/12/2022 05:52:30 AM;11289.586;0
08/12/2022 05:53:00 AM;11292.416;0
08/12/2022 05:53:30 AM;11277.263;0
08/12/2022 05:54:00 AM;11287.636;0
08/12/2022 05:54:30 AM;11294.896;0
08/12/2022 05:55:00 AM;11293.493;0
08/12/2022 05:55:30 AM;11285.105;0
08/12/2022 05:56:00 AM;11287.544;0
08/12/2022 05:56:30 AM;11290.41;0
08/12/2022 05:57:00 AM;11289.667;0
08/12/2022 05:57:30 AM;11293.72;0
08/12/2022 05:58:00 AM;11292.931;0
08/12/2022 05:58:30 AM;11267.46;0
08/12/2022 05:59:00 AM;11296.357;0
08/12/2022 05:59:30 AM;11251.195;0
08/12/2022 06:00:00 AM;11280.55;0
08/12/2022 06:00:30 AM;11278.269;0
08/12/2022 06:01:00 AM;11276.203;0
08/12/2022 06:01:30 AM;11275.429;0
08/12/2022 06:02:00 AM;11257.727;0
08/12/2022 06:02:30 AM;11270.391;0
08/12/2022 06:03:00 AM;11270.728;0
08/12/2022 06:03:30 AM;11254.192;0
08/12/2022 06:04:00 AM;11254.463;0
08/12/2022 06:04:30 AM;11255.233;0
08/12/2022 06:05:00 AM;11238.095;0
08/12/2022 06:05:30 AM;11224.42;0
08/12/2022 06:06:00 AM;11226.78;0
08/12/2022 06:06:30 AM;11236.407;0
08/12/2022 06:07:00 AM;11228.158;0
08/12/2022 06:07:30 AM;11208.779;0
08/12/2022 06:08:00 AM;11203.606;0
08/12/2022 06:08:30 AM;11202.885;0
08/12/2022 06:09:00 AM;11214.813;0
08/12/2022 06:09:30 AM;11201.28;0
08/12/2022 06:10:00 AM;11197.182;0
08/12/2022 06:10:30 AM;11180.44;0
08/12/2022 06:11:00 AM;11188.417;0
08/12/2022 06:11:30 AM;11167.015;0
08/12/2022 06:12:00 AM;11189.539;0
08/12/2022 06:12:30 AM;11182.622;0
08/12/2022 06:13:00 AM;11183.578;0
08/12/2022 06:13:30 AM;11190.478;0
08/12/2022 06:14:00 AM;11183.897;0
08/12/2022 06:14:30 AM;11165.208;0
08/12/2022 06:15:00 AM;11150.755;0
08/12/2022 06:15:30 AM;11148.945;0
08/12/2022 06:16:00 AM;11153.292;0
08/12/2022 06:16:30 AM;11160.405;0
08/12/2022 06:17:00 AM;11147.916;0
08/12/2022 06:17:30 AM;11146.782;0
08/12/2022 06:18:00 AM;11152.913;0
08/12/2022 06:18:30 AM;11131.841;0
08/12/2022 06:19:00 AM;11112.893;0
08/12/2022 06:19:30 AM;11112.119;0
08/12/2022 06:20:00 AM;11126.089;0
08/12/2022 06:20:30 AM;11141.22;0
08/12/2022 06:21:00 AM;11121.211;0
08/12/2022 06:21:30 AM;11128.738;0
08/12/2022 06:22:00 AM;11132.995;0
08/12/2022 06:22:30 AM;11131.387;0
08/12/2022 06:23:00 AM;11124.876;0
08/12/2022 06:23:30 AM;11144.444;0
08/12/2022 06:24:00 AM;11143.553;0
08/12/2022 06:24:30 AM;11132.514;0
08/12/2022 06:25:00 AM;11122.953;0
08/12/2022 06:25:30 AM;11129.5;0
08/12/2022 06:26:00 AM;11115.667;0
08/12/2022 06:26:30 AM;11137.175;0
08/12/2022 06:27:00 AM;11160.906;0
08/12/2022 06:27:30 AM;11148.663;0
08/12/2022 06:28:00 AM;11145.657;0
08/12/2022 06:28:30 AM;11131.021;0
08/12/2022 06:29:00 AM;11130.104;0
08/12/2022 06:29:30 AM;11120.991;0
08/12/2022 06:30:00 AM;11120.606;0
08/12/2022 06:30:30 AM;11104.776;0
08/12/2022 06:31:00 AM;11095.122;0
08/12/2022 06:31:30 AM;11099.845;0
08/12/2022 06:32:00 AM;11093.068;0
08/12/2022 06:32:30 AM;11285.154;0
08/12/2022 06:33:00 AM;11291.596;0
08/12/2022 06:33:30 AM;11276.642;0
08/12/2022 06:34:00 AM;11266.857;0
08/12/2022 06:34:30 AM;11274.025;0
08/12/2022 06:35:00 AM;11276.833;0
08/12/2022 06:35:30 AM;11275.926;0
08/12/2022 06:36:00 AM;11283.534;0
08/12/2022 06:36:30 AM;11287.783;0
08/12/2022 06:37:00 AM;11293.99;0
08/12/2022 06:37:30 AM;11300.888;0
08/12/2022 06:38:00 AM;11309.334;0
08/12/2022 06:38:30 AM;11310.677;0
08/12/2022 06:39:00 AM;11302.058;0
08/12/2022 06:39:30 AM;11295.616;0
08/12/2022 06:40:00 AM;11308.603;0
08/12/2022 06:40:30 AM;11313.472;0
08/12/2022 06:41:00 AM;11298.463;0
08/12/2022 06:41:30 AM;11306.306;0
08/12/2022 06:42:00 AM;11309.128;0
08/12/2022 06:42:30 AM;11299.214;0
08/12/2022 06:43:00 AM;11332.951;0
08/12/2022 06:43:30 AM;11329.313;0
08/12/2022 06:44:00 AM;11338.575;0
08/12/2022 06:44:30 AM;11315.367;0
08/12/2022 06:45:00 AM;11317.739;0
08/12/2022 06:45:30 AM;11317.285;0
08/12/2022 06:46:00 AM;11317.308;0
08/12/2022 06:46:30 AM;11308.929;0
08/12/2022 06:47:00 AM;11322.248;0
08/12/2022 06:47:30 AM;11327.419;0
08/12/2022 06:48:00 AM;11322.807;0
08/12/2022 06:48:30 AM;11314.988;0
08/12/2022 06:49:00 AM;11320.515;0
08/12/2022 06:49:30 AM;11308.779;0
08/12/2022 06:50:00 AM;11314.699;0
08/12/2022 06:50:30 AM;11317.199;0
08/12/2022 06:51:00 AM;11304.396;0
08/12/2022 06:51:30 AM;11307.667;0
08/12/2022 06:52:00 AM;11306.623;0
08/12/2022 06:52:30 AM;11301.57;0
08/12/2022 06:53:00 AM;11310.959;0
08/12/2022 06:53:30 AM;11317.088;0
08/12/2022 06:54:00 AM;11311.243;0
08/12/2022 06:54:30 AM;11307.139;0
08/12/2022 06:55:00 AM;11296.779;0
08/12/2022 06:55:30 AM;11288.718;0
08/12/2022 06:56:00 AM;11305.209;0
08/12/2022 06:56:30 AM;11306.063;0
08/12/2022 06:57:00 AM;11308.522;0
08/12/2022 06:57:30 AM;11317.943;0
08/12/2022 06:58:00 AM;11313.11;0
08/12/2022 06:58:30 AM;11318.349;0
08/12/2022 06:59:00 AM;11318.245;0
08/12/2022 06:59:30 AM;11325.11;0
08/12/2022 07:00:00 AM;11329.924;0
08/12/2022 07:00:30 AM;11314.705;0
08/12/2022 07:01:00 AM;11304.365;0
08/12/2022 07:01:30 AM;11304.372;0
08/12/2022 07:02:00 AM;11306.732;0
08/12/2022 07:02:30 AM;11296.46;0
08/12/2022 07:03:00 AM;11294.645;0
08/12/2022 07:03:30 AM;11271.043;0
08/12/2022 07:04:00 AM;11275.263;0
08/12/2022 07:04:30 AM;11274.356;0
08/12/2022 07:05:00 AM;11284.122;0
08/12/2022 07:05:30 AM;11273.865;0
08/12/2022 07:06:00 AM;11269.03;0
08/12/2022 07:06:30 AM;11249.165;0
08/12/2022 07:07:00 AM;11265.196;0
08/12/2022 07:07:30 AM;11262.753;0
08/12/2022 07:08:00 AM;11245.584;0
08/12/2022 07:08:30 AM;11243.957;0
08/12/2022 07:09:00 AM;11249.902;0
08/12/2022 07:09:30 AM;11260.996;0
08/12/2022 07:10:00 AM;11265.02;0
08/12/2022 07:10:30 AM;11243.272;0
08/12/2022 07:11:00 AM;11244.74;0
08/12/2022 07:11:30 AM;11232.267;0
08/12/2022 07:12:00 AM;11239.178;0
08/12/2022 07:12:30 AM;11222.766;0
08/12/2022 07:13:00 AM;11218.912;0
08/12/2022 07:13:30 AM;11209.652;0
08/12/2022 07:14:00 AM;11205.21;0
08/12/2022 07:14:00 AM;11205.21;0
08/12/2022 07:14:30 AM;11215.208;0
08/12/2022 07:15:00 AM;11217.297;0
08/12/2022 07:15:30 AM;11209.129;0
08/12/2022 07:16:00 AM;11310.001;0
08/12/2022 07:16:30 AM;11409.787;0
08/12/2022 07:17:00 AM;11425.887;0
08/12/2022 07:17:30 AM;11430.101;0
08/12/2022 07:18:00 AM;11423.239;0
08/12/2022 07:18:30 AM;11261.578;0
08/12/2022 07:19:00 AM;11263.2;0
08/12/2022 07:19:30 AM;11243.81;0
08/12/2022 07:20:00 AM;11253.505;0
08/12/2022 07:20:30 AM;11246.654;0
08/12/2022 07:21:00 AM;11239.653;0
08/12/2022 07:21:30 AM;11244.28;0
08/12/2022 07:22:00 AM;11245.069;0
08/12/2022 07:22:30 AM;11233.763;0
08/12/2022 07:23:00 AM;11233.382;0
08/12/2022 07:23:30 AM;11212.81;0
08/12/2022 07:24:00 AM;11237.535;0
08/12/2022 07:24:30 AM;11238.83;0
08/12/2022 07:25:00 AM;11239.899;0
08/12/2022 07:25:30 AM;11246.414;0
08/12/2022 07:26:00 AM;11242.502;0
08/12/2022 07:26:30 AM;11218.232;0
08/12/2022 07:27:00 AM;11237.567;0
08/12/2022 07:27:30 AM;11240.908;0
08/12/2022 07:28:00 AM;11236.523;0
08/12/2022 07:28:30 AM;11241.008;0
08/12/2022 07:29:00 AM;11248.581;0
08/12/2022 07:29:30 AM;11252.887;0
08/12/2022 07:30:00 AM;11257.989;0
08/12/2022 07:30:30 AM;11269.196;0
08/12/2022 07:31:00 AM;11271.396;0
08/12/2022 07:31:30 AM;11255.425;0
08/12/2022 07:32:00 AM;11263.626;0
08/12/2022 07:32:30 AM;11255.787;0
08/12/2022 07:33:00 AM;11246.653;0
08/12/2022 07:33:30 AM;11250.34;0
08/12/2022 07:34:00 AM;11248.741;0
08/12/2022 07:34:30 AM;11253.347;0
08/12/2022 07:35:00 AM;11252.602;0
08/12/2022 07:35:30 AM;11243.611;0
08/12/2022 07:36:00 AM;11249.951;0
08/12/2022 07:36:30 AM;11241.589;0
08/12/2022 07:37:00 AM;11232.193;0
08/12/2022 07:37:30 AM;11233.504;0
08/12/2022 07:38:00 AM;11237.3;0
08/12/2022 07:38:30 AM;11227.232;0
08/12/2022 07:39:00 AM;11244.57;0
08/12/2022 07:39:30 AM;11222.407;0
08/12/2022 07:40:00 AM;11228.358;0
08/12/2022 07:40:30 AM;11234.695;0
08/12/2022 07:41:00 AM;11194.301;0
08/12/2022 07:41:30 AM;11186.517;0
08/12/2022 07:42:00 AM;11199.892;0
08/12/2022 07:42:30 AM;11203.228;0
08/12/2022 07:43:00 AM;11188.726;0
08/12/2022 07:43:30 AM;11191.593;0
08/12/2022 07:44:00 AM;11194.507;0
08/12/2022 07:44:30 AM;11195.437;0
08/12/2022 07:45:00 AM;11204.38;0
08/12/2022 07:45:30 AM;11205.479;0
08/12/2022 07:46:00 AM;11184.811;0
08/12/2022 07:46:30 AM;11195.648;0
08/12/2022 07:47:00 AM;11205.165;0
08/12/2022 07:47:30 AM;11192.401;0
08/12/2022 07:48:00 AM;11194.93;0
08/12/2022 07:48:30 AM;11202.164;0
08/12/2022 07:49:00 AM;11216.291;0
08/12/2022 07:49:30 AM;11225.372;0
08/12/2022 07:50:00 AM;11229.543;0
08/12/2022 07:50:30 AM;11222.441;0
08/12/2022 07:51:00 AM;11213.727;0
08/12/2022 07:51:30 AM;11217.461;0
08/12/2022 07:52:00 AM;11223.753;0
08/12/2022 07:52:30 AM;11230.903;0
08/12/2022 07:53:00 AM;11219.695;0
08/12/2022 07:53:30 AM;11216.669;0
08/12/2022 07:54:00 AM;11216.03;0
08/12/2022 07:54:30 AM;11202.272;0
08/12/2022 07:55:00 AM;11188.872;0
08/12/2022 07:55:30 AM;11194.926;0
08/12/2022 07:56:00 AM;11190.459;0
08/12/2022 07:56:30 AM;11198.497;0
08/12/2022 07:57:00 AM;11198.59;0
08/12/2022 07:57:30 AM;11188.635;0
08/12/2022 07:58:00 AM;11193.534;0
08/12/2022 07:58:30 AM;11167.884;0
08/12/2022 07:59:00 AM;11188.811;0
08/12/2022 07:59:30 AM;11191.659;0
08/12/2022 08:00:00 AM;11196.467;0
08/12/2022 08:00:30 AM;11198.94;0
08/12/2022 08:01:00 AM;11204.93;0
08/12/2022 08:01:30 AM;11198.768;0
08/12/2022 08:02:00 AM;11183.434;0
08/12/2022 08:02:30 AM;11194.701;0
08/12/2022 08:03:00 AM;11212.669;0
08/12/2022 08:03:30 AM;11216.32;0
08/12/2022 08:04:00 AM;11195.05;0
08/12/2022 08:04:00 AM;11195.05;0
08/12/2022 08:04:30 AM;11193.437;0
08/12/2022 08:05:00 AM;11197.965;0
08/12/2022 08:05:30 AM;11191.766;0
08/12/2022 08:06:00 AM;11182.228;0
08/12/2022 08:06:30 AM;11172.554;0
08/12/2022 08:07:00 AM;11159.147;0
08/12/2022 08:07:30 AM;11172.247;0
08/12/2022 08:08:00 AM;11175.35;0
08/12/2022 08:08:30 AM;11170.461;0
08/12/2022 08:09:00 AM;11177.587;0
08/12/2022 08:09:30 AM;11172.166;0
08/12/2022 08:10:00 AM;11164.501;0
08/12/2022 08:10:30 AM;11160.213;0
08/12/2022 08:11:00 AM;11150.539;0
08/12/2022 08:11:30 AM;11179.431;0
08/12/2022 08:12:00 AM;11188.904;0
08/12/2022 08:12:30 AM;11203.887;0
08/12/2022 08:13:00 AM;11190.784;0
08/12/2022 08:13:30 AM;11200.701;0
08/12/2022 08:14:00 AM;11205.22;0
08/12/2022 08:14:30 AM;11198.258;0
08/12/2022 08:15:00 AM;11203.269;0
08/12/2022 08:15:30 AM;11203.918;0
08/12/2022 08:16:00 AM;11184.919;0
08/12/2022 08:16:30 AM;11170.942;0
08/12/2022 08:17:00 AM;11188.3;0
08/12/2022 08:17:30 AM;11184.619;0
08/12/2022 08:18:00 AM;11187.915;0
08/12/2022 08:18:30 AM;11193.294;0
08/12/2022 08:19:00 AM;11179.539;0
08/12/2022 08:19:30 AM;11184.966;0
08/12/2022 08:20:00 AM;11181.454;0
08/12/2022 08:20:30 AM;11190.563;0
08/12/2022 08:21:00 AM;11176.383;0
08/12/2022 08:21:30 AM;11188.265;0
08/12/2022 08:22:00 AM;11184.346;0
08/12/2022 08:22:30 AM;11183.295;0
08/12/2022 08:23:00 AM;11179;0
08/12/2022 08:23:30 AM;11181.29;0
08/12/2022 08:24:00 AM;11190.594;0
08/12/2022 08:24:30 AM;11182.357;0
08/12/2022 08:25:00 AM;11167.024;0
08/12/2022 08:25:30 AM;11172.347;0
08/12/2022 08:26:00 AM;11182.793;0
08/12/2022 08:26:30 AM;11187.354;0
08/12/2022 08:27:00 AM;11204.084;0
08/12/2022 08:27:30 AM;11193.939;0
08/12/2022 08:28:00 AM;11170.156;0
08/12/2022 08:28:30 AM;11158.776;0
08/12/2022 08:29:00 AM;11165.575;0
08/12/2022 08:29:30 AM;11143.849;0
08/12/2022 08:30:00 AM;11157.253;0
08/12/2022 08:30:30 AM;11141.682;0
08/12/2022 08:31:00 AM;11129.759;0
08/12/2022 08:31:30 AM;11150.376;0
08/12/2022 08:32:00 AM;11345.831;0
08/12/2022 08:32:30 AM;11388.847;0
08/12/2022 08:33:00 AM;11371.223;0
08/12/2022 08:33:30 AM;11382.846;0
08/12/2022 08:34:00 AM;11392.356;0
08/12/2022 08:34:30 AM;11358.214;0
08/12/2022 08:35:00 AM;11367.476;0
08/12/2022 08:35:30 AM;11398.383;0
08/12/2022 08:36:00 AM;11396.413;0
08/12/2022 08:36:30 AM;11388.438;0
08/12/2022 08:37:00 AM;11364.427;0
08/12/2022 08:37:30 AM;11380.669;0
08/12/2022 08:38:00 AM;11381.088;0
08/12/2022 08:38:30 AM;11409.294;0
08/12/2022 08:39:00 AM;11377.303;0
08/12/2022 08:39:30 AM;11408.137;0
08/12/2022 08:40:00 AM;11409.289;0
08/12/2022 08:40:30 AM;11394.092;0
08/12/2022 08:41:00 AM;11378.095;0
08/12/2022 08:41:30 AM;11394.638;0
08/12/2022 08:42:00 AM;11386.799;0
08/12/2022 08:42:30 AM;11372.947;0
08/12/2022 08:43:00 AM;11395.962;0
08/12/2022 08:43:30 AM;11377.292;0
08/12/2022 08:44:00 AM;11371.554;0
08/12/2022 08:44:30 AM;11379.041;0
08/12/2022 08:45:00 AM;11351.091;0
08/12/2022 08:45:30 AM;11369.754;0
08/12/2022 08:46:00 AM;11354.93;0
08/12/2022 08:46:30 AM;11376.087;0
08/12/2022 08:47:00 AM;11349.8;0
08/12/2022 08:47:30 AM;11373.75;0
08/12/2022 08:48:00 AM;11378.374;0
08/12/2022 08:48:30 AM;11387.534;0
08/12/2022 08:49:00 AM;11391.967;0
08/12/2022 08:49:30 AM;11382.421;0
08/12/2022 08:50:00 AM;11371.798;0
08/12/2022 08:50:30 AM;11359.22;0
08/12/2022 08:51:00 AM;11389.695;0
08/12/2022 08:51:30 AM;11358.295;0
08/12/2022 08:52:00 AM;11358.993;0
08/12/2022 08:52:30 AM;11362.024;0
08/12/2022 08:53:00 AM;11360.161;0
08/12/2022 08:53:30 AM;11363.25;0
08/12/2022 08:54:00 AM;11374.453;0
08/12/2022 08:54:30 AM;11359.74;0
08/12/2022 08:55:00 AM;11335.143;0
08/12/2022 08:55:30 AM;11338.54;0
08/12/2022 08:56:00 AM;11346.594;0
08/12/2022 08:56:30 AM;11330.674;0
08/12/2022 08:57:00 AM;11338.276;0
08/12/2022 08:57:30 AM;11344.76;0
08/12/2022 08:58:00 AM;11330.881;0
08/12/2022 08:58:30 AM;11337.436;0
08/12/2022 08:59:00 AM;11357.296;0
08/12/2022 08:59:30 AM;11348.467;0
08/12/2022 09:00:00 AM;11316.152;0
08/12/2022 09:00:30 AM;11303.84;0
08/12/2022 09:01:00 AM;11335.861;0
08/12/2022 09:01:30 AM;11319.627;0
08/12/2022 09:02:00 AM;11317.493;0
08/12/2022 09:02:30 AM;11305.198;0
08/12/2022 09:03:00 AM;11318.434;0
08/12/2022 09:03:30 AM;11329.497;0
08/12/2022 09:04:00 AM;11323.622;0
08/12/2022 09:04:30 AM;11314.156;0
08/12/2022 09:05:00 AM;11306.464;0
08/12/2022 09:05:30 AM;11303.177;0
08/12/2022 09:06:00 AM;11312.521;0
08/12/2022 09:06:30 AM;11304.806;0
08/12/2022 09:07:00 AM;11316.753;0
08/12/2022 09:07:30 AM;11306.321;0
08/12/2022 09:08:00 AM;11305.077;0
08/12/2022 09:08:30 AM;11289.402;0
08/12/2022 09:09:00 AM;11291.95;0
08/12/2022 09:09:30 AM;11271.556;0
08/12/2022 09:10:00 AM;11304.14;0
08/12/2022 09:10:30 AM;11311.888;0
08/12/2022 09:11:00 AM;11314.006;0
08/12/2022 09:11:30 AM;11296.342;0
08/12/2022 09:12:00 AM;11326.065;0
08/12/2022 09:12:30 AM;11320.401;0
08/12/2022 09:13:00 AM;11317.062;0
08/12/2022 09:13:30 AM;11316.938;0
08/12/2022 09:14:00 AM;11313.726;0
08/12/2022 09:14:30 AM;11320.386;0
08/12/2022 09:15:00 AM;11312.582;0
08/12/2022 09:15:30 AM;11334.218;0
08/12/2022 09:16:00 AM;11333.043;0
08/12/2022 09:16:30 AM;11368.156;0
08/12/2022 09:17:00 AM;11330.499;0
08/12/2022 09:17:30 AM;11335.032;0
08/12/2022 09:18:00 AM;11313.278;0
08/12/2022 09:18:30 AM;11324.104;0
08/12/2022 09:19:00 AM;11354.102;0
08/12/2022 09:19:30 AM;11324.225;0
08/12/2022 09:20:00 AM;11318.9;0
08/12/2022 09:20:30 AM;11330.924;0
08/12/2022 09:21:00 AM;11323.732;0
08/12/2022 09:21:30 AM;11327.346;0
08/12/2022 09:22:00 AM;11323.218;0
08/12/2022 09:22:30 AM;11329.459;0
08/12/2022 09:23:00 AM;11330.548;0
08/12/2022 09:23:30 AM;11323.112;0
08/12/2022 09:24:00 AM;11298.014;0
08/12/2022 09:24:30 AM;11324.372;0
08/12/2022 09:25:00 AM;11323.907;0
08/12/2022 09:25:30 AM;11335.614;0
08/12/2022 09:26:00 AM;11309.007;0
08/12/2022 09:26:30 AM;11314.245;0
08/12/2022 09:27:00 AM;11305.955;0
08/12/2022 09:27:30 AM;11340.817;0
08/12/2022 09:28:00 AM;11329.52;0
08/12/2022 09:28:30 AM;11342.552;0
08/12/2022 09:29:00 AM;11322.316;0
08/12/2022 09:29:30 AM;11337.785;0
08/12/2022 09:30:00 AM;11319.039;0
08/12/2022 09:30:30 AM;11355.582;0
08/12/2022 09:31:00 AM;11327.14;0
08/12/2022 09:31:30 AM;11327.243;0
08/12/2022 09:32:00 AM;11312.917;0
08/12/2022 09:32:30 AM;11301.877;0
08/12/2022 09:33:00 AM;11303.021;0
08/12/2022 09:33:30 AM;11312.581;0
08/12/2022 09:34:00 AM;11313.276;0
08/12/2022 09:34:30 AM;11310.899;0
08/12/2022 09:35:00 AM;11335.649;0
08/12/2022 09:35:30 AM;11332.282;0
08/12/2022 09:36:00 AM;11346.706;0
08/12/2022 09:36:30 AM;11355.589;0
08/12/2022 09:37:00 AM;11339.459;0
08/12/2022 09:37:30 AM;11338.206;0
08/12/2022 09:38:00 AM;11352.083;0
08/12/2022 09:38:30 AM;11357.253;0
08/12/2022 09:39:00 AM;11362.616;0
08/12/2022 09:39:30 AM;11351.305;0
08/12/2022 09:40:00 AM;11350.055;0
08/12/2022 09:40:30 AM;11342.74;0
08/12/2022 09:41:00 AM;11349.168;0
08/12/2022 09:41:30 AM;11327.29;0
08/12/2022 09:42:00 AM;11327.707;0
08/12/2022 09:42:30 AM;11334.205;0
08/12/2022 09:43:00 AM;11353.527;0
08/12/2022 09:43:30 AM;11323.346;0
08/12/2022 09:44:00 AM;11324.885;0
08/12/2022 09:44:30 AM;11329.058;0
08/12/2022 09:45:00 AM;11333.93;0
08/12/2022 09:45:30 AM;11339.367;0
08/12/2022 09:46:00 AM;11341.297;0
08/12/2022 09:46:30 AM;11346.301;0
08/12/2022 09:47:00 AM;11344.438;0
08/12/2022 09:47:30 AM;11350.954;0
08/12/2022 09:48:00 AM;11363.765;0
08/12/2022 09:48:30 AM;11359.291;0
08/12/2022 09:49:00 AM;11349.282;0
08/12/2022 09:49:30 AM;11372.259;0
08/12/2022 09:50:00 AM;11381.89;0
08/12/2022 09:50:30 AM;11378.891;0
08/12/2022 09:51:00 AM;11379.438;0
08/12/2022 09:51:30 AM;11365.62;0
08/12/2022 09:52:00 AM;11358.202;0
08/12/2022 09:52:30 AM;11345.479;0
08/12/2022 09:53:00 AM;11376.682;0
08/12/2022 09:53:30 AM;11383.037;0
08/12/2022 09:54:00 AM;11405.163;0
08/12/2022 09:54:30 AM;11390.062;0
08/12/2022 09:55:00 AM;11397.358;0
08/12/2022 09:55:30 AM;11386.984;0
08/12/2022 09:56:00 AM;11382.198;0
08/12/2022 09:56:30 AM;11371.416;0
08/12/2022 09:57:00 AM;11397.489;0
08/12/2022 09:57:30 AM;11382.574;0
08/12/2022 09:58:00 AM;11372.832;0
08/12/2022 09:58:30 AM;11358.947;0
08/12/2022 09:59:00 AM;11365.84;0
08/12/2022 09:59:30 AM;11363.709;0
08/12/2022 10:00:00 AM;11377.761;0
08/12/2022 10:00:30 AM;11383.557;0
08/12/2022 10:01:00 AM;11396.693;0
08/12/2022 10:01:30 AM;11391.924;0
08/12/2022 10:02:00 AM;11383.55;0
08/12/2022 10:02:30 AM;11383.298;0
08/12/2022 10:03:00 AM;11413.829;0
08/12/2022 10:03:30 AM;11407.308;0
08/12/2022 10:04:00 AM;11393.588;0
08/12/2022 10:04:30 AM;11384.153;0
08/12/2022 10:05:00 AM;11386.243;0
08/12/2022 10:05:30 AM;11390.867;0
08/12/2022 10:06:00 AM;11407.844;0
08/12/2022 10:06:30 AM;11376.951;0
08/12/2022 10:07:00 AM;11355.635;0
08/12/2022 10:07:30 AM;11359.422;0
08/12/2022 10:08:00 AM;11371.326;0
08/12/2022 10:08:30 AM;11386.917;0
08/12/2022 10:09:00 AM;11380.07;0
08/12/2022 10:09:30 AM;11385.9;0
08/12/2022 10:10:00 AM;11390.575;0
08/12/2022 10:10:30 AM;11393.202;0
08/12/2022 10:11:00 AM;11387.561;0
08/12/2022 10:11:30 AM;11404.558;0
08/12/2022 10:12:00 AM;11391.005;0
08/12/2022 10:12:30 AM;11396.658;0
08/12/2022 10:13:00 AM;11373.973;0
08/12/2022 10:13:30 AM;11370.721;0
08/12/2022 10:14:00 AM;11377.895;0
08/12/2022 10:14:30 AM;11395.746;0
08/12/2022 10:15:00 AM;11390.299;0
08/12/2022 10:15:30 AM;11394.226;0
08/12/2022 10:16:00 AM;11379.403;0
08/12/2022 10:16:30 AM;11404.835;0
08/12/2022 10:17:00 AM;11393.739;0
08/12/2022 10:17:30 AM;11420.171;0
08/12/2022 10:18:00 AM;11384.586;0
08/12/2022 10:18:30 AM;11373.213;0
08/12/2022 10:19:00 AM;11380.384;0
08/12/2022 10:19:30 AM;11367.896;0
08/12/2022 10:20:00 AM;11374.834;0
08/12/2022 10:20:30 AM;11358.621;0
08/12/2022 10:21:00 AM;11366.392;0
08/12/2022 10:21:30 AM;11365.383;0
08/12/2022 10:22:00 AM;11365.385;0
08/12/2022 10:22:30 AM;11354.741;0
08/12/2022 10:23:00 AM;11389.162;0
08/12/2022 10:23:30 AM;11386.693;0
08/12/2022 10:24:00 AM;11398.415;0
08/12/2022 10:24:30 AM;11390.951;0
08/12/2022 10:25:00 AM;11378.178;0
08/12/2022 10:25:30 AM;11380.045;0
08/12/2022 10:26:00 AM;11387.101;0
08/12/2022 10:26:30 AM;11381.513;0
08/12/2022 10:27:00 AM;11387.354;0
08/12/2022 10:27:30 AM;11386.661;0
08/12/2022 10:28:00 AM;11379.998;0
08/12/2022 10:28:30 AM;11362.141;0
08/12/2022 10:29:00 AM;11375.922;0
08/12/2022 10:29:30 AM;11367.356;0
08/12/2022 10:30:00 AM;11372.801;0
08/12/2022 10:30:30 AM;11369.244;0
08/12/2022 10:31:00 AM;11358.046;0
08/12/2022 10:31:30 AM;11373.08;0
08/12/2022 10:32:00 AM;11366.665;0
08/12/2022 10:32:30 AM;11369.597;0
08/12/2022 10:33:00 AM;11369.317;0
08/12/2022 10:33:30 AM;11381.764;0
08/12/2022 10:34:00 AM;11365.536;0
08/12/2022 10:34:30 AM;11362.705;0
08/12/2022 10:35:00 AM;11347.512;0
08/12/2022 10:35:30 AM;11377.195;0
08/12/2022 10:36:00 AM;11359.392;0
08/12/2022 10:36:30 AM;11365.059;0
08/12/2022 10:37:00 AM;11391.143;0
08/12/2022 10:37:30 AM;11374.751;0
08/12/2022 10:38:00 AM;11376.307;0
08/12/2022 10:38:30 AM;11369.356;0
08/12/2022 10:39:00 AM;11376.797;0
08/12/2022 10:39:30 AM;11410.173;0
08/12/2022 10:40:00 AM;11418.568;0
08/12/2022 10:40:30 AM;11416.105;0
08/12/2022 10:41:00 AM;11391.188;0
08/12/2022 10:41:30 AM;11408.695;0
08/12/2022 10:42:00 AM;11406.12;0
08/12/2022 10:42:30 AM;11415.311;0
08/12/2022 10:43:00 AM;11418.252;0
08/12/2022 10:43:30 AM;11425.368;0
08/12/2022 10:44:00 AM;11411.458;0
08/12/2022 10:44:30 AM;11414.759;0
08/12/2022 10:45:00 AM;11411.954;0
08/12/2022 10:45:30 AM;11393.114;0
08/12/2022 10:46:00 AM;11393.684;0
08/12/2022 10:46:30 AM;11396.828;0
08/12/2022 10:47:00 AM;11380.718;0
08/12/2022 10:47:30 AM;11362.531;0
08/12/2022 10:48:00 AM;11390.649;0
08/12/2022 10:48:30 AM;11383.578;0
08/12/2022 10:49:00 AM;11388.161;0
08/12/2022 10:49:30 AM;11381.511;0
08/12/2022 10:50:00 AM;11375.896;0
08/12/2022 10:50:30 AM;11387.23;0
08/12/2022 10:51:00 AM;11391.653;0
08/12/2022 10:51:30 AM;11401.703;0
08/12/2022 10:52:00 AM;11402.074;0
08/12/2022 10:52:30 AM;11376.118;0
08/12/2022 10:53:00 AM;11394.047;0
08/12/2022 10:53:30 AM;11395.925;0
08/12/2022 10:54:00 AM;11387.765;0
08/12/2022 10:54:30 AM;11401.245;0
08/12/2022 10:55:00 AM;11405.812;0
08/12/2022 10:55:30 AM;11382.289;0
08/12/2022 10:56:00 AM;11360.827;0
08/12/2022 10:56:30 AM;11380.594;0
08/12/2022 10:57:00 AM;11387.979;0
08/12/2022 10:57:30 AM;11374.605;0
08/12/2022 10:58:00 AM;11367.025;0
08/12/2022 10:58:30 AM;11251.316;0
08/12/2022 10:59:00 AM;11242.999;0
08/12/2022 10:59:30 AM;11305.864;0
08/12/2022 11:00:00 AM;11421.929;0
08/12/2022 11:00:30 AM;11431.046;0
08/12/2022 11:01:00 AM;11318.371;0
08/12/2022 11:01:30 AM;11422.193;0
08/12/2022 11:02:00 AM;11432.605;0
08/12/2022 11:02:30 AM;11446.984;0
08/12/2022 11:03:00 AM;11444.718;0
08/12/2022 11:03:30 AM;11331.43;0
08/12/2022 11:04:00 AM;11422.499;0
08/12/2022 11:04:30 AM;11429.797;0
08/12/2022 11:05:00 AM;11433.651;0
08/12/2022 11:05:30 AM;11413.751;0
08/12/2022 11:06:00 AM;11413.576;0
08/12/2022 11:06:30 AM;11397.887;0
08/12/2022 11:07:00 AM;11305.516;0
08/12/2022 11:07:30 AM;11316.053;0
08/12/2022 11:08:00 AM;11304.467;0
08/12/2022 11:08:30 AM;11324.398;0
08/12/2022 11:09:00 AM;11404.92;0
08/12/2022 11:09:30 AM;11311.926;0
08/12/2022 11:10:00 AM;11324.546;0
08/12/2022 11:10:30 AM;11420.345;0
08/12/2022 11:11:00 AM;11306.514;0
08/12/2022 11:11:30 AM;11311.867;0
08/12/2022 11:12:00 AM;11294.076;0
08/12/2022 11:12:30 AM;11276.704;0
08/12/2022 11:13:00 AM;11402.764;0
08/12/2022 11:13:30 AM;11343.928;0
08/12/2022 11:14:00 AM;11309.07;0
08/12/2022 11:14:30 AM;11295.645;0
08/12/2022 11:15:00 AM;11307.815;0
08/12/2022 11:15:30 AM;11421.892;0
08/12/2022 11:16:00 AM;11293.702;0
08/12/2022 11:16:30 AM;11307.388;0
08/12/2022 11:17:00 AM;11303.703;0
08/12/2022 11:17:30 AM;11299.718;0
08/12/2022 11:18:00 AM;11452.363;0
08/12/2022 11:18:30 AM;11416.639;0
08/12/2022 11:19:00 AM;11408.388;0
08/12/2022 11:19:30 AM;11423.589;0
08/12/2022 11:20:00 AM;11293.368;0
08/12/2022 11:20:30 AM;11308.285;0
08/12/2022 11:21:00 AM;11288.306;0
08/12/2022 11:21:30 AM;11275.353;0
08/12/2022 11:22:00 AM;11313.113;0
08/12/2022 11:22:30 AM;11284.012;0
08/12/2022 11:23:00 AM;11299.321;0
08/12/2022 11:23:30 AM;11279;0
08/12/2022 11:24:00 AM;11290.096;0
08/12/2022 11:24:30 AM;11344.692;0
08/12/2022 11:25:00 AM;11278.529;0
08/12/2022 11:25:30 AM;11299.312;0
08/12/2022 11:26:00 AM;11401.384;0
08/12/2022 11:26:30 AM;11406.561;0
08/12/2022 11:27:00 AM;11285.553;0
08/12/2022 11:27:30 AM;11288.232;0
08/12/2022 11:28:00 AM;11297.737;0
08/12/2022 11:28:30 AM;11287.947;0
08/12/2022 11:29:00 AM;11401.731;0
08/12/2022 11:29:30 AM;11296.544;0
08/12/2022 11:30:00 AM;11297.015;0
08/12/2022 11:30:30 AM;11302.26;0
08/12/2022 11:31:00 AM;11313.585;0
08/12/2022 11:31:30 AM;11388.947;0
08/12/2022 11:32:00 AM;11400.103;0
08/12/2022 11:32:30 AM;11394.971;0
08/12/2022 11:33:00 AM;11298.297;0
08/12/2022 11:33:30 AM;11293.173;0
08/12/2022 11:34:00 AM;11297.32;0
08/12/2022 11:34:30 AM;11296.284;0
08/12/2022 11:35:00 AM;11353.152;0
08/12/2022 11:35:30 AM;11276.535;0
08/12/2022 11:36:00 AM;11287.887;0
08/12/2022 11:36:30 AM;11284.628;0
08/12/2022 11:37:00 AM;11280.88;0
08/12/2022 11:37:30 AM;11303.3;0
08/12/2022 11:38:00 AM;11402.031;0
08/12/2022 11:38:30 AM;11418.867;0
08/12/2022 11:39:00 AM;11335.063;0
08/12/2022 11:39:30 AM;11304.981;0
08/12/2022 11:40:00 AM;11291.875;0
08/12/2022 11:40:30 AM;11282.281;0
08/12/2022 11:41:00 AM;11275.768;0
08/12/2022 11:41:30 AM;11288.173;0
08/12/2022 11:42:00 AM;11432.338;0
08/12/2022 11:42:30 AM;11303.209;0
08/12/2022 11:43:00 AM;11291.143;0
08/12/2022 11:43:30 AM;11301.378;0
08/12/2022 11:44:00 AM;11286.266;0
08/12/2022 11:44:30 AM;11296.775;0
08/12/2022 11:45:00 AM;11401.795;0
08/12/2022 11:45:30 AM;11296.837;0
08/12/2022 11:46:00 AM;11275.137;0
08/12/2022 11:46:30 AM;11274.918;0
08/12/2022 11:47:00 AM;11305.724;0
08/12/2022 11:47:30 AM;11401.278;0
08/12/2022 11:48:00 AM;11289.026;0
08/12/2022 11:48:30 AM;11323.042;0
08/12/2022 11:49:00 AM;11304.278;0
08/12/2022 11:49:30 AM;11326.581;0
08/12/2022 11:50:00 AM;11383.338;0
08/12/2022 11:50:30 AM;11289.083;0
08/12/2022 11:51:00 AM;11303.438;0
08/12/2022 11:51:30 AM;11302.414;0
08/12/2022 11:52:00 AM;11431.018;0
08/12/2022 11:52:30 AM;11444.008;0
08/12/2022 11:53:00 AM;11309.823;0
08/12/2022 11:53:30 AM;11312.69;0
08/12/2022 11:54:00 AM;11310.914;0
08/12/2022 11:54:30 AM;11302.409;0
08/12/2022 11:55:00 AM;11312.982;0
08/12/2022 11:55:30 AM;11443.814;0
08/12/2022 11:56:00 AM;11305.188;0
08/12/2022 11:56:30 AM;11292.709;0
08/12/2022 11:57:00 AM;11274.188;0
08/12/2022 11:57:30 AM;11303.104;0
08/12/2022 11:58:00 AM;11310.347;0
08/12/2022 11:58:30 AM;11454.64;0
08/12/2022 11:59:00 AM;11427.106;0
08/12/2022 11:59:30 AM;11462.901;0
08/12/2022 12:00:00 PM;11318.898;0
08/12/2022 12:00:30 PM;11331.102;0
08/12/2022 12:01:00 PM;11317.161;0
08/12/2022 12:01:30 PM;11331.67;0
08/12/2022 12:02:00 PM;11334.983;0
08/12/2022 12:02:30 PM;11461.37;0
08/12/2022 12:03:00 PM;11310.068;0
08/12/2022 12:03:30 PM;11327.02;0
08/12/2022 12:04:00 PM;11349.747;0
08/12/2022 12:04:30 PM;11331.083;0
08/12/2022 12:05:00 PM;11330.902;0
08/12/2022 12:05:30 PM;11441.611;0
08/12/2022 12:06:00 PM;11458.056;0
08/12/2022 12:06:30 PM;11355.301;0
08/12/2022 12:07:00 PM;11342.393;0
08/12/2022 12:07:30 PM;11344.079;0
08/12/2022 12:08:00 PM;11333.615;0
08/12/2022 12:08:30 PM;11441.087;0
08/12/2022 12:09:00 PM;11324.551;0
08/12/2022 12:09:30 PM;11320.829;0
08/12/2022 12:10:00 PM;11330.664;0
08/12/2022 12:10:30 PM;11309.99;0
08/12/2022 12:11:00 PM;11300.873;0
08/12/2022 12:11:30 PM;11360.984;0
08/12/2022 12:12:00 PM;11473.942;0
08/12/2022 12:12:30 PM;11336.366;0
08/12/2022 12:13:00 PM;11342.973;0
08/12/2022 12:13:30 PM;11346.969;0
08/12/2022 12:14:00 PM;11344.885;0
08/12/2022 12:14:30 PM;11459.202;0
08/12/2022 12:15:00 PM;11331.97;0
08/12/2022 12:15:30 PM;11338.854;0
08/12/2022 12:16:00 PM;11344.306;0
08/12/2022 12:16:30 PM;11359.032;0
08/12/2022 12:17:00 PM;11444.212;0
08/12/2022 12:17:30 PM;11342.703;0
08/12/2022 12:18:00 PM;11347.324;0
08/12/2022 12:18:30 PM;11333.721;0
08/12/2022 12:19:00 PM;11339.792;0
08/12/2022 12:19:30 PM;11308.211;0
08/12/2022 12:20:00 PM;11364.628;0
08/12/2022 12:20:30 PM;11449.029;0
08/12/2022 12:21:00 PM;11328.834;0
08/12/2022 12:21:30 PM;11335.184;0
08/12/2022 12:22:00 PM;11331.618;0
08/12/2022 12:22:30 PM;11352.271;0
08/12/2022 12:23:00 PM;11356.007;0
08/12/2022 12:23:30 PM;11483.021;0
08/12/2022 12:24:00 PM;11355.52;0
08/12/2022 12:24:30 PM;11373.67;0
08/12/2022 12:25:00 PM;11350.268;0
08/12/2022 12:25:30 PM;11368.495;0
08/12/2022 12:26:00 PM;11468.376;0
08/12/2022 12:26:30 PM;11363.635;0
08/12/2022 12:27:00 PM;11361.561;0
08/12/2022 12:27:30 PM;11372.882;0
08/12/2022 12:28:00 PM;11362.211;0
08/12/2022 12:28:30 PM;11471.154;0
08/12/2022 12:29:00 PM;11379.513;0
08/12/2022 12:29:30 PM;11383.079;0
08/12/2022 12:30:00 PM;11378.323;0
08/12/2022 12:30:30 PM;11380.771;0
08/12/2022 12:31:00 PM;11375.556;0
08/12/2022 12:31:30 PM;11502.6;0
08/12/2022 12:32:00 PM;11359.125;0
08/12/2022 12:32:30 PM;11325.549;0
08/12/2022 12:33:00 PM;11341.432;0
08/12/2022 12:33:30 PM;11352.921;0
08/12/2022 12:34:00 PM;11352.239;0
08/12/2022 12:34:30 PM;11456.831;0
08/12/2022 12:35:00 PM;11331.597;0
08/12/2022 12:35:30 PM;11332.708;0
08/12/2022 12:36:00 PM;11339.769;0
08/12/2022 12:36:30 PM;11336.994;0
08/12/2022 12:37:00 PM;11342.21;0
08/12/2022 12:37:30 PM;11370.97;0
08/12/2022 12:38:00 PM;11470.586;0
08/12/2022 12:38:30 PM;11332.77;0
08/12/2022 12:39:00 PM;11333.835;0
08/12/2022 12:39:30 PM;11308.754;0
08/12/2022 12:40:00 PM;11307.896;0
08/12/2022 12:40:30 PM;11296.313;0
08/12/2022 12:41:00 PM;11435.075;0
08/12/2022 12:41:30 PM;11311.394;0
08/12/2022 12:42:00 PM;11329.377;0
08/12/2022 12:42:30 PM;11318.128;0
08/12/2022 12:43:00 PM;11328.641;0
08/12/2022 12:43:30 PM;11322.976;0
08/12/2022 12:44:00 PM;11424.58;0
08/12/2022 12:44:30 PM;11314.903;0
08/12/2022 12:45:00 PM;11319.727;0
08/12/2022 12:45:30 PM;11310.665;0
08/12/2022 12:46:00 PM;11326.707;0
08/12/2022 12:46:30 PM;11455.631;0
08/12/2022 12:47:00 PM;11369.429;0
08/12/2022 12:47:30 PM;11367.973;0
08/12/2022 12:48:00 PM;11353.569;0
08/12/2022 12:48:30 PM;11375.364;0
08/12/2022 12:49:00 PM;11380.504;0
08/12/2022 12:49:30 PM;11367.385;0
08/12/2022 12:50:00 PM;11358.701;0
08/12/2022 12:50:30 PM;11369.634;0
08/12/2022 12:51:00 PM;11378.563;0
08/12/2022 12:51:30 PM;11397.026;0
08/12/2022 12:52:00 PM;11373.188;0
08/12/2022 12:52:30 PM;11366.732;0
08/12/2022 12:53:00 PM;11375.15;0
08/12/2022 12:53:30 PM;11392.105;0
08/12/2022 12:54:00 PM;11510.177;0
08/12/2022 12:54:30 PM;11409.593;0
08/12/2022 12:55:00 PM;11381.237;0
08/12/2022 12:55:30 PM;11368.787;0
08/12/2022 12:56:00 PM;11365.338;0
08/12/2022 12:56:30 PM;11359.806;0
08/12/2022 12:57:00 PM;11486.281;0
08/12/2022 12:57:30 PM;11369.669;0
08/12/2022 12:58:00 PM;11379.788;0
08/12/2022 12:58:30 PM;11346.014;0
08/12/2022 12:59:00 PM;11472.579;0
08/12/2022 12:59:30 PM;11452.183;0
08/12/2022 01:00:00 PM;11359.389;0
08/12/2022 01:00:30 PM;11332.057;0
08/12/2022 01:01:00 PM;11413.213;0
08/12/2022 01:01:30 PM;11404.923;0
08/12/2022 01:02:00 PM;11347.168;0
08/12/2022 01:02:30 PM;11439.545;0
08/12/2022 01:03:00 PM;11432.926;0
08/12/2022 01:03:30 PM;11433.957;0
08/12/2022 01:04:00 PM;11334.382;0
08/12/2022 01:04:30 PM;11459.16;0
08/12/2022 01:05:00 PM;11413.802;0
08/12/2022 01:05:30 PM;11411.36;0
08/12/2022 01:06:00 PM;11426.894;0
08/12/2022 01:06:30 PM;11325.429;0
08/12/2022 01:07:00 PM;11325.441;0
08/12/2022 01:07:30 PM;11340.574;0
08/12/2022 01:08:00 PM;11344.969;0
08/12/2022 01:08:30 PM;11492.242;0
08/12/2022 01:09:00 PM;11327.234;0
08/12/2022 01:09:30 PM;11348.835;0
08/12/2022 01:10:00 PM;11362.209;0
08/12/2022 01:10:30 PM;11363.328;0
08/12/2022 01:11:00 PM;11365.658;0
08/12/2022 01:11:30 PM;11511.364;0
08/12/2022 01:12:00 PM;11368.196;0
08/12/2022 01:12:30 PM;11378.401;0
08/12/2022 01:13:00 PM;11383.892;0
08/12/2022 01:13:30 PM;11382.766;0
08/12/2022 01:14:00 PM;11370.405;0
08/12/2022 01:14:30 PM;11396.042;0
08/12/2022 01:15:00 PM;11479.954;0
08/12/2022 01:15:30 PM;11423.947;0
08/12/2022 01:16:00 PM;11364.14;0
08/12/2022 01:16:30 PM;11333.916;0
08/12/2022 01:17:00 PM;11467.144;0
08/12/2022 01:17:30 PM;11380.141;0
08/12/2022 01:18:00 PM;11360.314;0
08/12/2022 01:18:30 PM;11331.663;0
08/12/2022 01:19:00 PM;11379.324;0
08/12/2022 01:19:30 PM;11377.159;0
08/12/2022 01:20:00 PM;11359.677;0
08/12/2022 01:20:30 PM;11480.063;0
08/12/2022 01:21:00 PM;11390.341;0
08/12/2022 01:21:30 PM;11410.824;0
08/12/2022 01:22:00 PM;11395.649;0
08/12/2022 01:22:30 PM;11389.037;0
08/12/2022 01:23:00 PM;11403.557;0
08/12/2022 01:23:30 PM;11435.292;0
08/12/2022 01:24:00 PM;11408.718;0
08/12/2022 01:24:30 PM;11407.118;0
08/12/2022 01:25:00 PM;11405.316;0
08/12/2022 01:25:30 PM;11405.183;0
08/12/2022 01:26:00 PM;11398.56;0
08/12/2022 01:26:30 PM;11445.237;0
08/12/2022 01:27:00 PM;11400.139;0
08/12/2022 01:27:30 PM;11390.282;0
08/12/2022 01:28:00 PM;11392.576;0
08/12/2022 01:28:30 PM;11375.706;0
08/12/2022 01:29:00 PM;11380.408;0
08/12/2022 01:29:30 PM;11513.387;0
08/12/2022 01:30:00 PM;11387.36;0
08/12/2022 01:30:30 PM;11384.639;0
08/12/2022 01:31:00 PM;11375.477;0
08/12/2022 01:31:30 PM;11379.021;0
08/12/2022 01:32:00 PM;11381.033;0
08/12/2022 01:32:30 PM;11517.158;0
08/12/2022 01:33:00 PM;11366.986;0
08/12/2022 01:33:30 PM;11389.075;0
08/12/2022 01:34:00 PM;11481.192;0
08/12/2022 01:34:30 PM;11474.377;0
08/12/2022 01:35:00 PM;11517.134;0
08/12/2022 01:35:30 PM;11391.05;0
08/12/2022 01:36:00 PM;11473.197;0
08/12/2022 01:36:30 PM;11483.105;0
08/12/2022 01:37:00 PM;11501.837;0
08/12/2022 01:37:30 PM;11390.41;0
08/12/2022 01:38:00 PM;11474.766;0
08/12/2022 01:38:30 PM;11484.547;0
08/12/2022 01:39:00 PM;11527.578;0
08/12/2022 01:39:30 PM;11391.208;0
08/12/2022 01:40:00 PM;11474.099;0
08/12/2022 01:40:30 PM;11488.887;0
08/12/2022 01:41:00 PM;11379.118;0
08/12/2022 01:41:30 PM;11352.342;0
08/12/2022 01:42:00 PM;11468.246;0
08/12/2022 01:42:30 PM;11374.135;0
08/12/2022 01:43:00 PM;11391.201;0
08/12/2022 01:43:30 PM;11358.155;0
08/12/2022 01:44:00 PM;11467.559;0
08/12/2022 01:44:30 PM;11353.777;0
08/12/2022 01:45:00 PM;11365.368;0
08/12/2022 01:45:30 PM;11308.4;0
08/12/2022 01:46:00 PM;11444.181;0
08/12/2022 01:46:30 PM;11366.072;0
08/12/2022 01:47:00 PM;11378.438;0
08/12/2022 01:47:30 PM;11365.72;0
08/12/2022 01:48:00 PM;11466.943;0
08/12/2022 01:48:30 PM;11381.472;0
08/12/2022 01:49:00 PM;11382.441;0
08/12/2022 01:49:30 PM;11472.027;0
08/12/2022 01:50:00 PM;11459.679;0
08/12/2022 01:50:30 PM;11385.813;0
08/12/2022 01:51:00 PM;11484.757;0
08/12/2022 01:51:30 PM;11462.337;0
08/12/2022 01:52:00 PM;11399.095;0
08/12/2022 01:52:30 PM;11391.359;0
08/12/2022 01:53:00 PM;11390.456;0
08/12/2022 01:53:30 PM;11398.296;0
08/12/2022 01:54:00 PM;11394.571;0
08/12/2022 01:54:30 PM;11517.029;0
08/12/2022 01:55:00 PM;11385.713;0
08/12/2022 01:55:30 PM;11378.376;0
08/12/2022 01:56:00 PM;11397.163;0
08/12/2022 01:56:30 PM;11398.422;0
08/12/2022 01:57:00 PM;11397.581;0
08/12/2022 01:57:30 PM;11527.694;0
08/12/2022 01:58:00 PM;11400.226;0
08/12/2022 01:58:30 PM;11388.304;0
08/12/2022 01:59:00 PM;11408.999;0
08/12/2022 01:59:30 PM;11403.288;0
08/12/2022 02:00:00 PM;11448.802;0
08/12/2022 02:00:30 PM;11374.015;0
08/12/2022 02:01:00 PM;11369.697;0
08/12/2022 02:01:30 PM;11382.266;0
08/12/2022 02:02:00 PM;11397.985;0
08/12/2022 02:02:30 PM;11466.697;0
08/12/2022 02:03:00 PM;11386.654;0
08/12/2022 02:03:30 PM;11383.182;0
08/12/2022 02:04:00 PM;11390.871;0
08/12/2022 02:04:30 PM;11363.682;0
08/12/2022 02:05:00 PM;11455.078;0
08/12/2022 02:05:30 PM;11367.591;0
08/12/2022 02:06:00 PM;11370.621;0
08/12/2022 02:06:30 PM;11353.423;0
08/12/2022 02:07:00 PM;11347.877;0
08/12/2022 02:07:30 PM;11365.142;0
08/12/2022 02:08:00 PM;11485.009;0
08/12/2022 02:08:30 PM;11360.37;0
08/12/2022 02:09:00 PM;11365.895;0
08/12/2022 02:09:30 PM;11345.761;0
08/12/2022 02:10:00 PM;11351.164;0
08/12/2022 02:10:30 PM;11470.146;0
08/12/2022 02:11:00 PM;11354.455;0
08/12/2022 02:11:30 PM;11354.922;0
08/12/2022 02:12:00 PM;11330.026;0
08/12/2022 02:12:30 PM;11342.113;0
08/12/2022 02:13:00 PM;11484.582;0
08/12/2022 02:13:30 PM;11356.317;0
08/12/2022 02:14:00 PM;11367.228;0
08/12/2022 02:14:30 PM;11385.577;0
08/12/2022 02:15:00 PM;11372.245;0
08/12/2022 02:15:30 PM;11495.053;0
08/12/2022 02:16:00 PM;11402.004;0
08/12/2022 02:16:30 PM;11408.452;0
08/12/2022 02:17:00 PM;11391.324;0
08/12/2022 02:17:30 PM;11390.672;0
08/12/2022 02:18:00 PM;11434.243;0
08/12/2022 02:18:30 PM;11376.198;0
08/12/2022 02:19:00 PM;11384.726;0
08/12/2022 02:19:30 PM;11400.114;0
08/12/2022 02:20:00 PM;11389.394;0
08/12/2022 02:20:30 PM;11384.778;0
08/12/2022 02:21:00 PM;11512.146;0
08/12/2022 02:21:30 PM;11380.047;0
08/12/2022 02:22:00 PM;11364.627;0
08/12/2022 02:22:30 PM;11366.331;0
08/12/2022 02:23:00 PM;11363.573;0
08/12/2022 02:23:30 PM;11487.701;0
08/12/2022 02:24:00 PM;11378.037;0
08/12/2022 02:24:30 PM;11378.034;0
08/12/2022 02:25:00 PM;11369.516;0
08/12/2022 02:25:30 PM;11379.42;0
08/12/2022 02:26:00 PM;11515.799;0
08/12/2022 02:26:30 PM;11356.45;0
08/12/2022 02:27:00 PM;11378.221;0
08/12/2022 02:27:30 PM;11375.412;0
08/12/2022 02:28:00 PM;11371.416;0
08/12/2022 02:28:30 PM;11487.107;0
08/12/2022 02:29:00 PM;11372.731;0
08/12/2022 02:29:30 PM;11400.688;0
08/12/2022 02:30:00 PM;11417.141;0
08/12/2022 02:30:30 PM;11417.422;0
08/12/2022 02:31:00 PM;11421.525;0
08/12/2022 02:31:30 PM;11519.717;0
08/12/2022 02:32:00 PM;11401.941;0
08/12/2022 02:32:30 PM;11392.081;0
08/12/2022 02:33:00 PM;11381.259;0
08/12/2022 02:33:30 PM;11355.056;0
08/12/2022 02:34:00 PM;11360.409;0
08/12/2022 02:34:30 PM;11480.237;0
08/12/2022 02:35:00 PM;11448.294;0
08/12/2022 02:35:30 PM;11398.484;0
08/12/2022 02:36:00 PM;11395.686;0
08/12/2022 02:36:30 PM;11398.136;0
08/12/2022 02:37:00 PM;11386.302;0
08/12/2022 02:37:30 PM;11418.302;0
08/12/2022 02:38:00 PM;11524.569;0
08/12/2022 02:38:30 PM;11394.223;0
08/12/2022 02:39:00 PM;11478.017;0
08/12/2022 02:39:30 PM;11487.449;0
08/12/2022 02:40:00 PM;11410.409;0
08/12/2022 02:40:30 PM;11394.871;0
08/12/2022 02:41:00 PM;11497.619;0
08/12/2022 02:41:30 PM;11484.833;0
08/12/2022 02:42:00 PM;11408.603;0
08/12/2022 02:42:30 PM;11521.088;0
08/12/2022 02:43:00 PM;11472.186;0
08/12/2022 02:43:30 PM;11486.095;0
08/12/2022 02:44:00 PM;11498.333;0
08/12/2022 02:44:30 PM;11361.603;0
08/12/2022 02:45:00 PM;11459.704;0
08/12/2022 02:45:30 PM;11497.809;0
08/12/2022 02:46:00 PM;11390.354;0
08/12/2022 02:46:30 PM;11354.215;0
08/12/2022 02:47:00 PM;11472.921;0
08/12/2022 02:47:30 PM;11395.805;0
08/12/2022 02:48:00 PM;11502.283;0
08/12/2022 02:48:30 PM;11388.67;0
08/12/2022 02:49:00 PM;11485.597;0
08/12/2022 02:49:30 PM;11401.076;0
08/12/2022 02:50:00 PM;11418.953;0
08/12/2022 02:50:30 PM;11352.894;0
08/12/2022 02:51:00 PM;11478.06;0
08/12/2022 02:51:30 PM;11404.403;0
08/12/2022 02:52:00 PM;11407.182;0
08/12/2022 02:52:30 PM;11372.593;0
08/12/2022 02:53:00 PM;11496.802;0
08/12/2022 02:53:30 PM;11429.99;0
08/12/2022 02:54:00 PM;11429.287;0
08/12/2022 02:54:30 PM;11486.951;0
08/12/2022 02:55:00 PM;11497.866;0
08/12/2022 02:55:30 PM;11526.91;0
08/12/2022 02:56:00 PM;11405.2;0
08/12/2022 02:56:30 PM;11495.555;0
08/12/2022 02:57:00 PM;11505.635;0
08/12/2022 02:57:30 PM;11519.041;0
08/12/2022 02:58:00 PM;11412.606;0
08/12/2022 02:58:30 PM;11484.672;0
08/12/2022 02:59:00 PM;11506.876;0
08/12/2022 02:59:30 PM;11399.598;0
08/12/2022 03:00:00 PM;11501.501;0
08/12/2022 03:00:30 PM;11477.575;0
08/12/2022 03:01:00 PM;11510.764;0
08/12/2022 03:01:30 PM;11410.534;0
08/12/2022 03:02:00 PM;11476.874;0
08/12/2022 03:02:30 PM;11474.518;0
08/12/2022 03:03:00 PM;11508.001;0
08/12/2022 03:03:30 PM;11398.865;0
08/12/2022 03:04:00 PM;11490.066;0
08/12/2022 03:04:30 PM;11503.976;0
08/12/2022 03:05:00 PM;11420.315;0
08/12/2022 03:05:30 PM;11420.373;0
08/12/2022 03:06:00 PM;11501.33;0
08/12/2022 03:06:30 PM;11505.637;0
08/12/2022 03:07:00 PM;11412.649;0
08/12/2022 03:07:30 PM;11404.268;0
08/12/2022 03:08:00 PM;11477.828;0
08/12/2022 03:08:30 PM;11508.638;0