Timestamp;Power Generated [kW];QoS
08/12/2022 12:00:00 AM;23.308;0
08/12/2022 12:00:30 AM;17.244;0
08/12/2022 12:01:00 AM;15.246;0
08/12/2022 12:01:30 AM;16.037;0
08/12/2022 12:02:00 AM;13.738;0
08/12/2022 12:02:30 AM;23.179;0
08/12/2022 12:03:00 AM;17.682;0
08/12/2022 12:03:30 AM;20.542;0
08/12/2022 12:04:00 AM;18.752;0
08/12/2022 12:04:30 AM;20.633;0
08/12/2022 12:05:00 AM;27.937;0
08/12/2022 12:05:30 AM;34.933;0
08/12/2022 12:06:00 AM;41.658;0
08/12/2022 12:06:30 AM;39.42;0
08/12/2022 12:07:00 AM;24.739;0
08/12/2022 12:07:30 AM;28.027;0
08/12/2022 12:08:00 AM;33.592;0
08/12/2022 12:08:30 AM;32.28;0
08/12/2022 12:09:00 AM;25.918;0
08/12/2022 12:09:30 AM;28.064;0
08/12/2022 12:10:00 AM;32.433;0
08/12/2022 12:10:30 AM;29.062;0
08/12/2022 12:11:00 AM;36.86;0
08/12/2022 12:11:30 AM;32.119;0
08/12/2022 12:12:00 AM;29.745;0
08/12/2022 12:12:30 AM;25.858;0
08/12/2022 12:13:00 AM;28.643;0
08/12/2022 12:13:30 AM;29.578;0
08/12/2022 12:14:00 AM;31.774;0
08/12/2022 12:14:30 AM;25.645;0
08/12/2022 12:15:00 AM;22.397;0
08/12/2022 12:15:30 AM;19.802;0
08/12/2022 12:16:00 AM;22.59;0
08/12/2022 12:16:30 AM;21.872;0
08/12/2022 12:17:00 AM;24.23;0
08/12/2022 12:17:30 AM;27.965;0
08/12/2022 12:18:00 AM;29.087;0
08/12/2022 12:18:30 AM;29.931;0
08/12/2022 12:19:00 AM;23.956;0
08/12/2022 12:19:30 AM;20.411;0
08/12/2022 12:20:00 AM;27.154;0
08/12/2022 12:20:30 AM;21.635;0
08/12/2022 12:21:00 AM;25.15;0
08/12/2022 12:21:30 AM;20.725;0
08/12/2022 12:22:00 AM;20.632;0
08/12/2022 12:22:30 AM;34.944;0
08/12/2022 12:23:00 AM;22.379;0
08/12/2022 12:23:30 AM;19.473;0
08/12/2022 12:24:00 AM;23.115;0
08/12/2022 12:24:30 AM;25.508;0
08/12/2022 12:25:00 AM;18.254;0
08/12/2022 12:25:30 AM;27.884;0
08/12/2022 12:26:00 AM;23.735;0
08/12/2022 12:26:30 AM;25.978;0
08/12/2022 12:27:00 AM;40.528;0
08/12/2022 12:27:30 AM;36.91;0
08/12/2022 12:28:00 AM;32.753;0
08/12/2022 12:28:30 AM;27.091;0
08/12/2022 12:29:00 AM;35.697;0
08/12/2022 12:29:30 AM;36.479;0
08/12/2022 12:30:00 AM;30.776;0
08/12/2022 12:30:30 AM;30.966;0
08/12/2022 12:31:00 AM;36.458;0
08/12/2022 12:31:30 AM;35.236;0
08/12/2022 12:32:00 AM;31.586;0
08/12/2022 12:32:30 AM;20.32;0
08/12/2022 12:33:00 AM;29.636;0
08/12/2022 12:33:30 AM;32.281;0
08/12/2022 12:34:00 AM;40.454;0
08/12/2022 12:34:30 AM;47.656;0
08/12/2022 12:35:00 AM;51.683;0
08/12/2022 12:35:30 AM;68.677;0
08/12/2022 12:36:00 AM;39.34;0
08/12/2022 12:36:30 AM;40.272;0
08/12/2022 12:37:00 AM;45.978;0
08/12/2022 12:37:30 AM;45.806;0
08/12/2022 12:38:00 AM;33.103;0
08/12/2022 12:38:30 AM;33.668;0
08/12/2022 12:39:00 AM;38.703;0
08/12/2022 12:39:30 AM;38.44;0
08/12/2022 12:40:00 AM;35.712;0
08/12/2022 12:40:30 AM;56.344;0
08/12/2022 12:41:00 AM;60.648;0
08/12/2022 12:41:30 AM;43.248;0
08/12/2022 12:42:00 AM;47.993;0
08/12/2022 12:42:30 AM;30.406;0
08/12/2022 12:43:00 AM;40.416;0
08/12/2022 12:43:30 AM;34.975;0
08/12/2022 12:44:00 AM;43.679;0
08/12/2022 12:44:30 AM;48.834;0
08/12/2022 12:45:00 AM;44.029;0
08/12/2022 12:45:30 AM;53.098;0
08/12/2022 12:46:00 AM;56.267;0
08/12/2022 12:46:30 AM;48.699;0
08/12/2022 12:47:00 AM;38.219;0
08/12/2022 12:47:30 AM;47.702;0
08/12/2022 12:48:00 AM;56.643;0
08/12/2022 12:48:30 AM;41.827;0
08/12/2022 12:49:00 AM;37.952;0
08/12/2022 12:49:30 AM;40.545;0
08/12/2022 12:50:00 AM;65.186;0
08/12/2022 12:50:30 AM;48.39;0
08/12/2022 12:51:00 AM;51.229;0
08/12/2022 12:51:30 AM;56.552;0
08/12/2022 12:52:00 AM;79.999;0
08/12/2022 12:52:30 AM;56.231;0
08/12/2022 12:53:00 AM;62.574;0
08/12/2022 12:53:30 AM;51.372;0
08/12/2022 12:54:00 AM;46.394;0
08/12/2022 12:54:30 AM;56.012;0
08/12/2022 12:55:00 AM;39.652;0
08/12/2022 12:55:30 AM;49.752;0
08/12/2022 12:56:00 AM;56.334;0
08/12/2022 12:56:30 AM;48.87;0
08/12/2022 12:57:00 AM;49.479;0
08/12/2022 12:57:30 AM;51.155;0
08/12/2022 12:58:00 AM;56.348;0
08/12/2022 12:58:30 AM;43.409;0
08/12/2022 12:59:00 AM;67.405;0
08/12/2022 12:59:30 AM;44.842;0
08/12/2022 01:00:00 AM;53.468;0
08/12/2022 01:00:30 AM;59.364;0
08/12/2022 01:01:00 AM;55.803;0
08/12/2022 01:01:30 AM;53.342;0
08/12/2022 01:02:00 AM;47.451;0
08/12/2022 01:02:30 AM;71.524;0
08/12/2022 01:03:00 AM;50.468;0
08/12/2022 01:03:30 AM;58.086;0
08/12/2022 01:04:00 AM;50.646;0
08/12/2022 01:04:30 AM;62.111;0
08/12/2022 01:05:00 AM;65.198;0
08/12/2022 01:05:30 AM;71.955;0
08/12/2022 01:06:00 AM;61.058;0
08/12/2022 01:06:30 AM;65.23;0
08/12/2022 01:07:00 AM;74.393;0
08/12/2022 01:07:30 AM;67.438;0
08/12/2022 01:08:00 AM;59.395;0
08/12/2022 01:08:30 AM;58.55;0
08/12/2022 01:09:00 AM;48.836;0
08/12/2022 01:09:30 AM;61.865;0
08/12/2022 01:10:00 AM;56.666;0
08/12/2022 01:10:30 AM;52.022;0
08/12/2022 01:11:00 AM;40.669;0
08/12/2022 01:11:30 AM;47.238;0
08/12/2022 01:12:00 AM;61.139;0
08/12/2022 01:12:30 AM;64.733;0
08/12/2022 01:13:00 AM;57.376;0
08/12/2022 01:13:30 AM;52.193;0
08/12/2022 01:14:00 AM;52.528;0
08/12/2022 01:14:30 AM;48.889;0
08/12/2022 01:15:00 AM;47.931;0
08/12/2022 01:15:30 AM;53.849;0
08/12/2022 01:16:00 AM;67.955;0
08/12/2022 01:16:30 AM;66.267;0
08/12/2022 01:17:00 AM;55.88;0
08/12/2022 01:17:30 AM;38.151;0
08/12/2022 01:18:00 AM;65.608;0
08/12/2022 01:18:30 AM;53.778;0
08/12/2022 01:19:00 AM;60.228;0
08/12/2022 01:19:30 AM;56.263;0
08/12/2022 01:20:00 AM;44.718;0
08/12/2022 01:20:30 AM;39.15;0
08/12/2022 01:21:00 AM;38.571;0
08/12/2022 01:21:30 AM;51.398;0
08/12/2022 01:22:00 AM;45.558;0
08/12/2022 01:22:30 AM;49.772;0
08/12/2022 01:23:00 AM;49.914;0
08/12/2022 01:23:30 AM;46.382;0
08/12/2022 01:24:00 AM;36.984;0
08/12/2022 01:24:30 AM;36.338;0
08/12/2022 01:25:00 AM;32.53;0
08/12/2022 01:25:30 AM;40.466;0
08/12/2022 01:26:00 AM;40.177;0
08/12/2022 01:26:30 AM;37.419;0
08/12/2022 01:27:00 AM;49.995;0
08/12/2022 01:27:30 AM;43.18;0
08/12/2022 01:28:00 AM;33.793;0
08/12/2022 01:28:30 AM;42.084;0
08/12/2022 01:29:00 AM;43.68;0
08/12/2022 01:29:30 AM;29.462;0
08/12/2022 01:30:00 AM;29.376;0
08/12/2022 01:30:30 AM;26.348;0
08/12/2022 01:31:00 AM;31.788;0
08/12/2022 01:31:30 AM;29.807;0
08/12/2022 01:32:00 AM;23.429;0
08/12/2022 01:32:30 AM;19.528;0
08/12/2022 01:33:00 AM;20.669;0
08/12/2022 01:33:30 AM;22.062;0
08/12/2022 01:34:00 AM;17.405;0
08/12/2022 01:34:30 AM;15.757;0
08/12/2022 01:35:00 AM;13.836;0
08/12/2022 01:35:30 AM;13.38;0
08/12/2022 01:36:00 AM;17.759;0
08/12/2022 01:36:30 AM;20.963;0
08/12/2022 01:37:00 AM;23.244;0
08/12/2022 01:37:30 AM;16.568;0
08/12/2022 01:38:00 AM;15.245;0
08/12/2022 01:38:30 AM;18.462;0
08/12/2022 01:39:00 AM;22.844;0
08/12/2022 01:39:30 AM;21.833;0
08/12/2022 01:40:00 AM;22.124;0
08/12/2022 01:40:30 AM;18.152;0
08/12/2022 01:41:00 AM;23.935;0
08/12/2022 01:41:30 AM;24.444;0
08/12/2022 01:42:00 AM;19.431;0
08/12/2022 01:42:30 AM;20.908;0
08/12/2022 01:43:00 AM;19.942;0
08/12/2022 01:43:30 AM;17.136;0
08/12/2022 01:44:00 AM;15.075;0
08/12/2022 01:44:30 AM;19.766;0
08/12/2022 01:45:00 AM;13.066;0
08/12/2022 01:45:30 AM;11.515;0
08/12/2022 01:46:00 AM;10.885;0
08/12/2022 01:46:30 AM;17.281;0
08/12/2022 01:47:00 AM;20.417;0
08/12/2022 01:47:30 AM;19.592;0
08/12/2022 01:48:00 AM;22.087;0
08/12/2022 01:48:30 AM;21.544;0
08/12/2022 01:49:00 AM;23.235;0
08/12/2022 01:49:30 AM;25.177;0
08/12/2022 01:50:00 AM;25.401;0
08/12/2022 01:50:30 AM;22.796;0
08/12/2022 01:51:00 AM;24.402;0
08/12/2022 01:51:30 AM;29.958;0
08/12/2022 01:52:00 AM;30.655;0
08/12/2022 01:52:30 AM;28.926;0
08/12/2022 01:53:00 AM;27.29;0
08/12/2022 01:53:30 AM;34.221;0
08/12/2022 01:54:00 AM;33.279;0
08/12/2022 01:54:30 AM;28.081;0
08/12/2022 01:55:00 AM;33.009;0
08/12/2022 01:55:30 AM;31.967;0
08/12/2022 01:56:00 AM;26.37;0
08/12/2022 01:56:30 AM;25.565;0
08/12/2022 01:57:00 AM;27.274;0
08/12/2022 01:57:30 AM;22.986;0
08/12/2022 01:58:00 AM;26.903;0
08/12/2022 01:58:30 AM;22.219;0
08/12/2022 01:59:00 AM;25.208;0
08/12/2022 01:59:30 AM;28.956;0
08/12/2022 02:00:00 AM;36.783;0
08/12/2022 02:00:30 AM;32.549;0
08/12/2022 02:01:00 AM;23.666;0
08/12/2022 02:01:30 AM;26.339;0
08/12/2022 02:02:00 AM;26.609;0
08/12/2022 02:02:30 AM;27.222;0
08/12/2022 02:03:00 AM;22.029;0
08/12/2022 02:03:30 AM;34.965;0
08/12/2022 02:04:00 AM;33.511;0
08/12/2022 02:04:30 AM;32.244;0
08/12/2022 02:05:00 AM;33.26;0
08/12/2022 02:05:30 AM;23.505;0
08/12/2022 02:06:00 AM;33.537;0
08/12/2022 02:06:30 AM;49.327;0
08/12/2022 02:07:00 AM;38.043;0
08/12/2022 02:07:30 AM;36.618;0
08/12/2022 02:08:00 AM;40.498;0
08/12/2022 02:08:30 AM;38.831;0
08/12/2022 02:09:00 AM;43.453;0
08/12/2022 02:09:30 AM;45.78;0
08/12/2022 02:10:00 AM;41.798;0
08/12/2022 02:10:30 AM;48.529;0
08/12/2022 02:11:00 AM;45.198;0
08/12/2022 02:11:30 AM;43.899;0
08/12/2022 02:12:00 AM;51.611;0
08/12/2022 02:12:30 AM;47.766;0
08/12/2022 02:13:00 AM;42.694;0
08/12/2022 02:13:30 AM;44.771;0
08/12/2022 02:14:00 AM;38.26;0
08/12/2022 02:14:30 AM;35.67;0
08/12/2022 02:15:00 AM;35.109;0
08/12/2022 02:15:30 AM;36.791;0
08/12/2022 02:16:00 AM;37.927;0
08/12/2022 02:16:30 AM;38.895;0
08/12/2022 02:17:00 AM;38.899;0
08/12/2022 02:17:30 AM;34.863;0
08/12/2022 02:18:00 AM;27.353;0
08/12/2022 02:18:30 AM;28.655;0
08/12/2022 02:19:00 AM;39.296;0
08/12/2022 02:19:30 AM;38.449;0
08/12/2022 02:20:00 AM;35.168;0
08/12/2022 02:20:30 AM;45.707;0
08/12/2022 02:21:00 AM;34.983;0
08/12/2022 02:21:30 AM;38.928;0
08/12/2022 02:22:00 AM;37.472;0
08/12/2022 02:22:30 AM;49.298;0
08/12/2022 02:23:00 AM;43.001;0
08/12/2022 02:23:30 AM;38.733;0
08/12/2022 02:24:00 AM;37.605;0
08/12/2022 02:24:30 AM;34.999;0
08/12/2022 02:25:00 AM;31.136;0
08/12/2022 02:25:30 AM;36.409;0
08/12/2022 02:26:00 AM;35.132;0
08/12/2022 02:26:30 AM;33.887;0
08/12/2022 02:27:00 AM;35.792;0
08/12/2022 02:27:30 AM;29.494;0
08/12/2022 02:28:00 AM;31.576;0
08/12/2022 02:28:30 AM;25.936;0
08/12/2022 02:29:00 AM;29.668;0
08/12/2022 02:29:30 AM;29.282;0
08/12/2022 02:30:00 AM;30.141;0
08/12/2022 02:30:30 AM;30.572;0
08/12/2022 02:31:00 AM;30.382;0
08/12/2022 02:31:30 AM;22.923;0
08/12/2022 02:32:00 AM;33.289;0
08/12/2022 02:32:30 AM;26.677;0
08/12/2022 02:33:00 AM;27.746;0
08/12/2022 02:33:30 AM;29.973;0
08/12/2022 02:34:00 AM;24.702;0
08/12/2022 02:34:30 AM;27.847;0
08/12/2022 02:35:00 AM;33.324;0
08/12/2022 02:35:30 AM;26.826;0
08/12/2022 02:36:00 AM;23.902;0
08/12/2022 02:36:30 AM;24.473;0
08/12/2022 02:37:00 AM;32.443;0
08/12/2022 02:37:30 AM;33.96;0
08/12/2022 02:38:00 AM;30.031;0
08/12/2022 02:38:30 AM;23.587;0
08/12/2022 02:39:00 AM;29.323;0
08/12/2022 02:39:30 AM;29.666;0
08/12/2022 02:40:00 AM;23.541;0
08/12/2022 02:40:30 AM;24.751;0
08/12/2022 02:41:00 AM;25.8;0
08/12/2022 02:41:30 AM;27.01;0
08/12/2022 02:42:00 AM;24.086;0
08/12/2022 02:42:30 AM;23.681;0
08/12/2022 02:43:00 AM;24.679;0
08/12/2022 02:43:30 AM;24.834;0
08/12/2022 02:44:00 AM;24.568;0
08/12/2022 02:44:30 AM;26.959;0
08/12/2022 02:45:00 AM;25.01;0
08/12/2022 02:45:30 AM;21.808;0
08/12/2022 02:46:00 AM;22.182;0
08/12/2022 02:46:30 AM;21.81;0
08/12/2022 02:47:00 AM;21.968;0
08/12/2022 02:47:30 AM;20.378;0
08/12/2022 02:48:00 AM;19.636;0
08/12/2022 02:48:30 AM;16.974;0
08/12/2022 02:49:00 AM;17.446;0
08/12/2022 02:49:30 AM;16.834;0
08/12/2022 02:50:00 AM;21.455;0
08/12/2022 02:50:30 AM;15.942;0
08/12/2022 02:51:00 AM;17.59;0
08/12/2022 02:51:30 AM;19.799;0
08/12/2022 02:52:00 AM;21.145;0
08/12/2022 02:52:30 AM;20.423;0
08/12/2022 02:53:00 AM;15.835;0
08/12/2022 02:53:30 AM;19.964;0
08/12/2022 02:54:00 AM;21.641;0
08/12/2022 02:54:30 AM;21.014;0
08/12/2022 02:55:00 AM;20.108;0
08/12/2022 02:55:30 AM;19.902;0
08/12/2022 02:56:00 AM;23.553;0
08/12/2022 02:56:30 AM;28.393;0
08/12/2022 02:57:00 AM;26.669;0
08/12/2022 02:57:30 AM;29.469;0
08/12/2022 02:58:00 AM;27.371;0
08/12/2022 02:58:30 AM;24.677;0
08/12/2022 02:59:00 AM;27.062;0
08/12/2022 02:59:30 AM;27.774;0
08/12/2022 03:00:00 AM;28.442;0
08/12/2022 03:00:30 AM;30.209;0
08/12/2022 03:01:00 AM;29.403;0
08/12/2022 03:01:30 AM;22.437;0
08/12/2022 03:02:00 AM;24.675;0
08/12/2022 03:02:30 AM;28.463;0
08/12/2022 03:03:00 AM;27.64;0
08/12/2022 03:03:30 AM;25.34;0
08/12/2022 03:04:00 AM;30.724;0
08/12/2022 03:04:30 AM;26.362;0
08/12/2022 03:05:00 AM;23.707;0
08/12/2022 03:05:30 AM;21.175;0
08/12/2022 03:06:00 AM;21.01;0
08/12/2022 03:06:30 AM;14.359;0
08/12/2022 03:07:00 AM;14.831;0
08/12/2022 03:07:30 AM;10.786;0
08/12/2022 03:08:00 AM;16.605;0
08/12/2022 03:08:30 AM;17.01;0
08/12/2022 03:09:00 AM;22.601;0
08/12/2022 03:09:30 AM;20.07;0
08/12/2022 03:10:00 AM;20.771;0
08/12/2022 03:10:30 AM;21.347;0
08/12/2022 03:11:00 AM;20.744;0
08/12/2022 03:11:30 AM;20.716;0
08/12/2022 03:12:00 AM;20.831;0
08/12/2022 03:12:30 AM;22.191;0
08/12/2022 03:13:00 AM;24;0
08/12/2022 03:13:30 AM;24.934;0
08/12/2022 03:14:00 AM;25.859;0
08/12/2022 03:14:30 AM;27.171;0
08/12/2022 03:15:00 AM;26.78;0
08/12/2022 03:15:30 AM;28.58;0
08/12/2022 03:16:00 AM;28.758;0
08/12/2022 03:16:30 AM;30.832;0
08/12/2022 03:17:00 AM;31.62;0
08/12/2022 03:17:30 AM;29.967;0
08/12/2022 03:18:00 AM;28.865;0
08/12/2022 03:18:30 AM;30.508;0
08/12/2022 03:19:00 AM;26.636;0
08/12/2022 03:19:30 AM;26.341;0
08/12/2022 03:20:00 AM;29.867;0
08/12/2022 03:20:30 AM;31.285;0
08/12/2022 03:21:00 AM;30.829;0
08/12/2022 03:21:30 AM;29.786;0
08/12/2022 03:22:00 AM;30.925;0
08/12/2022 03:22:30 AM;31.148;0
08/12/2022 03:23:00 AM;32.95;0
08/12/2022 03:23:30 AM;32.119;0
08/12/2022 03:24:00 AM;30.296;0
08/12/2022 03:24:30 AM;28.995;0
08/12/2022 03:25:00 AM;30.951;0
08/12/2022 03:25:30 AM;32.573;0
08/12/2022 03:26:00 AM;33.373;0
08/12/2022 03:26:30 AM;31.855;0
08/12/2022 03:27:00 AM;31.45;0
08/12/2022 03:27:30 AM;32.502;0
08/12/2022 03:28:00 AM;31.314;0
08/12/2022 03:28:30 AM;31.894;0
08/12/2022 03:29:00 AM;32.56;0
08/12/2022 03:29:30 AM;30.424;0
08/12/2022 03:30:00 AM;29.151;0
08/12/2022 03:30:30 AM;30.779;0
08/12/2022 03:31:00 AM;25.936;0
08/12/2022 03:31:30 AM;27.165;0
08/12/2022 03:32:00 AM;25.384;0
08/12/2022 03:32:30 AM;16.725;0
08/12/2022 03:33:00 AM;20.016;0
08/12/2022 03:33:30 AM;22.597;0
08/12/2022 03:34:00 AM;23.593;0
08/12/2022 03:34:30 AM;22.39;0
08/12/2022 03:35:00 AM;23.498;0
08/12/2022 03:35:30 AM;21.36;0
08/12/2022 03:36:00 AM;19.905;0
08/12/2022 03:36:30 AM;18.27;0
08/12/2022 03:37:00 AM;18.692;0
08/12/2022 03:37:30 AM;18.623;0
08/12/2022 03:38:00 AM;14.959;0
08/12/2022 03:38:30 AM;14.084;0
08/12/2022 03:39:00 AM;12.465;0
08/12/2022 03:39:30 AM;15.635;0
08/12/2022 03:40:00 AM;13.635;0
08/12/2022 03:40:30 AM;14.285;0
08/12/2022 03:41:00 AM;18.731;0
08/12/2022 03:41:30 AM;20.501;0
08/12/2022 03:42:00 AM;19.811;0
08/12/2022 03:42:30 AM;19.044;0
08/12/2022 03:43:00 AM;18.838;0
08/12/2022 03:43:30 AM;17.652;0
08/12/2022 03:44:00 AM;15.261;0
08/12/2022 03:44:30 AM;15.5;0
08/12/2022 03:45:00 AM;14.224;0
08/12/2022 03:45:30 AM;13.82;0
08/12/2022 03:46:00 AM;11.673;0
08/12/2022 03:46:30 AM;12.008;0
08/12/2022 03:47:00 AM;11.475;0
08/12/2022 03:47:30 AM;13.365;0
08/12/2022 03:48:00 AM;10.204;0
08/12/2022 03:48:30 AM;9.972;0
08/12/2022 03:49:00 AM;8.582;0
08/12/2022 03:49:30 AM;6.803;0
08/12/2022 03:50:00 AM;7.686;0
08/12/2022 03:50:30 AM;7.684;0
08/12/2022 03:51:00 AM;5.781;0
08/12/2022 03:51:30 AM;4.172;0
08/12/2022 03:52:00 AM;4.771;0
08/12/2022 03:52:30 AM;7.022;0
08/12/2022 03:53:00 AM;6.746;0
08/12/2022 03:53:30 AM;5.41;0
08/12/2022 03:54:00 AM;5.034;0
08/12/2022 03:54:30 AM;8.36;0
08/12/2022 03:55:00 AM;4.453;0
08/12/2022 03:55:30 AM;5.174;0
08/12/2022 03:56:00 AM;8.723;0
08/12/2022 03:56:30 AM;6.548;0
08/12/2022 03:57:00 AM;6.59;0
08/12/2022 03:57:30 AM;7.127;0
08/12/2022 03:58:00 AM;8.316;0
08/12/2022 03:58:30 AM;-2.185;0
08/12/2022 03:59:00 AM;5.241;0
08/12/2022 03:59:30 AM;4.739;0
08/12/2022 04:00:00 AM;5.06;0
08/12/2022 04:00:30 AM;7.028;0
08/12/2022 04:01:00 AM;8.351;0
08/12/2022 04:01:30 AM;0;0
08/12/2022 04:02:00 AM;8.258;0
08/12/2022 04:02:30 AM;12.752;0
08/12/2022 04:03:00 AM;7.484;0
08/12/2022 04:03:30 AM;9.016;0
08/12/2022 04:04:00 AM;9.742;0
08/12/2022 04:04:30 AM;2.663;0
08/12/2022 04:05:00 AM;10.586;0
08/12/2022 04:05:30 AM;10.025;0
08/12/2022 04:06:00 AM;8.418;0
08/12/2022 04:06:30 AM;7.382;0
08/12/2022 04:07:00 AM;8.833;0
08/12/2022 04:07:30 AM;11.646;0
08/12/2022 04:08:00 AM;9.695;0
08/12/2022 04:08:30 AM;9.117;0
08/12/2022 04:09:00 AM;10.107;0
08/12/2022 04:09:30 AM;11.734;0
08/12/2022 04:10:00 AM;10.925;0
08/12/2022 04:10:30 AM;9.944;0
08/12/2022 04:11:00 AM;10.639;0
08/12/2022 04:11:30 AM;9.166;0
08/12/2022 04:12:00 AM;8.713;0
08/12/2022 04:12:30 AM;7.84;0
08/12/2022 04:13:00 AM;7.097;0
08/12/2022 04:13:30 AM;7.026;0
08/12/2022 04:14:00 AM;8.563;0
08/12/2022 04:14:30 AM;4.436;0
08/12/2022 04:15:00 AM;0;0
08/12/2022 04:15:30 AM;4.203;0
08/12/2022 04:16:00 AM;1.393;0
08/12/2022 04:16:30 AM;4.055;0
08/12/2022 04:17:00 AM;1.404;0
08/12/2022 04:17:30 AM;1.26;0
08/12/2022 04:18:00 AM;0;0
08/12/2022 04:18:30 AM;1.015;0
08/12/2022 04:19:00 AM;0;0
08/12/2022 04:19:30 AM;-0.097;0
08/12/2022 04:20:00 AM;-0.128;0
08/12/2022 04:20:30 AM;-0.151;0
08/12/2022 04:21:00 AM;-0.097;0
08/12/2022 04:21:30 AM;-0.098;0
08/12/2022 04:22:00 AM;0;0
08/12/2022 04:22:30 AM;0;0
08/12/2022 04:23:00 AM;0;0
08/12/2022 04:23:30 AM;-0.094;0
08/12/2022 04:24:00 AM;-0.107;0
08/12/2022 04:24:30 AM;-0.177;0
08/12/2022 04:25:00 AM;-1.186;0
08/12/2022 04:25:30 AM;-0.204;0
08/12/2022 04:26:00 AM;-0.195;0
08/12/2022 04:26:30 AM;-4.527;0
08/12/2022 04:27:00 AM;-4.451;0
08/12/2022 04:27:30 AM;-4.721;0
08/12/2022 04:28:00 AM;-2.438;0
08/12/2022 04:28:30 AM;-2.878;0
08/12/2022 04:29:00 AM;-4.673;0
08/12/2022 04:29:30 AM;-4.537;0
08/12/2022 04:30:00 AM;-4.326;0
08/12/2022 04:30:30 AM;-4.426;0
08/12/2022 04:31:00 AM;-4.404;0
08/12/2022 04:31:30 AM;-4.558;0
08/12/2022 04:32:00 AM;-4.419;0
08/12/2022 04:32:30 AM;-4.471;0
08/12/2022 04:33:00 AM;-4.473;0
08/12/2022 04:33:30 AM;-4.459;0
08/12/2022 04:34:00 AM;-4.432;0
08/12/2022 04:34:30 AM;-4.703;0
08/12/2022 04:35:00 AM;-4.425;0
08/12/2022 04:35:30 AM;-4.442;0
08/12/2022 04:36:00 AM;-4.415;0
08/12/2022 04:36:30 AM;-4.529;0
08/12/2022 04:37:00 AM;-4.473;0
08/12/2022 04:37:30 AM;-5.441;0
08/12/2022 04:38:00 AM;-5.217;0
08/12/2022 04:38:30 AM;-4.714;0
08/12/2022 04:39:00 AM;-4.478;0
08/12/2022 04:39:30 AM;-4.478;0
08/12/2022 04:40:00 AM;-4.587;0
08/12/2022 04:40:30 AM;-4.634;0
08/12/2022 04:41:00 AM;-4.613;0
08/12/2022 04:41:30 AM;-4.471;0
08/12/2022 04:42:00 AM;-4.477;0
08/12/2022 04:42:30 AM;-4.438;0
08/12/2022 04:43:00 AM;-4.457;0
08/12/2022 04:43:30 AM;-5.206;0
08/12/2022 04:44:00 AM;-5.194;0
08/12/2022 04:44:30 AM;-4.444;0
08/12/2022 04:45:00 AM;-5.189;0
08/12/2022 04:45:30 AM;-4.294;0
08/12/2022 04:46:00 AM;-2.494;0
08/12/2022 04:46:30 AM;-4.23;0
08/12/2022 04:47:00 AM;-1.246;0
08/12/2022 04:47:30 AM;0;0
08/12/2022 04:48:00 AM;-7.441;0
08/12/2022 04:48:30 AM;0;0
08/12/2022 04:49:00 AM;1.277;0
08/12/2022 04:49:30 AM;0;0
08/12/2022 04:50:00 AM;4.183;0
08/12/2022 04:50:30 AM;4.976;0
08/12/2022 04:51:00 AM;1.211;0
08/12/2022 04:51:30 AM;14.069;0
08/12/2022 04:52:00 AM;19.29;0
08/12/2022 04:52:30 AM;19.196;0
08/12/2022 04:53:00 AM;22.274;0
08/12/2022 04:53:30 AM;26.051;0
08/12/2022 04:54:00 AM;21.738;0
08/12/2022 04:54:30 AM;21.878;0
08/12/2022 04:55:00 AM;23.565;0
08/12/2022 04:55:30 AM;21.369;0
08/12/2022 04:56:00 AM;12.745;0
08/12/2022 04:56:30 AM;19.557;0
08/12/2022 04:57:00 AM;21.625;0
08/12/2022 04:57:30 AM;21.612;0
08/12/2022 04:58:00 AM;27.14;0
08/12/2022 04:58:30 AM;28.145;0
08/12/2022 04:59:00 AM;30.986;0
08/12/2022 04:59:30 AM;36.547;0
08/12/2022 05:00:00 AM;33.696;0
08/12/2022 05:00:30 AM;39.83;0
08/12/2022 05:01:00 AM;39.302;0
08/12/2022 05:01:30 AM;36.792;0
08/12/2022 05:02:00 AM;41.272;0
08/12/2022 05:02:30 AM;41.53;0
08/12/2022 05:03:00 AM;47.919;0
08/12/2022 05:03:30 AM;43.206;0
08/12/2022 05:04:00 AM;46.855;0
08/12/2022 05:04:30 AM;42.135;0
08/12/2022 05:05:00 AM;47.766;0
08/12/2022 05:05:30 AM;43.474;0
08/12/2022 05:06:00 AM;40.71;0
08/12/2022 05:06:30 AM;39.157;0
08/12/2022 05:07:00 AM;39.088;0
08/12/2022 05:07:30 AM;40.654;0
08/12/2022 05:08:00 AM;37.295;0
08/12/2022 05:08:30 AM;35.879;0
08/12/2022 05:09:00 AM;37.133;0
08/12/2022 05:09:30 AM;32.25;0
08/12/2022 05:10:00 AM;31.21;0
08/12/2022 05:10:30 AM;28.718;0
08/12/2022 05:11:00 AM;27.465;0
08/12/2022 05:11:30 AM;27.374;0
08/12/2022 05:12:00 AM;26.229;0
08/12/2022 05:12:30 AM;24.508;0
08/12/2022 05:13:00 AM;22.456;0
08/12/2022 05:13:30 AM;20.173;0
08/12/2022 05:14:00 AM;19.038;0
08/12/2022 05:14:30 AM;18.154;0
08/12/2022 05:15:00 AM;17.743;0
08/12/2022 05:15:30 AM;16.401;0
08/12/2022 05:16:00 AM;13.954;0
08/12/2022 05:16:30 AM;15.421;0
08/12/2022 05:17:00 AM;15.784;0
08/12/2022 05:17:30 AM;16.346;0
08/12/2022 05:18:00 AM;14.154;0
08/12/2022 05:18:30 AM;12.546;0
08/12/2022 05:19:00 AM;11.359;0
08/12/2022 05:19:30 AM;10.901;0
08/12/2022 05:20:00 AM;12.619;0
08/12/2022 05:20:30 AM;13.178;0
08/12/2022 05:21:00 AM;12.72;0
08/12/2022 05:21:30 AM;11.26;0
08/12/2022 05:22:00 AM;11.256;0
08/12/2022 05:22:30 AM;11.89;0
08/12/2022 05:23:00 AM;11.271;0
08/12/2022 05:23:30 AM;12.01;0
08/12/2022 05:24:00 AM;12.945;0
08/12/2022 05:24:30 AM;12.631;0
08/12/2022 05:25:00 AM;13.289;0
08/12/2022 05:25:30 AM;12.159;0
08/12/2022 05:26:00 AM;11.892;0
08/12/2022 05:26:30 AM;17.65;0
08/12/2022 05:27:00 AM;17.077;0
08/12/2022 05:27:30 AM;16.955;0
08/12/2022 05:28:00 AM;17.537;0
08/12/2022 05:28:30 AM;23.476;0
08/12/2022 05:29:00 AM;22.665;0
08/12/2022 05:29:30 AM;18.628;0
08/12/2022 05:30:00 AM;20.065;0
08/12/2022 05:30:30 AM;24.861;0
08/12/2022 05:31:00 AM;23.842;0
08/12/2022 05:31:30 AM;23.076;0
08/12/2022 05:32:00 AM;23.238;0
08/12/2022 05:32:30 AM;25.648;0
08/12/2022 05:33:00 AM;21.212;0
08/12/2022 05:33:30 AM;26.301;0
08/12/2022 05:34:00 AM;22.862;0
08/12/2022 05:34:30 AM;23.816;0
08/12/2022 05:35:00 AM;25.05;0
08/12/2022 05:35:30 AM;24.199;0
08/12/2022 05:36:00 AM;27.309;0
08/12/2022 05:36:30 AM;26.795;0
08/12/2022 05:37:00 AM;32.401;0
08/12/2022 05:37:30 AM;27.389;0
08/12/2022 05:38:00 AM;24.092;0
08/12/2022 05:38:30 AM;23.983;0
08/12/2022 05:39:00 AM;24.238;0
08/12/2022 05:39:30 AM;23.981;0
08/12/2022 05:40:00 AM;25.415;0
08/12/2022 05:40:30 AM;24.087;0
08/12/2022 05:41:00 AM;32.847;0
08/12/2022 05:41:30 AM;37.738;0
08/12/2022 05:42:00 AM;32.283;0
08/12/2022 05:42:30 AM;36.879;0
08/12/2022 05:43:00 AM;25.468;0
08/12/2022 05:43:30 AM;36.604;0
08/12/2022 05:44:00 AM;35.461;0
08/12/2022 05:44:30 AM;28.544;0
08/12/2022 05:45:00 AM;30.508;0
08/12/2022 05:45:30 AM;38.228;0
08/12/2022 05:46:00 AM;31.636;0
08/12/2022 05:46:30 AM;29.718;0
08/12/2022 05:47:00 AM;28.332;0
08/12/2022 05:47:30 AM;25.546;0
08/12/2022 05:48:00 AM;25.403;0
08/12/2022 05:48:30 AM;26.452;0
08/12/2022 05:49:00 AM;28.647;0
08/12/2022 05:49:30 AM;28.142;0
08/12/2022 05:50:00 AM;29.6;0
08/12/2022 05:50:30 AM;27.901;0
08/12/2022 05:51:00 AM;24.748;0
08/12/2022 05:51:30 AM;23.676;0
08/12/2022 05:52:00 AM;20.996;0
08/12/2022 05:52:30 AM;24.334;0
08/12/2022 05:53:00 AM;26.768;0
08/12/2022 05:53:30 AM;24.816;0
08/12/2022 05:54:00 AM;32.345;0
08/12/2022 05:54:30 AM;32.488;0
08/12/2022 05:55:00 AM;29.923;0
08/12/2022 05:55:30 AM;29.34;0
08/12/2022 05:56:00 AM;31.434;0
08/12/2022 05:56:30 AM;31.078;0
08/12/2022 05:57:00 AM;35.874;0
08/12/2022 05:57:30 AM;35.832;0
08/12/2022 05:58:00 AM;31.281;0
08/12/2022 05:58:30 AM;28.599;0
08/12/2022 05:59:00 AM;26.745;0
08/12/2022 05:59:30 AM;26.647;0
08/12/2022 06:00:00 AM;26.213;0
08/12/2022 06:00:30 AM;27.205;0
08/12/2022 06:01:00 AM;25.932;0
08/12/2022 06:01:30 AM;26.836;0
08/12/2022 06:02:00 AM;27.799;0
08/12/2022 06:02:30 AM;27.613;0
08/12/2022 06:03:00 AM;26.939;0
08/12/2022 06:03:30 AM;25.445;0
08/12/2022 06:04:00 AM;23.846;0
08/12/2022 06:04:30 AM;20.201;0
08/12/2022 06:05:00 AM;19.011;0
08/12/2022 06:05:30 AM;16.651;0
08/12/2022 06:06:00 AM;15.171;0
08/12/2022 06:06:30 AM;12.676;0
08/12/2022 06:07:00 AM;11.105;0
08/12/2022 06:07:30 AM;11.506;0
08/12/2022 06:08:00 AM;11.919;0
08/12/2022 06:08:30 AM;10.755;0
08/12/2022 06:09:00 AM;10.559;0
08/12/2022 06:09:30 AM;8.877;0
08/12/2022 06:10:00 AM;6.696;0
08/12/2022 06:10:30 AM;5.545;0
08/12/2022 06:11:00 AM;6.43;0
08/12/2022 06:11:30 AM;1.106;0
08/12/2022 06:12:00 AM;4.629;0
08/12/2022 06:12:30 AM;4.237;0
08/12/2022 06:13:00 AM;6.086;0
08/12/2022 06:13:30 AM;2.49;0
08/12/2022 06:14:00 AM;2.79;0
08/12/2022 06:14:30 AM;1.187;0
08/12/2022 06:15:00 AM;4.508;0
08/12/2022 06:15:30 AM;2.539;0
08/12/2022 06:16:00 AM;1.1;0
08/12/2022 06:16:30 AM;4.318;0
08/12/2022 06:17:00 AM;7.64;0
08/12/2022 06:17:30 AM;4.615;0
08/12/2022 06:18:00 AM;7.713;0
08/12/2022 06:18:30 AM;11.732;0
08/12/2022 06:19:00 AM;9.682;0
08/12/2022 06:19:30 AM;11.665;0
08/12/2022 06:20:00 AM;14.105;0
08/12/2022 06:20:30 AM;9.817;0
08/12/2022 06:21:00 AM;11.206;0
08/12/2022 06:21:30 AM;12.167;0
08/12/2022 06:22:00 AM;17.049;0
08/12/2022 06:22:30 AM;21.511;0
08/12/2022 06:23:00 AM;24.175;0
08/12/2022 06:23:30 AM;23.046;0
08/12/2022 06:24:00 AM;22.018;0
08/12/2022 06:24:30 AM;26.611;0
08/12/2022 06:25:00 AM;29.266;0
08/12/2022 06:25:30 AM;35.122;0
08/12/2022 06:26:00 AM;32.184;0
08/12/2022 06:26:30 AM;42.295;0
08/12/2022 06:27:00 AM;46.969;0
08/12/2022 06:27:30 AM;45.617;0
08/12/2022 06:28:00 AM;44.123;0
08/12/2022 06:28:30 AM;45.63;0
08/12/2022 06:29:00 AM;44.882;0
08/12/2022 06:29:30 AM;43.877;0
08/12/2022 06:30:00 AM;42.108;0
08/12/2022 06:30:30 AM;36.062;0
08/12/2022 06:31:00 AM;31.774;0
08/12/2022 06:31:30 AM;38.315;0
08/12/2022 06:32:00 AM;40.293;0
08/12/2022 06:32:30 AM;41.647;0
08/12/2022 06:33:00 AM;41.591;0
08/12/2022 06:33:30 AM;46.043;0
08/12/2022 06:34:00 AM;47.769;0
08/12/2022 06:34:30 AM;44.737;0
08/12/2022 06:35:00 AM;43.51;0
08/12/2022 06:35:30 AM;43.154;0
08/12/2022 06:36:00 AM;42.678;0
08/12/2022 06:36:30 AM;37.925;0
08/12/2022 06:37:00 AM;39.503;0
08/12/2022 06:37:30 AM;40.665;0
08/12/2022 06:38:00 AM;33.771;0
08/12/2022 06:38:30 AM;40.836;0
08/12/2022 06:39:00 AM;49.921;0
08/12/2022 06:39:30 AM;46.704;0
08/12/2022 06:40:00 AM;48.168;0
08/12/2022 06:40:30 AM;48.181;0
08/12/2022 06:41:00 AM;53.535;0
08/12/2022 06:41:30 AM;49.766;0
08/12/2022 06:42:00 AM;48.881;0
08/12/2022 06:42:30 AM;44.359;0
08/12/2022 06:43:00 AM;42.491;0
08/12/2022 06:43:30 AM;44.726;0
08/12/2022 06:44:00 AM;39.295;0
08/12/2022 06:44:30 AM;39.321;0
08/12/2022 06:45:00 AM;40.336;0
08/12/2022 06:45:30 AM;36.079;0
08/12/2022 06:46:00 AM;39.42;0
08/12/2022 06:46:30 AM;38.967;0
08/12/2022 06:47:00 AM;35.045;0
08/12/2022 06:47:30 AM;35.365;0
08/12/2022 06:48:00 AM;32.083;0
08/12/2022 06:48:30 AM;32.457;0
08/12/2022 06:49:00 AM;28.008;0
08/12/2022 06:49:30 AM;28.259;0
08/12/2022 06:50:00 AM;31.644;0
08/12/2022 06:50:30 AM;24.367;0
08/12/2022 06:51:00 AM;20.831;0
08/12/2022 06:51:30 AM;21.32;0
08/12/2022 06:52:00 AM;19.459;0
08/12/2022 06:52:30 AM;14.659;0
08/12/2022 06:53:00 AM;19.134;0
08/12/2022 06:53:30 AM;31.338;0
08/12/2022 06:54:00 AM;27.226;0
08/12/2022 06:54:30 AM;31.387;0
08/12/2022 06:55:00 AM;22.55;0
08/12/2022 06:55:30 AM;18.42;0
08/12/2022 06:56:00 AM;20.137;0
08/12/2022 06:56:30 AM;37.069;0
08/12/2022 06:57:00 AM;35.396;0
08/12/2022 06:57:30 AM;46.511;0
08/12/2022 06:58:00 AM;45.715;0
08/12/2022 06:58:30 AM;44.061;0
08/12/2022 06:59:00 AM;45.01;0
08/12/2022 06:59:30 AM;41.914;0
08/12/2022 07:00:00 AM;51.663;0
08/12/2022 07:00:30 AM;42.347;0
08/12/2022 07:01:00 AM;43.95;0
08/12/2022 07:01:30 AM;47.456;0
08/12/2022 07:02:00 AM;52.021;0
08/12/2022 07:02:30 AM;45.748;0
08/12/2022 07:03:00 AM;41.272;0
08/12/2022 07:03:30 AM;43.868;0
08/12/2022 07:04:00 AM;38.522;0
08/12/2022 07:04:30 AM;46.826;0
08/12/2022 07:05:00 AM;47.623;0
08/12/2022 07:05:30 AM;38.127;0
08/12/2022 07:06:00 AM;48.375;0
08/12/2022 07:06:30 AM;47.258;0
08/12/2022 07:07:00 AM;41.008;0
08/12/2022 07:07:30 AM;48.124;0
08/12/2022 07:08:00 AM;48.326;0
08/12/2022 07:08:30 AM;47.515;0
08/12/2022 07:09:00 AM;44.264;0
08/12/2022 07:09:30 AM;43.616;0
08/12/2022 07:10:00 AM;45.734;0
08/12/2022 07:10:30 AM;49.682;0
08/12/2022 07:11:00 AM;44.093;0
08/12/2022 07:11:30 AM;40.675;0
08/12/2022 07:12:00 AM;37.957;0
08/12/2022 07:12:30 AM;36.855;0
08/12/2022 07:13:00 AM;30.358;0
08/12/2022 07:13:30 AM;32.548;0
08/12/2022 07:14:00 AM;26.888;0
08/12/2022 07:14:30 AM;35.924;0
08/12/2022 07:15:00 AM;38.599;0
08/12/2022 07:15:30 AM;35.398;0
08/12/2022 07:16:00 AM;27.197;0
08/12/2022 07:16:30 AM;32.715;0
08/12/2022 07:17:00 AM;31.779;0
08/12/2022 07:17:30 AM;24.151;0
08/12/2022 07:18:00 AM;30.706;0
08/12/2022 07:18:30 AM;30.798;0
08/12/2022 07:19:00 AM;26.883;0
08/12/2022 07:19:30 AM;33.96;0
08/12/2022 07:20:00 AM;36.735;0
08/12/2022 07:20:30 AM;36.783;0
08/12/2022 07:21:00 AM;38.549;0
08/12/2022 07:21:30 AM;51.769;0
08/12/2022 07:22:00 AM;44.225;0
08/12/2022 07:22:30 AM;49.185;0
08/12/2022 07:23:00 AM;42.987;0
08/12/2022 07:23:30 AM;61.073;0
08/12/2022 07:24:00 AM;51.752;0
08/12/2022 07:24:30 AM;42.759;0
08/12/2022 07:25:00 AM;31.713;0
08/12/2022 07:25:30 AM;37.573;0
08/12/2022 07:26:00 AM;44.373;0
08/12/2022 07:26:30 AM;37.98;0
08/12/2022 07:27:00 AM;30.387;0
08/12/2022 07:27:30 AM;27.443;0
08/12/2022 07:28:00 AM;14.411;0
08/12/2022 07:28:30 AM;17.763;0
08/12/2022 07:29:00 AM;17.28;0
08/12/2022 07:29:30 AM;15.676;0
08/12/2022 07:30:00 AM;14.31;0
08/12/2022 07:30:30 AM;13.729;0
08/12/2022 07:31:00 AM;17.864;0
08/12/2022 07:31:30 AM;13.58;0
08/12/2022 07:32:00 AM;9.507;0
08/12/2022 07:32:30 AM;9.896;0
08/12/2022 07:33:00 AM;7.602;0
08/12/2022 07:33:30 AM;9.261;0
08/12/2022 07:34:00 AM;9.233;0
08/12/2022 07:34:30 AM;10.707;0
08/12/2022 07:35:00 AM;9.647;0
08/12/2022 07:35:30 AM;17.122;0
08/12/2022 07:36:00 AM;16.884;0
08/12/2022 07:36:30 AM;21.043;0
08/12/2022 07:37:00 AM;13.019;0
08/12/2022 07:37:30 AM;11.282;0
08/12/2022 07:38:00 AM;9.723;0
08/12/2022 07:38:30 AM;7.216;0
08/12/2022 07:39:00 AM;11.295;0
08/12/2022 07:39:30 AM;8.394;0
08/12/2022 07:40:00 AM;5.763;0
08/12/2022 07:40:30 AM;11.281;0
08/12/2022 07:41:00 AM;7.918;0
08/12/2022 07:41:30 AM;4.273;0
08/12/2022 07:42:00 AM;9.336;0
08/12/2022 07:42:30 AM;11.037;0
08/12/2022 07:43:00 AM;8.8;0
08/12/2022 07:43:30 AM;6.505;0
08/12/2022 07:44:00 AM;8.124;0
08/12/2022 07:44:30 AM;6.928;0
08/12/2022 07:45:00 AM;2.345;0
08/12/2022 07:45:30 AM;4.147;0
08/12/2022 07:46:00 AM;4.075;0
08/12/2022 07:46:30 AM;5.107;0
08/12/2022 07:47:00 AM;-0.065;0
08/12/2022 07:47:30 AM;-0.108;0
08/12/2022 07:48:00 AM;-0.106;0
08/12/2022 07:48:30 AM;-0.112;0
08/12/2022 07:49:00 AM;-9.796;0
08/12/2022 07:49:30 AM;-4.5;0
08/12/2022 07:50:00 AM;-2.601;0
08/12/2022 07:50:30 AM;5.216;0
08/12/2022 07:51:00 AM;7.56;0
08/12/2022 07:51:30 AM;1.359;0
08/12/2022 07:52:00 AM;0;0
08/12/2022 07:52:30 AM;-0.102;0
08/12/2022 07:53:00 AM;-4.251;0
08/12/2022 07:53:30 AM;-5.318;0
08/12/2022 07:54:00 AM;-0.069;0
08/12/2022 07:54:30 AM;-0.073;0
08/12/2022 07:55:00 AM;-9.981;0
08/12/2022 07:55:30 AM;-4.85;0
08/12/2022 07:56:00 AM;0;0
08/12/2022 07:56:30 AM;-4.309;0
08/12/2022 07:57:00 AM;-3.27;0
08/12/2022 07:57:30 AM;-2.747;0
08/12/2022 07:58:00 AM;-4.357;0
08/12/2022 07:58:30 AM;-4.49;0
08/12/2022 07:59:00 AM;-4.762;0
08/12/2022 07:59:30 AM;-4.935;0
08/12/2022 08:00:00 AM;-0.114;0
08/12/2022 08:00:30 AM;-4.522;0
08/12/2022 08:01:00 AM;-2.663;0
08/12/2022 08:01:30 AM;-0.112;0
08/12/2022 08:02:00 AM;0;0
08/12/2022 08:02:30 AM;9.702;0
08/12/2022 08:03:00 AM;1.026;0
08/12/2022 08:03:30 AM;7.592;0
08/12/2022 08:04:00 AM;-4.5;0
08/12/2022 08:04:30 AM;10.745;0
08/12/2022 08:05:00 AM;5.63;0
08/12/2022 08:05:30 AM;1.162;0
08/12/2022 08:06:00 AM;-0.051;0
08/12/2022 08:06:30 AM;-0.056;0
08/12/2022 08:07:00 AM;0;0
08/12/2022 08:07:30 AM;-2.478;0
08/12/2022 08:08:00 AM;-0.059;0
08/12/2022 08:08:30 AM;-4.744;0
08/12/2022 08:09:00 AM;-1.336;0
08/12/2022 08:09:30 AM;-9.589;0
08/12/2022 08:10:00 AM;-0.18;0
08/12/2022 08:10:30 AM;-0.187;0
08/12/2022 08:11:00 AM;-4.591;0
08/12/2022 08:11:30 AM;-4.187;0
08/12/2022 08:12:00 AM;-4.405;0
08/12/2022 08:12:30 AM;-2.318;0
08/12/2022 08:13:00 AM;-4.182;0
08/12/2022 08:13:30 AM;0;0
08/12/2022 08:14:00 AM;5.187;0
08/12/2022 08:14:30 AM;3.979;0
08/12/2022 08:15:00 AM;2.524;0
08/12/2022 08:15:30 AM;-0.099;0
08/12/2022 08:16:00 AM;5.314;0
08/12/2022 08:16:30 AM;10.077;0
08/12/2022 08:17:00 AM;1.092;0
08/12/2022 08:17:30 AM;2.474;0
08/12/2022 08:18:00 AM;7.355;0
08/12/2022 08:18:30 AM;8.863;0
08/12/2022 08:19:00 AM;11.117;0
08/12/2022 08:19:30 AM;10.556;0
08/12/2022 08:20:00 AM;10.097;0
08/12/2022 08:20:30 AM;6.614;0
08/12/2022 08:21:00 AM;7.809;0
08/12/2022 08:21:30 AM;5.364;0
08/12/2022 08:22:00 AM;0;0
08/12/2022 08:22:30 AM;16.034;0
08/12/2022 08:23:00 AM;11.46;0
08/12/2022 08:23:30 AM;14.884;0
08/12/2022 08:24:00 AM;12.501;0
08/12/2022 08:24:30 AM;4.694;0
08/12/2022 08:25:00 AM;6.048;0
08/12/2022 08:25:30 AM;2.647;0
08/12/2022 08:26:00 AM;1.19;0
08/12/2022 08:26:30 AM;-0.098;0
08/12/2022 08:27:00 AM;6.254;0
08/12/2022 08:27:30 AM;12.979;0
08/12/2022 08:28:00 AM;12.704;0
08/12/2022 08:28:30 AM;0;0
08/12/2022 08:29:00 AM;4.466;0
08/12/2022 08:29:30 AM;0;0
08/12/2022 08:30:00 AM;6.458;0
08/12/2022 08:30:30 AM;5.231;0
08/12/2022 08:31:00 AM;-4.332;0
08/12/2022 08:31:30 AM;2.468;0
08/12/2022 08:32:00 AM;-0.188;0
08/12/2022 08:32:30 AM;-2.766;0
08/12/2022 08:33:00 AM;2.601;0
08/12/2022 08:33:30 AM;3.931;0
08/12/2022 08:34:00 AM;-0.035;0
08/12/2022 08:34:30 AM;0;0
08/12/2022 08:35:00 AM;-1.212;0
08/12/2022 08:35:30 AM;4.881;0
08/12/2022 08:36:00 AM;-1.1;0
08/12/2022 08:36:30 AM;11.481;0
08/12/2022 08:37:00 AM;6.768;0
08/12/2022 08:37:30 AM;0;0
08/12/2022 08:38:00 AM;0.051;0
08/12/2022 08:38:30 AM;6.905;0
08/12/2022 08:39:00 AM;0;0
08/12/2022 08:39:30 AM;0;0
08/12/2022 08:40:00 AM;1.035;0
08/12/2022 08:40:30 AM;-0.048;0
08/12/2022 08:41:00 AM;0;0
08/12/2022 08:41:30 AM;-4.421;0
08/12/2022 08:42:00 AM;-3.618;0
08/12/2022 08:42:30 AM;-0.188;0
08/12/2022 08:43:00 AM;-0.209;0
08/12/2022 08:43:30 AM;-3.009;0
08/12/2022 08:44:00 AM;0;0
08/12/2022 08:44:30 AM;-0.031;0
08/12/2022 08:45:00 AM;5.141;0
08/12/2022 08:45:30 AM;8.422;0
08/12/2022 08:46:00 AM;25.558;0
08/12/2022 08:46:30 AM;34.746;0
08/12/2022 08:47:00 AM;16.986;0
08/12/2022 08:47:30 AM;8.082;0
08/12/2022 08:48:00 AM;6.315;0
08/12/2022 08:48:30 AM;5.147;0
08/12/2022 08:49:00 AM;2.33;0
08/12/2022 08:49:30 AM;-3.912;0
08/12/2022 08:50:00 AM;0;0
08/12/2022 08:50:30 AM;0;0
08/12/2022 08:51:00 AM;12.443;0
08/12/2022 08:51:30 AM;8.331;0
08/12/2022 08:52:00 AM;1.129;0
08/12/2022 08:52:30 AM;9.515;0
08/12/2022 08:53:00 AM;29.694;0
08/12/2022 08:53:30 AM;22.733;0
08/12/2022 08:54:00 AM;12.407;0
08/12/2022 08:54:30 AM;0;0
08/12/2022 08:55:00 AM;17.982;0
08/12/2022 08:55:30 AM;24.415;0
08/12/2022 08:56:00 AM;27.885;0
08/12/2022 08:56:30 AM;20.93;0
08/12/2022 08:57:00 AM;11.193;0
08/12/2022 08:57:30 AM;9.035;0
08/12/2022 08:58:00 AM;21.904;0
08/12/2022 08:58:30 AM;21.91;0
08/12/2022 08:59:00 AM;18.455;0
08/12/2022 08:59:30 AM;17.31;0
08/12/2022 09:00:00 AM;14.046;0
08/12/2022 09:00:30 AM;27.599;0
08/12/2022 09:01:00 AM;40.105;0
08/12/2022 09:01:30 AM;38.71;0
08/12/2022 09:02:00 AM;44.464;0
08/12/2022 09:02:30 AM;46.774;0
08/12/2022 09:03:00 AM;54.362;0
08/12/2022 09:03:30 AM;40.251;0
08/12/2022 09:04:00 AM;34.897;0
08/12/2022 09:04:30 AM;25.726;0
08/12/2022 09:05:00 AM;34.83;0
08/12/2022 09:05:30 AM;29.891;0
08/12/2022 09:06:00 AM;22.347;0
08/12/2022 09:06:30 AM;28.363;0
08/12/2022 09:07:00 AM;31.99;0
08/12/2022 09:07:30 AM;45.447;0
08/12/2022 09:08:00 AM;40.884;0
08/12/2022 09:08:30 AM;60.445;0
08/12/2022 09:09:00 AM;45.359;0
08/12/2022 09:09:30 AM;58.738;0
08/12/2022 09:10:00 AM;54.244;0
08/12/2022 09:10:30 AM;46.138;0
08/12/2022 09:11:00 AM;42.952;0
08/12/2022 09:11:30 AM;42.668;0
08/12/2022 09:12:00 AM;56.957;0
08/12/2022 09:12:30 AM;41.413;0
08/12/2022 09:13:00 AM;44.551;0
08/12/2022 09:13:30 AM;44.002;0
08/12/2022 09:14:00 AM;44.24;0
08/12/2022 09:14:30 AM;50.638;0
08/12/2022 09:15:00 AM;58.982;0
08/12/2022 09:15:30 AM;40.738;0
08/12/2022 09:16:00 AM;33.67;0
08/12/2022 09:16:30 AM;37.114;0
08/12/2022 09:17:00 AM;42.541;0
08/12/2022 09:17:30 AM;22.067;0
08/12/2022 09:18:00 AM;34.878;0
08/12/2022 09:18:30 AM;25.138;0
08/12/2022 09:19:00 AM;28.026;0
08/12/2022 09:19:30 AM;35.097;0
08/12/2022 09:20:00 AM;22.411;0
08/12/2022 09:20:30 AM;30.776;0
08/12/2022 09:21:00 AM;19.017;0
08/12/2022 09:21:30 AM;31.924;0
08/12/2022 09:22:00 AM;36.419;0
08/12/2022 09:22:30 AM;35.514;0
08/12/2022 09:23:00 AM;47.615;0
08/12/2022 09:23:30 AM;49.76;0
08/12/2022 09:24:00 AM;20.473;0
08/12/2022 09:24:30 AM;39.531;0
08/12/2022 09:25:00 AM;37.267;0
08/12/2022 09:25:30 AM;30.613;0
08/12/2022 09:26:00 AM;23.376;0
08/12/2022 09:26:30 AM;22.298;0
08/12/2022 09:27:00 AM;34.593;0
08/12/2022 09:27:30 AM;32.394;0
08/12/2022 09:28:00 AM;20.425;0
08/12/2022 09:28:30 AM;39.272;0
08/12/2022 09:29:00 AM;45.898;0
08/12/2022 09:29:30 AM;40.028;0
08/12/2022 09:30:00 AM;40.797;0
08/12/2022 09:30:30 AM;49.621;0
08/12/2022 09:31:00 AM;40.042;0
08/12/2022 09:31:30 AM;36.568;0
08/12/2022 09:32:00 AM;36.456;0
08/12/2022 09:32:30 AM;28.337;0
08/12/2022 09:33:00 AM;36.394;0
08/12/2022 09:33:30 AM;31.239;0
08/12/2022 09:34:00 AM;9.757;0
08/12/2022 09:34:30 AM;16.499;0
08/12/2022 09:35:00 AM;32.034;0
08/12/2022 09:35:30 AM;13.991;0
08/12/2022 09:36:00 AM;19.794;0
08/12/2022 09:36:30 AM;24.309;0
08/12/2022 09:37:00 AM;22.319;0
08/12/2022 09:37:30 AM;11.825;0
08/12/2022 09:38:00 AM;19.034;0
08/12/2022 09:38:30 AM;21.183;0
08/12/2022 09:39:00 AM;27.186;0
08/12/2022 09:39:30 AM;27.162;0
08/12/2022 09:40:00 AM;19.149;0
08/12/2022 09:40:30 AM;22.782;0
08/12/2022 09:41:00 AM;16.886;0
08/12/2022 09:41:30 AM;14.347;0
08/12/2022 09:42:00 AM;8.383;0
08/12/2022 09:42:30 AM;14.717;0
08/12/2022 09:43:00 AM;32.199;0
08/12/2022 09:43:30 AM;4.431;0
08/12/2022 09:44:00 AM;5.182;0
08/12/2022 09:44:30 AM;5.003;0
08/12/2022 09:45:00 AM;10.831;0
08/12/2022 09:45:30 AM;13.637;0
08/12/2022 09:46:00 AM;33.592;0
08/12/2022 09:46:30 AM;26.277;0
08/12/2022 09:47:00 AM;18.863;0
08/12/2022 09:47:30 AM;26.073;0
08/12/2022 09:48:00 AM;30.879;0
08/12/2022 09:48:30 AM;32.105;0
08/12/2022 09:49:00 AM;29.261;0
08/12/2022 09:49:30 AM;12.434;0
08/12/2022 09:50:00 AM;19.568;0
08/12/2022 09:50:30 AM;45.727;0
08/12/2022 09:51:00 AM;52.967;0
08/12/2022 09:51:30 AM;57.189;0
08/12/2022 09:52:00 AM;47.124;0
08/12/2022 09:52:30 AM;33.248;0
08/12/2022 09:53:00 AM;19.771;0
08/12/2022 09:53:30 AM;26.327;0
08/12/2022 09:54:00 AM;25.431;0
08/12/2022 09:54:30 AM;20.458;0
08/12/2022 09:55:00 AM;22.137;0
08/12/2022 09:55:30 AM;37.32;0
08/12/2022 09:56:00 AM;23.115;0
08/12/2022 09:56:30 AM;31.996;0
08/12/2022 09:57:00 AM;48.965;0
08/12/2022 09:57:30 AM;49.259;0
08/12/2022 09:58:00 AM;61.182;0
08/12/2022 09:58:30 AM;42.43;0
08/12/2022 09:59:00 AM;50.981;0
08/12/2022 09:59:30 AM;43.131;0
08/12/2022 10:00:00 AM;39.897;0
08/12/2022 10:00:30 AM;28.048;0
08/12/2022 10:01:00 AM;13.589;0
08/12/2022 10:01:30 AM;27.925;0
08/12/2022 10:02:00 AM;30.36;0
08/12/2022 10:02:30 AM;28.941;0
08/12/2022 10:03:00 AM;17.142;0
08/12/2022 10:03:30 AM;9.802;0
08/12/2022 10:04:00 AM;10.804;0
08/12/2022 10:04:30 AM;12.336;0
08/12/2022 10:05:00 AM;16.572;0
08/12/2022 10:05:30 AM;20.097;0
08/12/2022 10:06:00 AM;13.728;0
08/12/2022 10:06:30 AM;11.324;0
08/12/2022 10:07:00 AM;0;0
08/12/2022 10:07:30 AM;7.649;0
08/12/2022 10:08:00 AM;4.386;0
08/12/2022 10:08:30 AM;1.317;0
08/12/2022 10:09:00 AM;-5.558;0
08/12/2022 10:09:30 AM;-3.376;0
08/12/2022 10:10:00 AM;-0.055;0
08/12/2022 10:10:30 AM;21.425;0
08/12/2022 10:11:00 AM;18.635;0
08/12/2022 10:11:30 AM;29.536;0
08/12/2022 10:12:00 AM;9.078;0
08/12/2022 10:12:30 AM;5.2;0
08/12/2022 10:13:00 AM;0;0
08/12/2022 10:13:30 AM;0;0
08/12/2022 10:14:00 AM;0;0
08/12/2022 10:14:30 AM;2.643;0
08/12/2022 10:15:00 AM;13.538;0
08/12/2022 10:15:30 AM;5.647;0
08/12/2022 10:16:00 AM;8.975;0
08/12/2022 10:16:30 AM;28.784;0
08/12/2022 10:17:00 AM;31.089;0
08/12/2022 10:17:30 AM;19.448;0
08/12/2022 10:18:00 AM;29.15;0
08/12/2022 10:18:30 AM;45.448;0
08/12/2022 10:19:00 AM;31.755;0
08/12/2022 10:19:30 AM;17.843;0
08/12/2022 10:20:00 AM;5.148;0
08/12/2022 10:20:30 AM;4.701;0
08/12/2022 10:21:00 AM;6.055;0
08/12/2022 10:21:30 AM;7.692;0
08/12/2022 10:22:00 AM;97.453;0
08/12/2022 10:22:30 AM;89.652;0
08/12/2022 10:23:00 AM;56.579;0
08/12/2022 10:23:30 AM;58.443;0
08/12/2022 10:24:00 AM;53.053;0
08/12/2022 10:24:30 AM;54.112;0
08/12/2022 10:25:00 AM;49.214;0
08/12/2022 10:25:30 AM;41.795;0
08/12/2022 10:26:00 AM;46.714;0
08/12/2022 10:26:30 AM;59.928;0
08/12/2022 10:27:00 AM;33.833;0
08/12/2022 10:27:30 AM;82.51;0
08/12/2022 10:28:00 AM;70.997;0
08/12/2022 10:28:30 AM;63.301;0
08/12/2022 10:29:00 AM;84.05;0
08/12/2022 10:29:30 AM;79.193;0
08/12/2022 10:30:00 AM;69.083;0
08/12/2022 10:30:30 AM;87.537;0
08/12/2022 10:31:00 AM;75.423;0
08/12/2022 10:31:30 AM;44.488;0
08/12/2022 10:32:00 AM;69.944;0
08/12/2022 10:32:30 AM;61.853;0
08/12/2022 10:33:00 AM;40.326;0
08/12/2022 10:33:30 AM;75.256;0
08/12/2022 10:34:00 AM;78.577;0
08/12/2022 10:34:30 AM;50.82;0
08/12/2022 10:35:00 AM;96.822;0
08/12/2022 10:35:30 AM;104.046;0
08/12/2022 10:36:00 AM;81.591;0
08/12/2022 10:36:30 AM;63.094;0
08/12/2022 10:37:00 AM;53.258;0
08/12/2022 10:37:30 AM;55.205;0
08/12/2022 10:38:00 AM;80.512;0
08/12/2022 10:38:30 AM;75.182;0
08/12/2022 10:39:00 AM;63.364;0
08/12/2022 10:39:30 AM;51.246;0
08/12/2022 10:40:00 AM;77.529;0
08/12/2022 10:40:30 AM;72.654;0
08/12/2022 10:41:00 AM;93.076;0
08/12/2022 10:41:30 AM;70.453;0
08/12/2022 10:42:00 AM;61.67;0
08/12/2022 10:42:30 AM;40.047;0
08/12/2022 10:43:00 AM;16.997;0
08/12/2022 10:43:30 AM;32.492;0
08/12/2022 10:44:00 AM;49.261;0
08/12/2022 10:44:30 AM;49.897;0
08/12/2022 10:45:00 AM;55.155;0
08/12/2022 10:45:30 AM;72.829;0
08/12/2022 10:46:00 AM;37.878;0
08/12/2022 10:46:30 AM;47.742;0
08/12/2022 10:47:00 AM;59.567;0
08/12/2022 10:47:30 AM;46.39;0
08/12/2022 10:48:00 AM;95.563;0
08/12/2022 10:48:30 AM;65.845;0
08/12/2022 10:49:00 AM;40.707;0
08/12/2022 10:49:30 AM;40.616;0
08/12/2022 10:50:00 AM;67.818;0
08/12/2022 10:50:30 AM;37.178;0
08/12/2022 10:51:00 AM;56.667;0
08/12/2022 10:51:30 AM;52.967;0
08/12/2022 10:52:00 AM;54.135;0
08/12/2022 10:52:30 AM;53.147;0
08/12/2022 10:53:00 AM;35.035;0
08/12/2022 10:53:30 AM;31.713;0
08/12/2022 10:54:00 AM;18.178;0
08/12/2022 10:54:30 AM;14.353;0
08/12/2022 10:55:00 AM;12.206;0
08/12/2022 10:55:30 AM;51.206;0
08/12/2022 10:56:00 AM;19.626;0
08/12/2022 10:56:30 AM;52.049;0
08/12/2022 10:57:00 AM;41.794;0
08/12/2022 10:57:30 AM;23.891;0
08/12/2022 10:58:00 AM;34.666;0
08/12/2022 10:58:30 AM;92.036;0
08/12/2022 10:59:00 AM;102.192;0
08/12/2022 10:59:30 AM;77.154;0
08/12/2022 11:00:00 AM;71.237;0
08/12/2022 11:00:30 AM;72.443;0
08/12/2022 11:01:00 AM;47.023;0
08/12/2022 11:01:30 AM;40.839;0
08/12/2022 11:02:00 AM;41.853;0
08/12/2022 11:02:30 AM;43.89;0
08/12/2022 11:03:00 AM;57.299;0
08/12/2022 11:03:30 AM;38.996;0
08/12/2022 11:04:00 AM;40.256;0
08/12/2022 11:04:30 AM;11.922;0
08/12/2022 11:05:00 AM;11.032;0
08/12/2022 11:05:30 AM;-0.159;0
08/12/2022 11:06:00 AM;-4.898;0
08/12/2022 11:06:30 AM;-11.671;0
08/12/2022 11:07:00 AM;14.83;0
08/12/2022 11:07:30 AM;27.407;0
08/12/2022 11:08:00 AM;34.282;0
08/12/2022 11:08:30 AM;25.502;0
08/12/2022 11:09:00 AM;17.03;0
08/12/2022 11:09:30 AM;7.51;0
08/12/2022 11:10:00 AM;36.435;0
08/12/2022 11:10:30 AM;50.918;0
08/12/2022 11:11:00 AM;55.688;0
08/12/2022 11:11:30 AM;48.228;0
08/12/2022 11:12:00 AM;19.082;0
08/12/2022 11:12:30 AM;10.627;0
08/12/2022 11:13:00 AM;6.819;0
08/12/2022 11:13:30 AM;33.532;0
08/12/2022 11:14:00 AM;73.153;0
08/12/2022 11:14:30 AM;47.177;0
08/12/2022 11:15:00 AM;29.194;0
08/12/2022 11:15:30 AM;21.071;0
08/12/2022 11:16:00 AM;39.727;0
08/12/2022 11:16:30 AM;68.654;0
08/12/2022 11:17:00 AM;95.703;0
08/12/2022 11:17:30 AM;55.502;0
08/12/2022 11:18:00 AM;47.558;0
08/12/2022 11:18:30 AM;36.041;0
08/12/2022 11:19:00 AM;20.992;0
08/12/2022 11:19:30 AM;34.91;0
08/12/2022 11:20:00 AM;89.22;0
08/12/2022 11:20:30 AM;77.977;0
08/12/2022 11:21:00 AM;70.248;0
08/12/2022 11:21:30 AM;23.411;0
08/12/2022 11:22:00 AM;33.672;0
08/12/2022 11:22:30 AM;55.16;0
08/12/2022 11:23:00 AM;63.141;0
08/12/2022 11:23:30 AM;60.301;0
08/12/2022 11:24:00 AM;62.868;0
08/12/2022 11:24:30 AM;56.809;0
08/12/2022 11:25:00 AM;127.121;0
08/12/2022 11:25:30 AM;74.808;0
08/12/2022 11:26:00 AM;66.324;0
08/12/2022 11:26:30 AM;71.46;0
08/12/2022 11:27:00 AM;47.283;0
08/12/2022 11:27:30 AM;59.84;0
08/12/2022 11:28:00 AM;26.277;0
08/12/2022 11:28:30 AM;55.961;0
08/12/2022 11:29:00 AM;41.667;0
08/12/2022 11:29:30 AM;25.654;0
08/12/2022 11:30:00 AM;0;0
08/12/2022 11:30:30 AM;1.19;0
08/12/2022 11:31:00 AM;5.169;0
08/12/2022 11:31:30 AM;-0.082;0
08/12/2022 11:32:00 AM;3.832;0
08/12/2022 11:32:30 AM;9.645;0
08/12/2022 11:33:00 AM;76.605;0
08/12/2022 11:33:30 AM;61.878;0
08/12/2022 11:34:00 AM;85.189;0
08/12/2022 11:34:30 AM;92.542;0
08/12/2022 11:35:00 AM;129.216;0
08/12/2022 11:35:30 AM;68.822;0
08/12/2022 11:36:00 AM;64.909;0
08/12/2022 11:36:30 AM;51.266;0
08/12/2022 11:37:00 AM;20.002;0
08/12/2022 11:37:30 AM;7.011;0
08/12/2022 11:38:00 AM;24.5;0
08/12/2022 11:38:30 AM;19.519;0
08/12/2022 11:39:00 AM;26.148;0
08/12/2022 11:39:30 AM;25.944;0
08/12/2022 11:40:00 AM;9.079;0
08/12/2022 11:40:30 AM;11.871;0
08/12/2022 11:41:00 AM;5.094;0
08/12/2022 11:41:30 AM;1.429;0
08/12/2022 11:42:00 AM;22.227;0
08/12/2022 11:42:30 AM;59.716;0
08/12/2022 11:43:00 AM;42.299;0
08/12/2022 11:43:30 AM;6.458;0
08/12/2022 11:44:00 AM;8.835;0
08/12/2022 11:44:30 AM;39.092;0
08/12/2022 11:45:00 AM;35.185;0
08/12/2022 11:45:30 AM;33.919;0
08/12/2022 11:46:00 AM;57.863;0
08/12/2022 11:46:30 AM;42.741;0
08/12/2022 11:47:00 AM;63.593;0
08/12/2022 11:47:30 AM;63.666;0
08/12/2022 11:48:00 AM;56.548;0
08/12/2022 11:48:30 AM;39.606;0
08/12/2022 11:49:00 AM;29.134;0
08/12/2022 11:49:30 AM;40.16;0
08/12/2022 11:50:00 AM;15.663;0
08/12/2022 11:50:30 AM;10.216;0
08/12/2022 11:51:00 AM;8.509;0
08/12/2022 11:51:30 AM;-0.065;0
08/12/2022 11:52:00 AM;-0.117;0
08/12/2022 11:52:30 AM;0;0
08/12/2022 11:53:00 AM;4.717;0
08/12/2022 11:53:30 AM;20.773;0
08/12/2022 11:54:00 AM;36.988;0
08/12/2022 11:54:30 AM;25.549;0
08/12/2022 11:55:00 AM;34.961;0
08/12/2022 11:55:30 AM;35.511;0
08/12/2022 11:56:00 AM;32.022;0
08/12/2022 11:56:30 AM;26.945;0
08/12/2022 11:57:00 AM;1.24;0
08/12/2022 11:57:30 AM;7.086;0
08/12/2022 11:58:00 AM;16.871;0
08/12/2022 11:58:30 AM;18.729;0
08/12/2022 11:59:00 AM;43.675;0
08/12/2022 11:59:30 AM;38.521;0
08/12/2022 12:00:00 PM;25.855;0
08/12/2022 12:00:30 PM;14.168;0
08/12/2022 12:01:00 PM;16.896;0
08/12/2022 12:01:30 PM;36.34;0
08/12/2022 12:02:00 PM;63.411;0
08/12/2022 12:02:30 PM;52.462;0
08/12/2022 12:03:00 PM;22.313;0
08/12/2022 12:03:30 PM;33.987;0
08/12/2022 12:04:00 PM;58.172;0
08/12/2022 12:04:30 PM;17.604;0
08/12/2022 12:05:00 PM;7.876;0
08/12/2022 12:05:30 PM;3.534;0
08/12/2022 12:06:00 PM;44.583;0
08/12/2022 12:06:30 PM;53.744;0
08/12/2022 12:07:00 PM;22.708;0
08/12/2022 12:07:30 PM;38.5;0
08/12/2022 12:08:00 PM;31.054;0
08/12/2022 12:08:30 PM;41.693;0
08/12/2022 12:09:00 PM;24.141;0
08/12/2022 12:09:30 PM;20.199;0
08/12/2022 12:10:00 PM;4.988;0
08/12/2022 12:10:30 PM;-5.927;0
08/12/2022 12:11:00 PM;0;0
08/12/2022 12:11:30 PM;32.885;0
08/12/2022 12:12:00 PM;37.13;0
08/12/2022 12:12:30 PM;35.92;0
08/12/2022 12:13:00 PM;52.612;0
08/12/2022 12:13:30 PM;22.868;0
08/12/2022 12:14:00 PM;21.9;0
08/12/2022 12:14:30 PM;34.271;0
08/12/2022 12:15:00 PM;26.077;0
08/12/2022 12:15:30 PM;18.482;0
08/12/2022 12:16:00 PM;45.352;0
08/12/2022 12:16:30 PM;35.77;0
08/12/2022 12:17:00 PM;42.812;0
08/12/2022 12:17:30 PM;41.398;0
08/12/2022 12:18:00 PM;36.742;0
08/12/2022 12:18:30 PM;40.969;0
08/12/2022 12:19:00 PM;17.002;0
08/12/2022 12:19:30 PM;14.578;0
08/12/2022 12:20:00 PM;23.396;0
08/12/2022 12:20:30 PM;13.169;0
08/12/2022 12:21:00 PM;16.93;0
08/12/2022 12:21:30 PM;11.963;0
08/12/2022 12:22:00 PM;11.779;0
08/12/2022 12:22:30 PM;0;0
08/12/2022 12:23:00 PM;2.801;0
08/12/2022 12:23:30 PM;11.067;0
08/12/2022 12:24:00 PM;7.968;0
08/12/2022 12:24:30 PM;13.763;0
08/12/2022 12:25:00 PM;39.512;0
08/12/2022 12:25:30 PM;49.654;0
08/12/2022 12:26:00 PM;53.626;0
08/12/2022 12:26:30 PM;71.702;0
08/12/2022 12:27:00 PM;49.084;0
08/12/2022 12:27:30 PM;43.644;0
08/12/2022 12:28:00 PM;42.31;0
08/12/2022 12:28:30 PM;45.985;0
08/12/2022 12:29:00 PM;40.395;0
08/12/2022 12:29:30 PM;20.888;0
08/12/2022 12:30:00 PM;10.695;0
08/12/2022 12:30:30 PM;2.703;0
08/12/2022 12:31:00 PM;0;0
08/12/2022 12:31:30 PM;-6.727;0
08/12/2022 12:32:00 PM;13.827;0
08/12/2022 12:32:30 PM;0;0
08/12/2022 12:33:00 PM;24.934;0
08/12/2022 12:33:30 PM;51.992;0
08/12/2022 12:34:00 PM;22.501;0
08/12/2022 12:34:30 PM;27.146;0
08/12/2022 12:35:00 PM;44.535;0
08/12/2022 12:35:30 PM;24.449;0
08/12/2022 12:36:00 PM;11.423;0
08/12/2022 12:36:30 PM;10.71;0
08/12/2022 12:37:00 PM;26.518;0
08/12/2022 12:37:30 PM;1.32;0
08/12/2022 12:38:00 PM;22.884;0
08/12/2022 12:38:30 PM;13.029;0
08/12/2022 12:39:00 PM;2.107;0
08/12/2022 12:39:30 PM;16.486;0
08/12/2022 12:40:00 PM;8.97;0
08/12/2022 12:40:30 PM;14.304;0
08/12/2022 12:41:00 PM;4.498;0
08/12/2022 12:41:30 PM;-5.454;0
08/12/2022 12:42:00 PM;-5.091;0
08/12/2022 12:42:30 PM;40.715;0
08/12/2022 12:43:00 PM;47.157;0
08/12/2022 12:43:30 PM;31.78;0
08/12/2022 12:44:00 PM;58.878;0
08/12/2022 12:44:30 PM;78.762;0
08/12/2022 12:45:00 PM;42.5;0
08/12/2022 12:45:30 PM;15.614;0
08/12/2022 12:46:00 PM;19.532;0
08/12/2022 12:46:30 PM;29.47;0
08/12/2022 12:47:00 PM;28.209;0
08/12/2022 12:47:30 PM;27.786;0
08/12/2022 12:48:00 PM;7.262;0
08/12/2022 12:48:30 PM;17.698;0
08/12/2022 12:49:00 PM;7.577;0
08/12/2022 12:49:30 PM;7.179;0
08/12/2022 12:50:00 PM;35.821;0
08/12/2022 12:50:30 PM;59.672;0
08/12/2022 12:51:00 PM;72.369;0
08/12/2022 12:51:30 PM;18.113;0
08/12/2022 12:52:00 PM;55.389;0
08/12/2022 12:52:30 PM;67.307;0
08/12/2022 12:53:00 PM;117.548;0
08/12/2022 12:53:30 PM;135.671;0
08/12/2022 12:54:00 PM;101.052;0
08/12/2022 12:54:30 PM;85.694;0
08/12/2022 12:55:00 PM;78.618;0
08/12/2022 12:55:30 PM;50.294;0
08/12/2022 12:56:00 PM;30.994;0
08/12/2022 12:56:30 PM;30.408;0
08/12/2022 12:57:00 PM;23.083;0
08/12/2022 12:57:30 PM;31.819;0
08/12/2022 12:58:00 PM;17.15;0
08/12/2022 12:58:30 PM;-0.088;0
08/12/2022 12:59:00 PM;10.484;0
08/12/2022 12:59:30 PM;9.12;0
08/12/2022 01:00:00 PM;1.326;0
08/12/2022 01:00:30 PM;17.303;0
08/12/2022 01:01:00 PM;48.023;0
08/12/2022 01:01:30 PM;71.628;0
08/12/2022 01:02:00 PM;61.725;0
08/12/2022 01:02:30 PM;62.256;0
08/12/2022 01:03:00 PM;30.088;0
08/12/2022 01:03:30 PM;14.778;0
08/12/2022 01:04:00 PM;21.785;0
08/12/2022 01:04:30 PM;9.819;0
08/12/2022 01:05:00 PM;-2.56;0
08/12/2022 01:05:30 PM;-6.126;0
08/12/2022 01:06:00 PM;-1.461;0
08/12/2022 01:06:30 PM;0;0
08/12/2022 01:07:00 PM;9.677;0
08/12/2022 01:07:30 PM;8.881;0
08/12/2022 01:08:00 PM;5.578;0
08/12/2022 01:08:30 PM;15.805;0
08/12/2022 01:09:00 PM;6.641;0
08/12/2022 01:09:30 PM;26.169;0
08/12/2022 01:10:00 PM;18.511;0
08/12/2022 01:10:30 PM;16.335;0
08/12/2022 01:11:00 PM;21.938;0
08/12/2022 01:11:30 PM;28.018;0
08/12/2022 01:12:00 PM;26.387;0
08/12/2022 01:12:30 PM;24.538;0
08/12/2022 01:13:00 PM;19.307;0
08/12/2022 01:13:30 PM;12.565;0
08/12/2022 01:14:00 PM;23.462;0
08/12/2022 01:14:30 PM;22.521;0
08/12/2022 01:15:00 PM;7.769;0
08/12/2022 01:15:30 PM;0;0
08/12/2022 01:16:00 PM;-3.869;0
08/12/2022 01:16:30 PM;-4.167;0
08/12/2022 01:17:00 PM;-2.92;0
08/12/2022 01:17:30 PM;0;0
08/12/2022 01:18:00 PM;0;0
08/12/2022 01:18:30 PM;8.042;0
08/12/2022 01:19:00 PM;9.975;0
08/12/2022 01:19:30 PM;0;0
08/12/2022 01:20:00 PM;1.383;0
08/12/2022 01:20:30 PM;17.111;0
08/12/2022 01:21:00 PM;10.63;0
08/12/2022 01:21:30 PM;19.78;0
08/12/2022 01:22:00 PM;19.529;0
08/12/2022 01:22:30 PM;18.169;0
08/12/2022 01:23:00 PM;23.96;0
08/12/2022 01:23:30 PM;8.274;0
08/12/2022 01:24:00 PM;44.092;0
08/12/2022 01:24:30 PM;19.633;0
08/12/2022 01:25:00 PM;3.031;0
08/12/2022 01:25:30 PM;0.395;0
08/12/2022 01:26:00 PM;8.326;0
08/12/2022 01:26:30 PM;23.047;0
08/12/2022 01:27:00 PM;24.044;0
08/12/2022 01:27:30 PM;15.423;0
08/12/2022 01:28:00 PM;39.577;0
08/12/2022 01:28:30 PM;24.723;0
08/12/2022 01:29:00 PM;38.43;0
08/12/2022 01:29:30 PM;46.564;0
08/12/2022 01:30:00 PM;51.88;0
08/12/2022 01:30:30 PM;56.963;0
08/12/2022 01:31:00 PM;64.171;0
08/12/2022 01:31:30 PM;31.897;0
08/12/2022 01:32:00 PM;15.005;0
08/12/2022 01:32:30 PM;53.124;0
08/12/2022 01:33:00 PM;40.093;0
08/12/2022 01:33:30 PM;42.733;0
08/12/2022 01:34:00 PM;58.719;0
08/12/2022 01:34:30 PM;91.006;0
08/12/2022 01:35:00 PM;51.465;0
08/12/2022 01:35:30 PM;45.178;0
08/12/2022 01:36:00 PM;61.911;0
08/12/2022 01:36:30 PM;37.259;0
08/12/2022 01:37:00 PM;38.765;0
08/12/2022 01:37:30 PM;78.142;0
08/12/2022 01:38:00 PM;48.686;0
08/12/2022 01:38:30 PM;39.497;0
08/12/2022 01:39:00 PM;16.871;0
08/12/2022 01:39:30 PM;11.544;0
08/12/2022 01:40:00 PM;11.023;0
08/12/2022 01:40:30 PM;-2.594;0
08/12/2022 01:41:00 PM;34.12;0
08/12/2022 01:41:30 PM;60.74;0
08/12/2022 01:42:00 PM;60.062;0
08/12/2022 01:42:30 PM;24.603;0
08/12/2022 01:43:00 PM;19.135;0
08/12/2022 01:43:30 PM;46.572;0
08/12/2022 01:44:00 PM;45.689;0
08/12/2022 01:44:30 PM;18.938;0
08/12/2022 01:45:00 PM;31.253;0
08/12/2022 01:45:30 PM;25.225;0
08/12/2022 01:46:00 PM;26.475;0
08/12/2022 01:46:30 PM;0;0
08/12/2022 01:47:00 PM;6.42;0
08/12/2022 01:47:30 PM;5.577;0
08/12/2022 01:48:00 PM;10.551;0
08/12/2022 01:48:30 PM;-6.342;0
08/12/2022 01:49:00 PM;-2.7;0
08/12/2022 01:49:30 PM;10.3;0
08/12/2022 01:50:00 PM;8.1;0
08/12/2022 01:50:30 PM;4.463;0
08/12/2022 01:51:00 PM;-4.684;0
08/12/2022 01:51:30 PM;0;0
08/12/2022 01:52:00 PM;1.212;0
08/12/2022 01:52:30 PM;4.041;0
08/12/2022 01:53:00 PM;12.868;0
08/12/2022 01:53:30 PM;38.816;0
08/12/2022 01:54:00 PM;23.301;0
08/12/2022 01:54:30 PM;0;0
08/12/2022 01:55:00 PM;-1.226;0
08/12/2022 01:55:30 PM;-5.816;0
08/12/2022 01:56:00 PM;-4.248;0
08/12/2022 01:56:30 PM;-6.698;0
08/12/2022 01:57:00 PM;-14.494;0
08/12/2022 01:57:30 PM;6.14;0
08/12/2022 01:58:00 PM;44.997;0
08/12/2022 01:58:30 PM;163.456;0
08/12/2022 01:59:00 PM;83.835;0
08/12/2022 01:59:30 PM;54.275;0
08/12/2022 02:00:00 PM;139.934;0
08/12/2022 02:00:30 PM;123.711;0
08/12/2022 02:01:00 PM;77.203;0
08/12/2022 02:01:30 PM;55.84;0
08/12/2022 02:02:00 PM;93.179;0
08/12/2022 02:02:30 PM;103.241;0
08/12/2022 02:03:00 PM;60.526;0
08/12/2022 02:03:30 PM;84.648;0
08/12/2022 02:04:00 PM;44.27;0
08/12/2022 02:04:30 PM;46.958;0
08/12/2022 02:05:00 PM;21.978;0
08/12/2022 02:05:30 PM;36.568;0
08/12/2022 02:06:00 PM;26.458;0
08/12/2022 02:06:30 PM;33.908;0
08/12/2022 02:07:00 PM;19.956;0
08/12/2022 02:07:30 PM;1.139;0
08/12/2022 02:08:00 PM;-13.086;0
08/12/2022 02:08:30 PM;23.498;0
08/12/2022 02:09:00 PM;16.174;0
08/12/2022 02:09:30 PM;-6.95;0
08/12/2022 02:10:00 PM;16.123;0
08/12/2022 02:10:30 PM;58.675;0
08/12/2022 02:11:00 PM;44.424;0
08/12/2022 02:11:30 PM;52.573;0
08/12/2022 02:12:00 PM;9.086;0
08/12/2022 02:12:30 PM;-8.57;0
08/12/2022 02:13:00 PM;0;0
08/12/2022 02:13:30 PM;1.189;0
08/12/2022 02:14:00 PM;5.88;0
08/12/2022 02:14:30 PM;-9.516;0
08/12/2022 02:15:00 PM;28.258;0
08/12/2022 02:15:30 PM;54.898;0
08/12/2022 02:16:00 PM;41.113;0
08/12/2022 02:16:30 PM;31.629;0
08/12/2022 02:17:00 PM;26.009;0
08/12/2022 02:17:30 PM;14.58;0
08/12/2022 02:18:00 PM;25.656;0
08/12/2022 02:18:30 PM;0;0
08/12/2022 02:19:00 PM;5.489;0
08/12/2022 02:19:30 PM;15.299;0
08/12/2022 02:20:00 PM;28.979;0
08/12/2022 02:20:30 PM;99.283;0
08/12/2022 02:21:00 PM;64.478;0
08/12/2022 02:21:30 PM;117.565;0
08/12/2022 02:22:00 PM;116.788;0
08/12/2022 02:22:30 PM;71.839;0
08/12/2022 02:23:00 PM;27.634;0
08/12/2022 02:23:30 PM;33.371;0
08/12/2022 02:24:00 PM;70.511;0
08/12/2022 02:24:30 PM;51.75;0
08/12/2022 02:25:00 PM;16.033;0
08/12/2022 02:25:30 PM;29.833;0
08/12/2022 02:26:00 PM;38.136;0
08/12/2022 02:26:30 PM;28.944;0
08/12/2022 02:27:00 PM;74.016;0
08/12/2022 02:27:30 PM;65.591;0
08/12/2022 02:28:00 PM;33.257;0
08/12/2022 02:28:30 PM;48.252;0
08/12/2022 02:29:00 PM;53.332;0
08/12/2022 02:29:30 PM;72.62;0
08/12/2022 02:30:00 PM;117.895;0
08/12/2022 02:30:30 PM;80.05;0
08/12/2022 02:31:00 PM;94.798;0
08/12/2022 02:31:30 PM;20.098;0
08/12/2022 02:32:00 PM;36.087;0
08/12/2022 02:32:30 PM;33.354;0
08/12/2022 02:33:00 PM;16.18;0
08/12/2022 02:33:30 PM;13.902;0
08/12/2022 02:34:00 PM;41.676;0
08/12/2022 02:34:30 PM;62.107;0
08/12/2022 02:35:00 PM;28.663;0
08/12/2022 02:35:30 PM;20.119;0
08/12/2022 02:36:00 PM;28.007;0
08/12/2022 02:36:30 PM;10.931;0
08/12/2022 02:37:00 PM;1.366;0
08/12/2022 02:37:30 PM;2.975;0
08/12/2022 02:38:00 PM;37.301;0
08/12/2022 02:38:30 PM;74.583;0
08/12/2022 02:39:00 PM;88.322;0
08/12/2022 02:39:30 PM;100.885;0
08/12/2022 02:40:00 PM;74.739;0
08/12/2022 02:40:30 PM;70.023;0
08/12/2022 02:41:00 PM;64.484;0
08/12/2022 02:41:30 PM;81.301;0
08/12/2022 02:42:00 PM;94.349;0
08/12/2022 02:42:30 PM;37.578;0
08/12/2022 02:43:00 PM;24.103;0
08/12/2022 02:43:30 PM;64.694;0
08/12/2022 02:44:00 PM;32.521;0
08/12/2022 02:44:30 PM;39.475;0
08/12/2022 02:45:00 PM;7.942;0
08/12/2022 02:45:30 PM;13.457;0
08/12/2022 02:46:00 PM;29.944;0
08/12/2022 02:46:30 PM;23.332;0
08/12/2022 02:47:00 PM;25.604;0
08/12/2022 02:47:30 PM;26.688;0
08/12/2022 02:48:00 PM;12.467;0
08/12/2022 02:48:30 PM;2.18;0
08/12/2022 02:49:00 PM;-9.018;0
08/12/2022 02:49:30 PM;-7.829;0
08/12/2022 02:50:00 PM;-8.414;0
08/12/2022 02:50:30 PM;-8.062;0
08/12/2022 02:51:00 PM;-7.308;0
08/12/2022 02:51:30 PM;-6.591;0
08/12/2022 02:52:00 PM;-6.802;0
08/12/2022 02:52:30 PM;-6.562;0
08/12/2022 02:53:00 PM;-6.037;0
08/12/2022 02:53:30 PM;-1.178;0
08/12/2022 02:54:00 PM;16.257;0
08/12/2022 02:54:30 PM;0;0
08/12/2022 02:55:00 PM;-5.35;0
08/12/2022 02:55:30 PM;15.304;0
08/12/2022 02:56:00 PM;65.386;0
08/12/2022 02:56:30 PM;37.147;0
08/12/2022 02:57:00 PM;47.174;0
08/12/2022 02:57:30 PM;35.978;0
08/12/2022 02:58:00 PM;28.885;0
08/12/2022 02:58:30 PM;32.438;0
08/12/2022 02:59:00 PM;29.993;0
08/12/2022 02:59:30 PM;27.639;0
08/12/2022 03:00:00 PM;11.663;0
08/12/2022 03:00:30 PM;15.624;0
08/12/2022 03:01:00 PM;17.602;0
08/12/2022 03:01:30 PM;14.87;0
08/12/2022 03:02:00 PM;33.293;0
08/12/2022 03:02:30 PM;42.62;0
08/12/2022 03:03:00 PM;17.844;0
08/12/2022 03:03:30 PM;16.659;0
08/12/2022 03:04:00 PM;6.658;0
08/12/2022 03:04:30 PM;0;0
08/12/2022 03:05:00 PM;1.032;0
08/12/2022 03:05:30 PM;-0.081;0