IsoDatetime,wt_01,wt_02,wt_03,storage_01,storage_02,storage_03,solar_01,solar_02,solar_03
2022-07-15T00:00:00.0,18.74274171573724,18.773369464346505,18.609679164879633,16.00190108971354,16.028049996382546,15.88829691110073,4.111430167344004,4.118148706792488,4.082241407554375
2022-07-15T00:05:00.0,20.608265247064224,20.64110675927606,20.458821684515843,15.997125639578817,16.02261879927703,15.881120366090146,4.1317439448750015,4.138328328256864,4.101782056901544
2022-07-15T00:10:00.0,22.0146956938985,22.052995894455883,21.861380139011548,15.992694382826512,16.020517770023503,15.881317471351872,4.12658373467514,4.133762983793661,4.09784522818538
2022-07-15T00:15:00.0,18.503462418633205,18.528866730280594,18.368651322601036,16.137071927664504,16.1592273056717,16.019501696531563,4.153023771086784,4.158725661239703,4.1227659915555295
2022-07-15T00:20:00.0,23.671582118978403,23.689920459883325,23.48641918530674,16.10784252367481,16.120321246303373,15.981844381184217,4.161118204043942,4.164341816381634,4.128569266244063
2022-07-15T00:25:00.0,23.81894577081114,23.839530971801253,23.638606242145034,16.107533398273933,16.12145411565785,15.98557900915155,4.175316836360136,4.178925297334895,4.143704409951928
2022-07-15T00:30:00.0,13.355210130705016,13.368118890247981,13.263290612102013,16.074159309755256,16.089696126874138,15.963526158255553,4.189132272395029,4.193181366394209,4.160299852831854
2022-07-15T00:35:00.0,9.58800353082261,9.596965343945822,9.520960119456713,16.183478007211782,16.19860454581995,16.07031622437759,4.181651773365498,4.18556032237873,4.152411880083291
2022-07-15T00:40:00.0,13.271141815821528,13.281628050070676,13.181643029701029,28.630464714280734,28.65308716559822,28.43738473114476,4.1948044801863205,4.198119018077564,4.166515285918052
2022-07-15T00:45:00.0,27.623957973180783,27.657778370072656,27.430115368043253,23.93266906246227,23.961970162875186,23.764728938767252,4.185651607718252,4.190776159339768,4.156280088523721
2022-07-15T00:50:00.0,22.199629687408926,22.209445257401295,22.041378142681356,16.05857950846742,16.06567981209243,15.944104850595682,4.191249775358442,4.193102937150094,4.16137217106373
2022-07-15T00:55:00.0,28.06578110781834,28.07717237607345,27.875930820711943,16.07025952505337,16.076782081346238,15.96155264912552,4.216742741711507,4.218454222590983,4.188218688983656
2022-07-15T01:00:00.0,28.748769062158196,28.76104648920257,28.55358647507064,16.11862032636846,16.125503931878143,16.009186979543053,4.001980458672846,4.003689541347241,3.9748100119066296
2022-07-15T01:05:00.0,28.515422637465818,28.54092369437485,28.327182765048086,16.068794380845496,16.08316454274613,15.962718877683114,3.995128553106917,3.9987013565644327,3.9687553690692656
2022-07-15T01:10:00.0,23.908901858800192,23.922144306116937,23.744935301990967,16.081881517490974,16.090788805245435,15.97159243959816,3.9989365663095877,4.001151461293686,3.9715119751029895
2022-07-15T01:15:00.0,23.494691438880963,23.50198193400039,23.32169502932895,16.073294988520605,16.07828259514535,15.954943899300387,4.004066212136899,4.0053086896239245,3.974583421094071
2022-07-15T01:20:00.0,8.90063908232614,8.908878471034884,8.840400666685152,16.092170471846806,16.107067115386503,15.983260668350377,4.034250705668683,4.037985241964905,4.006947399854319
2022-07-15T01:25:00.0,0.023132742700747895,0.02314921314542466,0.02297468465921652,16.11644025942448,16.127915117426102,16.00632218925809,4.029548046247542,4.03241707258941,4.002015536130362
2022-07-15T01:30:00.0,2.926084494403924,2.9288976393073414,2.906348976506478,16.19839869922954,16.21397187998744,16.089145604163416,4.0436517084140995,4.047539285213906,4.016378551806672
2022-07-15T01:35:00.0,10.213760372609835,10.23067648736111,10.149958477412584,16.12938022862563,16.156093842109854,16.0286254635439,4.058991692607538,4.065714228357521,4.033636548847485
2022-07-15T01:40:00.0,23.693861091214217,23.73062799380313,23.54184270691588,16.138176859494084,16.163219243859867,16.034635289707015,4.053214744029696,4.059504312078228,4.027209562593478
2022-07-15T01:45:00.0,25.892199819969974,25.935450007273264,25.703172859426402,16.186202632758015,16.21323997606848,16.06803466295682,4.010612742261638,4.017312047593354,3.981333115893147
2022-07-15T01:50:00.0,31.107494604304037,31.14073278752341,30.88326762237743,16.163855758131668,16.18112674719891,16.0473445238119,4.018028427518661,4.022321668319739,3.9890659411770844
2022-07-15T01:55:00.0,57.59879436609383,57.68168680116002,57.24262632353222,22.423955098188472,22.456226194525826,22.285294275827358,4.042391511534147,4.048209058230562,4.0173949697180165
2022-07-15T02:00:00.0,40.77280805137882,40.8312225405237,40.51194589193487,20.43001049581151,20.459280214611194,20.299300424317682,4.055056335324708,4.060865943629909,4.029112310302769
2022-07-15T02:05:00.0,62.39483802626083,62.48916279005819,61.92580210848098,20.56767353204362,20.598766503980734,20.41306174143944,4.0155353974710755,4.0216058423967755,3.9853497220192446
2022-07-15T02:10:00.0,20.02789706636862,20.103107934889014,19.927028386136815,16.007502696279126,16.067615756409207,15.926882366274928,4.037425397421638,4.052587162519598,4.01709127197538
2022-07-15T02:15:00.0,14.826429186227974,14.869738700593508,14.749306395978046,15.984083264540018,16.03077440473772,15.90093869308153,4.020082244553253,4.031825315493276,3.999170941107233
2022-07-15T02:20:00.0,23.773639840387016,23.808130829771862,23.61155123639966,16.020661281732494,16.043904186980335,15.911432461932721,4.036208115247306,4.04206387869761,4.008689260616915
2022-07-15T02:25:00.0,25.896415936975057,25.976725291682225,25.789794471027786,15.987905546382436,16.0374868622168,15.922079683416287,4.0442336036747495,4.05677548560106,4.027582569164552
2022-07-15T02:30:00.0,19.167259964215628,19.189855347144423,19.034388869686765,15.986496311753903,16.005342041739734,15.875674876317122,4.026103304164499,4.030849488336797,3.998193589697782
2022-07-15T02:35:00.0,25.722028121382195,25.736049404272116,25.53034222843139,16.012594185515585,16.021322778448347,15.893265009743557,4.072796950692137,4.075017064826582,4.04244562238254
2022-07-15T02:40:00.0,22.784618708883865,22.813602999080526,22.62822709837825,16.021595828028214,16.041976883723134,15.911625009274143,4.051295885679399,4.056449535039232,4.023488148526039
2022-07-15T02:45:00.0,14.181736810841434,14.193361306840162,14.07415425711237,16.093640690223776,16.106832336938407,15.971554447378779,4.023697942826185,4.02699609038458,3.9931741990917295
2022-07-15T02:50:00.0,9.019398650112445,9.032793677967245,8.953885785697869,19.05680096446389,19.08510289341114,18.918380913838355,4.036934152136194,4.042929545788651,4.007611673995573
2022-07-15T02:55:00.0,17.602375415625968,17.617020348427943,17.466500189629123,21.005140886060186,21.022616872653412,20.842999232016417,4.053835914369762,4.057208649762253,4.022543781460807
2022-07-15T03:00:00.0,13.881544562742436,13.902834139591675,13.78117722223981,20.032627055197825,20.063350304419565,19.88778571627308,4.031016039267645,4.037198249421611,4.001870697583508
2022-07-15T03:05:00.0,6.924806894319606,6.937485262939267,6.879510541067122,19.385997794941705,19.421490889529775,19.259190648161642,4.068053694390659,4.075501740970032,4.041443855300077
2022-07-15T03:10:00.0,3.4800961189850304,3.484751929366298,3.4573138347731156,19.353897799063564,19.379790209850523,19.22719842491087,4.078331288178058,4.083787441255602,4.051632685800169
2022-07-15T03:15:00.0,8.428709896047154,8.440423467281258,8.371746665678364,16.100407174706834,16.12278227939841,15.991596785663278,4.070000419195242,4.0756565920165935,4.042494386322001
2022-07-15T03:20:00.0,15.134005945222082,15.157672538138778,15.035289175884433,16.0977644121393,16.12293813273845,15.992761196065716,4.07203761055024,4.07840547222673,4.045476341908619
2022-07-15T03:25:00.0,20.830626009322895,20.88071339596335,20.743964672022972,16.06660498508577,16.105237249691132,15.999763332163099,4.089917066718114,4.099751301049643,4.072901846806388
2022-07-15T03:30:00.0,24.847787815650502,24.87601914593249,24.666287179123444,16.131871682511562,16.150200243625918,16.014036445005853,4.081585729408629,4.086223107820586,4.051771791305825
2022-07-15T03:35:00.0,21.47874570063529,21.511038988619248,21.325713043579047,16.086167381208178,16.110352929239696,15.971555989532503,4.042782671632763,4.0488609942169225,4.01397848619457
2022-07-15T03:40:00.0,16.95655563535323,16.978210666800972,16.83631367548517,16.08243782584575,16.102976531014683,15.968394391246092,4.042452542313185,4.047615114171075,4.0137867904462246
2022-07-15T03:45:00.0,18.6444666020359,18.664543841956622,18.505813585900974,16.143903763993972,16.161288280056837,16.02384664480423,4.060725562769119,4.065098343343436,4.030527227842622
2022-07-15T03:50:00.0,20.16132338722406,20.181519353285584,20.015586146257217,16.177013376490404,16.193218186405584,16.060076940756854,4.051902695307664,4.055961560281324,4.022613292616248
2022-07-15T03:55:00.0,19.84000225071979,19.85883348407448,19.70816903327865,16.31408106167146,16.329565650007556,16.205676951189176,4.090012512526599,4.0938945675321206,4.062835121007837
2022-07-15T04:00:00.0,17.24691301139642,17.270304001000465,17.13979836744335,22.084890027394604,22.11484248512985,21.94772837240951,4.060648407569086,4.0661556299122585,4.035429117130969
2022-07-15T04:05:00.0,34.55172048641275,34.59451218793875,34.30757227215677,20.59066860949968,20.616169792449604,20.445171514114143,4.087104358557932,4.092166165824109,4.0582241981325735
2022-07-15T04:10:00.0,29.873568059957336,29.895350713905522,29.6389693369678,19.449533565096896,19.463715415026975,19.296795340859475,4.063988116330315,4.0669514197633,4.0320734009397
2022-07-15T04:15:00.0,42.474757637397744,42.52024038567952,42.17771575845767,16.10907475965449,16.126324651898738,15.99641797005151,4.0348607027679355,4.039181305495388,4.006643411579525
2022-07-15T04:20:00.0,16.176157441456244,16.2006119284121,16.064544862947603,16.071145788828996,16.095441523244354,15.96025777184652,4.041095805677739,4.04720497746498,4.01321297104878
2022-07-15T04:25:00.0,25.009029971390074,25.057080048386883,24.844987935465543,16.095690246053508,16.126615042278083,15.990113588318529,3.972736406175183,3.980369260805015,3.9466779877156895
2022-07-15T04:30:00.0,49.773139386256304,49.82237310178683,49.420483499649215,16.15534486435715,16.171325123250945,16.040879963472147,629.3522996639543,629.9748312637732,624.893171789704
2022-07-15T04:35:00.0,19.846445710131334,19.8712233376734,19.700997413277346,16.163038147384185,16.18321716306354,16.044584374610004,660.6246541277168,661.4494220415365,655.7831458694608
2022-07-15T04:40:00.0,19.852753740137782,19.93144819860713,19.767447990004733,16.129672809718368,16.193609323698404,16.060364850911025,661.7685905666508,664.3917793468237,658.9250220233789
2022-07-15T04:45:00.0,38.90591792071021,38.99070992716528,38.65772235341322,16.183514988520947,16.218785527829876,16.080274224696247,674.602435581912,676.0726719143136,670.2988914645257
2022-07-15T04:50:00.0,40.58200702049328,40.66573953375421,40.33024648379243,16.254814822250193,16.288353244757754,16.15397405058614,670.7341999551444,672.1181201802813,666.5731341389799
2022-07-15T04:55:00.0,58.53156890803473,58.726536359319184,58.174819359138375,16.212533792904694,16.266537409268235,16.113718500149204,667.7094116817369,669.9335379886667,663.6397269653477
2022-07-15T05:00:00.0,34.93747780845872,34.980077416169884,34.698703247861935,21.43586249469793,21.46199945106984,21.289362547671256,677.2594870403173,678.0852761434902,672.6308662419118
2022-07-15T05:05:00.0,27.929914587401246,28.04392799744991,27.832473615921646,21.181591219749976,21.268057128468147,21.10769357786935,660.7973433525655,663.49480088438,658.4919752181258
2022-07-15T05:10:00.0,30.483493676319664,30.618065355549582,30.377659204070913,19.595668471133525,19.682175025788766,19.52763502152224,650.6189306153113,653.4911368972208,648.3600717099685
2022-07-15T05:15:00.0,32.166772362129365,32.316520477000864,32.0444339601239,19.324731379474404,19.41469508680245,19.251234519748028,677.7811727772146,680.936492551799,675.2033988975892
2022-07-15T05:20:00.0,44.673816732934625,44.74157942473915,44.41426435548769,19.40637136442329,19.435807576907052,19.293621431831546,672.4868410897341,673.5068909061127,668.5797301426201
2022-07-15T05:25:00.0,25.725754932214738,25.77951744581563,25.55455064295817,16.170461730249574,16.20425528348041,16.062847690748203,711.4271546142897,712.9139180611459,706.6926237643888
2022-07-15T05:30:00.0,22.76896358628798,22.806743281359623,22.579530722416,16.17860797634912,16.205452539287343,16.04400544906204,770.6263708119182,771.9050425087263,764.2149256951941
2022-07-15T05:35:00.0,20.698935653307853,20.79632341263018,20.59977725872246,16.11933276492715,16.19517365481833,16.042112989691873,824.1942685932281,828.0720734431488,820.2459602420629
2022-07-15T05:40:00.0,79.55930984365887,79.55343499351537,78.74349328439273,16.170458612778646,16.169264547353894,16.004643600894354,816.5713242000533,816.511026616143,808.1980438207569
2022-07-15T05:45:00.0,36.17823033784361,36.25405293182186,35.92794424515239,16.155863937590752,16.189723512817856,16.044095395535756,824.8684528513958,826.5972180563813,819.161896723014
2022-07-15T05:50:00.0,84.36573182640453,84.6356521289807,83.92970501789317,16.183076142702834,16.234852387802437,16.09943726599732,810.3290832153458,812.9216556566992,806.141065209109
2022-07-15T05:55:00.0,58.19289483522043,58.29867646034338,57.740293190503216,16.236598826643604,16.266113320040354,16.11031689215038,796.3893358290426,797.8369929427354,790.1953301131881
2022-07-15T06:00:00.0,22.850115370608545,22.971393424910616,22.77749172511587,22.70530546597358,22.825814934944994,22.63314206424806,748.3076059457562,752.2792835060925,745.9292885757013
2022-07-15T06:05:00.0,46.83690753843511,46.84656349399027,46.43961015470191,21.70557790010873,21.71005274925051,21.52145879905463,724.1211868805368,724.2704726119084,717.978777652999
2022-07-15T06:10:00.0,44.872602895578915,44.90857821073525,44.48554657020991,20.69884373148513,20.71543843245099,20.520302308052678,732.0881348477482,732.6750653949833,725.7733831944998
2022-07-15T06:15:00.0,4.321410218018934,4.328996395638384,4.288337810920405,19.83894858932066,19.873775597215946,19.687118110136577,717.928951620116,719.1892662559324,712.4345325860706
2022-07-15T06:20:00.0,8.155049294933606,8.173752004949263,8.093256643515714,15.999631613364107,16.03632501147857,15.878398788969836,720.6982185958378,722.351060817107,715.2373253273132
2022-07-15T06:25:00.0,13.028245772813376,13.061087773629954,12.945069545165559,15.972889300465619,16.01315424883984,15.870913585559986,761.7372724862545,763.6574831240684,756.8741133250758
2022-07-15T06:30:00.0,10.581831186327708,10.60839637293295,10.507338454113313,15.977316199962125,16.017426496453275,15.864840966117317,806.2391926903182,808.2632180433167,800.5635247246992
2022-07-15T06:35:00.0,4.996319925724636,5.01694345106961,4.972028400430541,15.971573664335883,16.037500218111916,15.893921734231057,872.9773333112339,876.5807595182779,868.7330192383663
2022-07-15T06:40:00.0,14.148816557088729,14.204490626231552,14.061606803807663,16.013581897363668,16.076593617261288,15.914878198663471,939.0334801865989,942.728475785163,933.2455135535378
2022-07-15T06:45:00.0,13.544198473795346,13.56388949122191,13.451974212243615,16.068986409393855,16.092348049584437,15.959570528612254,870.8043917352887,872.0703968433772,864.8749679942555
2022-07-15T06:50:00.0,12.772338629799856,12.789461171843502,12.667633047172123,21.47145497651212,21.500239516386113,21.295435433941,815.0657257852905,816.158399379579,808.3839477513815
2022-07-15T06:55:00.0,36.36530115636006,36.4755039251194,36.057130681073524,21.23107294578244,21.295412383321995,21.051154462159474,891.9316527739674,894.634595814564,884.3731562781841
2022-07-15T06:55:30.0,38.678226974465005,38.783443085543894,38.41424396738921,21.22877553283009,21.286524022852802,21.083886885131903,870.7964152015139,873.1652366164518,864.8531371813636
2022-07-15T07:05:00.0,18.08374891292188,18.156705837647817,17.963671653827745,19.395538858893136,19.473788057959165,19.26675122995379,930.30345743968,934.0566658946042,924.1261824823101
2022-07-15T07:10:00.0,18.41937250670444,18.380575859117553,18.249727096718615,19.515878024771773,19.474771812179558,19.336133621017478,900.4097676735929,898.5132383305055,892.116847589772
2022-07-15T07:15:00.0,10.867983400646379,10.857479134414824,10.768472917535595,19.391612721510512,19.37287008498111,19.21405735736633,879.2646441759667,878.4148057496524,871.2138360086506
2022-07-15T07:20:00.0,47.407562943719526,47.44016607595024,46.91977440340892,16.1585459781337,16.169658534410985,15.992286565778482,965.8171371857009,966.4813490092813,955.879597639235
2022-07-15T07:25:00.0,30.8833011914764,30.933448103754035,30.675150196996324,16.0854802788624,16.11159915661729,15.9770654207494,1044.5457700467705,1046.2418563807976,1037.5056146091385
2022-07-15T07:30:00.0,42.38489512446538,42.56985696478364,42.18541060506486,16.131215382455213,16.201609782982747,16.055293813262562,1045.318782226682,1049.880409313693,1040.398989119244
2022-07-15T07:35:00.0,50.9586024717208,51.013259984889814,50.62390089904967,16.117728281140536,16.135015940202027,16.01186531116256,1035.2069990910968,1036.317348226297,1028.4076483665904
2022-07-15T07:40:00.0,23.170580916107056,23.238589130064682,23.030804631605506,16.182275519653352,16.22977228548095,16.08465611360103,1057.3085350585973,1060.4118523786005,1050.9303324948655
2022-07-15T07:45:00.0,19.137186804949536,19.20505349125551,19.01472406895543,16.20651239511118,16.263985957136946,16.10280363848691,1116.545157610459,1120.504789751292,1109.4001589094703
2022-07-15T07:50:00.0,7.96187978796746,7.9701281739227925,7.895810504009849,20.016511321185607,20.037248121445508,19.850410274003412,1160.795392453001,1161.9979587648654,1151.162878217284
2022-07-15T07:55:00.0,41.008019928,41.0714131263257,40.70723885648646,22.37833132522418,22.41292538751709,22.214193225249986,1304.7059629852336,1306.7228729461012,1295.1363505473296
2022-07-15T08:00:00.0,15.773047311711439,15.818004393848565,15.640409089707155,20.515319438426292,20.57379316787348,20.342802648208945,1715.918365785059,1720.809157106906,1701.488918092143
2022-07-15T08:05:00.0,47.971098196563574,47.886645210386085,47.571043752177744,20.44438846120012,20.40839617165431,20.27389270908829,1813.4560158664838,1810.2634315480275,1798.3327194209255
2022-07-15T08:10:00.0,28.709410912425238,28.71079811568674,28.485649333278747,16.062263618666655,16.063039727397932,15.937074095170562,1541.4643998736426,1541.5388815287874,1529.4502032269068
2022-07-15T08:15:00.0,30.006593510795387,30.078572281153402,29.82563930633378,15.979370158665143,16.017700914693897,15.883006863917322,1362.3239863339463,1365.591881616037,1354.1085168546354
2022-07-15T08:20:00.0,24.45717867086827,24.465252220980485,24.2640479099301,15.977768668959998,15.983043084204954,15.8515971811258,1631.3393363357218,1631.877857154463,1618.4571551317972
2022-07-15T08:25:00.0,25.49516049384425,25.50757885105098,25.282095604171356,16.07589806602423,16.083728424442686,15.941550629825226,2346.606728964303,2347.7497302249158,2326.9959677795214
2022-07-15T08:30:00.0,31.762562078298867,31.767694167208113,31.494724330885003,15.970872451775913,15.973452972112362,15.836198098643662,2389.8988502708826,2390.2850021610693,2369.7460325282336
2022-07-15T08:35:00.0,39.62967962333001,39.76874331115674,39.44157465873161,17.35642280454455,17.417327868264994,17.274039365459622,4573.68058753457,4589.72999533926,4551.9713021409
2022-07-15T08:40:00.0,55.58608794381026,55.7104895919645,55.15466028961002,21.461077252897034,21.509107137355254,21.2945085563342,2917.2737402713688,2923.8025980275333,2894.631517855977
2022-07-15T08:45:00.0,90.39629626051475,90.50348180644015,89.66548799374848,21.462750656294038,21.488199670704162,21.2892351887802,1968.8533827652443,1971.1879101010832,1952.9362004502864
2022-07-15T08:50:00.0,49.32520912807821,49.47983932269675,49.04037634676561,20.460372625822988,20.524514095408726,20.342222395043976,4471.201873612244,4485.218698439081,4445.382523061408
2022-07-15T08:55:00.0,33.3295672671099,33.43187413420739,33.071779310519005,19.56922210593005,19.629290866773772,19.417863711795146,3809.313176447233,3821.0060644392142,3779.8499958454213
2022-07-15T09:00:00.0,16.280162574989063,16.347960344046882,16.193900366848542,19.704551580909918,19.786610014375615,19.60014487600395,4741.28935905722,4761.034176685484,4716.167122859544
2022-07-15T09:05:00.0,74.16163560814012,74.34022206605897,73.78949504592914,19.811798947198298,19.859507158727986,19.712384014690905,4586.268021561131,4597.312078967913,4563.254284795506
2022-07-15T09:10:00.0,56.70324629804049,56.83042870068725,56.35595942724392,19.50032610152945,19.544064308561758,19.380893658531086,4871.550237651554,4882.476868916762,4841.713754761848
2022-07-15T09:15:00.0,94.16419511440397,94.17048165690366,93.40585905337204,27.87380131985254,27.875662216517267,27.649324185277102,4889.469370444239,4889.795798732197,4850.092822506733
2022-07-15T09:20:00.0,109.0607725487463,109.16485283366754,108.02893903918064,29.114295363162977,29.142080093509765,28.838842467854754,3151.155389870931,3154.1626411781076,3121.3420330687504
2022-07-15T09:25:00.0,144.30323286281043,144.83347141331745,143.44254374549698,29.60070842933571,29.709475477863812,29.424156545469607,4604.354611863261,4621.273195508132,4576.892178568712
2022-07-15T09:30:00.0,99.89466585628418,99.94429824297072,99.13724609969886,30.61347840400366,30.62868862553995,30.38136137190558,2879.7669899151074,2881.1977941285795,2857.9320661598995
2022-07-15T09:35:00.0,40.96679106416545,41.076555383616366,40.7547817590622,113.26506402218175,113.56854062718327,112.67890028096495,1291.6689009699546,1295.1297323943352,1284.9843201422987
2022-07-15T09:40:00.0,230.4257205270803,230.6126035358097,228.7512784580461,30.882915387213888,30.907962470207476,30.658497502697838,1872.6052904229723,1874.1240362905621,1858.9975687250305
2022-07-15T09:45:00.0,48.218150438345695,48.27030358267154,47.73479948507353,28.423541464808242,28.454284598810474,28.138616685705554,2253.523955844414,2255.9613857135087,2230.93406091114
2022-07-15T09:50:00.0,76.46045142478826,76.55377144984233,75.90877659827437,18.790577412731455,18.813511323299082,18.655000283103057,5543.089937319711,5549.855281784574,5503.095624932871
2022-07-15T09:55:00.0,138.87270461801754,139.18419003363738,137.95677802122086,29.397904265564385,29.46384248181573,29.20401215061655,1780.5779693129896,1784.5717279881771,1768.8342740760463
2022-07-15T10:00:00.0,175.14964663658222,175.97320138252903,174.02000674552346,28.72845703130041,28.863538417910043,28.54317083921085,4003.317311225336,4022.140934535473,3977.4976363463475
2022-07-15T10:05:00.0,62.120467519237565,62.23907656096332,61.703233938022514,30.10235241017406,30.159828010658813,29.900169252180202,2007.8155627439119,2011.6491636385824,1994.3300222913463
2022-07-15T10:10:00.0,129.98055268847835,130.46144290116948,129.30094228979766,164.57899500135298,165.1878893803481,163.7184847627529,1307.5536944487894,1312.391262540499,1300.7170787458963
2022-07-15T10:15:00.0,345.3334631435836,346.08395730523733,343.09730188866655,129.8497456802619,130.13194096808067,129.008920792897,1370.2216776884416,1373.199504858492,1361.3489880903867
2022-07-15T10:20:00.0,363.9126130434662,364.0484956537711,360.48454541296934,128.61328984575658,128.6613132143285,127.4017488329715,1371.5817248518613,1372.0938645753536,1358.6613842398033
2022-07-15T10:25:00.0,247.44104022226142,248.20406184779796,245.96890142710689,28.172075533824703,28.25894836158702,28.004467099524096,2183.951050630517,2190.6855918337365,2170.9577368881246
2022-07-15T10:30:00.0,238.84717942851904,239.3631303523869,237.20147537561496,28.866754024228822,28.929111170097162,28.667856410258562,3162.2381104376914,3169.0690877951556,3140.4496677730267
2022-07-15T10:35:00.0,364.3232398407065,364.8526872735995,361.06276727700634,31.06012557779618,31.1052632521309,30.78215624672699,2312.4246667184934,2315.7851641275743,2291.7298650781822
2022-07-15T10:40:00.0,369.2997640560201,371.4454531411821,367.69874335889426,32.30744609679231,32.49515738503682,32.16738402552494,1585.047992548659,1594.2573679885895,1578.1763536011097
2022-07-15T10:45:00.0,171.7630910407255,172.3552316709969,170.61568711813763,35.01684219781745,35.137560187249846,34.78292429466974,1946.088436907196,1952.7974337388894,1933.0882661913536
2022-07-15T10:50:30.0,106.67383949477846,107.0887838078009,106.17929500356603,29.797650505703324,29.91355863910633,29.659507321034415,2255.710990505686,2264.4853484154182,2245.2534176892837
2022-07-15T10:55:00.0,29.707409035598214,29.72887277889918,29.40571463819777,33.38286886974517,33.40698815013113,33.04384824041034,1447.9777046350835,1449.0238753637584,1433.2727278218686
2022-07-15T11:00:00.0,44.252096216086365,44.313312821574996,43.87538240971073,32.98473878193693,33.03036856931015,32.70394289741718,2500.6029021244044,2504.0621376054896,2479.3155119656803
2022-07-15T11:05:00.0,131.3615045878184,131.59236250239226,130.2411588016264,20.19719666102967,20.232691707436405,20.024940380598988,2583.317911149555,2587.8578971029788,2561.285510217242
2022-07-15T11:10:00.0,225.3732885647503,225.58354281879625,223.48013188216015,20.16286062391341,20.181670870890372,19.99349071067576,1250.9316300651749,1252.0986436825242,1240.4236874868739
2022-07-15T11:15:00.0,84.42372416351124,84.53262386264058,83.64406594312698,19.884139145141283,19.909788058308838,19.700507912411624,988.9929854639779,990.2687055251948,979.8595751736907
2022-07-15T11:20:00.0,661.3707725028468,662.9595323759723,655.264474880837,16.454357841034124,16.493884872712517,16.302438206339392,1092.5597431883848,1095.1843149885588,1082.4723682406113
2022-07-15T11:25:00.0,110.08185522638483,110.26900569013904,109.14862126101816,16.37875266383281,16.40659822612323,16.239899550712625,2464.142165467958,2468.3314603165522,2443.2520636471113
2022-07-15T11:30:00.0,323.7165865840091,324.1125229839245,321.16514547158937,33.396546217846314,33.437393393515116,33.133324237371966,1947.155205536705,1949.536762905427,1931.8082877402046
2022-07-15T11:35:00.0,200.17583472513536,200.82294034155208,199.2545401856569,21.65637870559005,21.726386977621875,21.55670681725381,2159.891255138512,2166.873505338536,2149.9505146792117
2022-07-15T11:40:00.0,273.9566582407267,274.9136808313494,272.1179558682032,30.40924565240615,30.515475357645045,30.205149309259053,5244.903608638034,5263.225817966103,5209.701628986253
2022-07-15T11:45:00.0,309.13585398402125,310.05004166128253,307.43840822707926,27.425923878534025,27.507028808046847,27.275329835436587,2203.5563152511045,2210.0727513214993,2191.4567245070975
2022-07-15T11:50:00.0,203.1260694171114,204.02412759808544,201.98720514019084,29.999045344935887,30.131676711115226,29.830850089727598,1128.1189305522346,1133.1065544333117,1121.7939208978335
2022-07-15T11:55:00.0,135.26331076883184,136.05607914794223,134.6040595668127,27.545858362563973,27.70730262532207,27.41160436469159,1156.732875940313,1163.5124027899117,1151.0951495343554
2022-07-15T12:00:00.0,177.66514002861982,177.9136741270903,176.14591145549187,16.025734091566704,16.04815234071864,15.888696780064084,2068.038385143967,2070.931344649536,2050.3544264082802
2022-07-15T12:05:00.0,172.2357494248968,172.87405782967681,171.25505158790187,16.04093072422475,16.100378666570958,15.949594830734808,1393.4034586689545,1398.567433870896,1385.4695206651386
2022-07-15T12:10:00.0,146.0417867413201,146.67191364134564,145.6706796446643,16.01370416944733,16.082798542991892,15.973011711530788,1186.0813757622084,1191.198964345337,1183.0674218413606
2022-07-15T12:15:00.0,161.7902319029606,161.85836280618975,160.68132852838158,16.083392068227756,16.090164887672472,15.9731571824169,1291.70385261708,1292.2477973852422,1282.8505692990677
2022-07-15T12:20:00.0,157.54781526751736,157.71002693565188,156.1824468831731,16.144234845913964,16.1608569949464,16.004322859126898,2590.482038841419,2593.1492063427863,2568.0319511011357
2022-07-15T12:25:00.0,217.1667741122072,217.91984325226082,215.74103610401986,22.0472023734588,22.123655448750096,21.902458618220265,2619.850921315608,2628.9357773597676,2602.651139951382
2022-07-15T12:30:00.0,113.01257224513044,113.38079274298083,112.14899322890145,22.174101316287786,22.246349549062792,22.0046592071484,1995.5022243634019,2002.0040215344532,1980.253709852462
2022-07-15T12:35:00.0,321.4147575436851,322.548558507746,319.04328701578646,22.20233378936237,22.280653240675555,22.038519966268435,1616.2933824515221,1621.9949096907612,1604.3680055639954
2022-07-15T12:40:00.0,151.16551887386254,151.6529368429079,150.3726493166956,20.928531501233955,20.996013440206728,20.818760465966424,1724.622989751495,1730.1838626363692,1715.5772690319095
2022-07-15T12:45:00.0,308.66333680786204,309.5827487419112,306.816751841076,133.80264427722676,134.20120067601408,133.00216711659675,1344.390772531863,1348.3952938756493,1336.347926187632
2022-07-15T12:50:00.0,216.29129815485516,217.0157457507321,215.09514297006706,30.254359946204165,30.355694112279267,30.08704434071833,1668.201515140557,1673.7890010329231,1658.9758647855524
2022-07-15T12:55:00.0,442.9924873971836,445.8745454477904,441.55171127351366,32.04264572031325,32.251111479187784,31.93843113382152,1263.7703974536503,1271.9923419599781,1259.6601466790821
2022-07-15T13:00:00.0,275.0618697337793,275.5625408392575,272.8151233895521,20.09698032292559,20.133561101514754,19.93282519261167,2397.9695177223916,2402.3343322657634,2378.3825453342324
2022-07-15T13:05:00.0,140.04269085524402,140.32572058672588,138.81532216568186,31.72545236540745,31.7895702869447,31.44740267457606,1695.75540562923,1699.1825691190422,1680.8933869311145
2022-07-15T13:10:00.0,425.25872775527625,425.8072489982054,421.36809496174965,19.873764126026316,19.89939836017274,19.691941829638257,1371.6964793269174,1373.4657661366991,1359.1470195347472
2022-07-15T13:15:00.0,251.72716089864005,252.55645809388454,249.6663001309424,20.132589168791274,20.198914549298827,19.967766020498416,1123.9677604101182,1127.670592110622,1114.7659680674994
2022-07-15T13:20:00.0,153.361298204656,153.46170226198493,151.93236689659398,20.163145930790087,20.176346534095266,19.97527747357945,1743.4552553269443,1744.5966774683548,1727.210754088976
2022-07-15T13:25:00.0,429.1868674708098,429.3770620013862,425.0782141672294,20.10969207633888,20.11860370373101,19.917179772152284,2940.3904809822748,2941.6935175605777,2912.2417980211735
2022-07-15T13:30:00.0,207.5005089925232,207.9158152815163,205.98883601720652,20.010308907770675,20.050358964391943,19.864530743897806,4337.44857413667,4346.12985246109,4305.849597232066
2022-07-15T13:35:00.0,375.0830518376342,375.8631125777081,372.37955131696845,19.72354601668502,19.76456510253088,19.581383856426797,1811.807873291532,1815.57589262375,1798.7488360868585
2022-07-15T13:40:00.0,302.7621476498322,305.7382500281735,301.9957358043082,131.52062728279034,132.81345353169766,131.18769607767533,3820.626795631438,3858.1829319631975,3810.9552641793466
2022-07-15T13:45:00.0,208.61226367082384,209.94020260999395,207.86536103224302,31.29294728298756,31.492145175226756,31.18090792114297,2121.315359285842,2134.818770917961,2113.7203310203286
2022-07-15T13:50:00.0,86.52671810550444,86.69938973940418,85.97263528279733,20.1055582125401,20.145680612453532,19.97681018314041,3253.704293351857,3260.1973448492527,3232.868860105488
2022-07-15T13:55:00.0,218.8581611684606,218.960708665809,216.89920497304405,20.211791501288033,20.221261875270518,20.03087974560788,2241.6959541628635,2242.7463162269883,2221.6309762145775
2022-07-15T14:00:00.0,202.18569826274955,203.09172483702645,200.94295142087685,20.184755933617925,20.275207065563894,20.060689088603613,1748.0129810349886,1755.8461078417151,1737.268711631172
2022-07-15T14:05:00.0,503.3288679920701,505.17723515981817,500.2063960381218,16.31315101690305,16.373057560436802,16.211950073007248,2652.1064188391756,2661.845710069405,2635.653700868225
2022-07-15T14:10:00.0,108.36367177933083,108.769845353356,107.64360297410096,33.108214495752385,33.23231219003056,32.88821279164071,2094.5360255639,2102.3868594223186,2080.617984317475
2022-07-15T14:15:00.0,260.23412760773084,261.0500289553384,258.366817501248,34.536174899365626,34.64445474682698,34.28836055994104,2131.9058491459155,2138.589925793666,2116.6083577108925
2022-07-15T14:20:00.0,307.68134981182743,308.07751978955383,304.7259170668539,21.880051366832273,21.90822408340399,21.669882566185805,3086.8955570160883,3090.8702384350786,3057.2443863647045
2022-07-15T14:25:00.0,241.45523635463434,241.81470312594266,239.4300254758336,21.03289946580361,21.064212219986832,20.856485578683323,2729.4238697234773,2733.487302767192,2706.5307695477422
2022-07-15T14:30:00.0,547.3133774414782,549.1932655462894,544.0988046674721,10.048924330060991,10.083439936828247,9.989903301358076,2552.737936192439,2561.505969057599,2537.744767366168
2022-07-15T14:35:00.0,489.73230461319656,490.31730708443064,486.338101446477,27.537858420207247,27.570753361130205,27.347000914230865,2627.009025218863,2630.147079942292,2608.801930713547
2022-07-15T14:40:00.0,243.90653360947823,244.44222589911465,241.91441363725923,163.26180974759652,163.6203819079221,161.928359974498,1333.325771233933,1336.2541566472044,1322.4357599700193
2022-07-15T14:45:00.0,548.6486704810317,549.9772135682992,544.828412866025,26.54687571404889,26.611158505780665,26.362028999643634,2325.2890012869793,2330.9196476272873,2309.097942250111
2022-07-15T14:50:00.0,451.74345309707735,453.4191399298181,448.2619204881073,165.99860759509838,166.61435903342775,164.7192762369486,1350.1780801074422,1355.1863997968146,1339.7724195902094
2022-07-15T14:55:00.0,227.44524568091722,228.35085519083785,225.86609438079327,26.935900404633532,27.043149986798603,26.748884571364982,3148.8629794531425,3161.4006794657,3127.0004381939084
2022-07-15T15:00:00.0,526.2181126949098,527.2184345675464,522.3263492402438,16.159729474440038,16.19044854407903,16.04021658978497,2724.9216949634315,2730.1016739625093,2704.7689286229206
2022-07-15T15:05:00.0,494.74054680759775,496.36821251634393,491.0582555996108,169.88266877000353,170.44157221192162,168.6182535898901,1331.122076470085,1335.5013855281475,1321.2147035034432
2022-07-15T15:10:00.0,1038.004701609143,1040.2224939416392,1030.7269826278164,131.72953448642468,132.01098672945827,130.80594470687265,1339.4343492306102,1342.296173676107,1330.0432291590685
2022-07-15T15:15:00.0,463.82500648452617,464.3001015700702,460.42352902116625,14.87346406399924,14.88869892538668,14.764388977256424,3849.947636287779,3853.8911304418893,3821.7139060298878
2022-07-15T15:20:00.0,384.7891275410651,385.65829083497437,381.62761747838886,143.86721875019674,144.19218662684534,142.68517480141222,1353.8107237848787,1356.8687171214733,1342.687524297523
2022-07-15T15:25:00.0,843.5477052739737,847.2442215278344,840.1104690237522,138.38551534685385,138.9919354741096,137.82163056964222,1344.7734884997403,1350.6664297369948,1339.2938882896883
2022-07-15T15:30:00.0,376.438724333204,378.1700824164051,374.5532930126367,30.62683898939876,30.767701291334145,30.473441377123702,2867.065397004887,2880.2519172253114,2852.705410775514
2022-07-15T15:35:00.0,949.3069426702295,951.2637804359807,943.2095985465182,130.25310006162408,130.5215950803056,129.41649185983215,1338.8819636670114,1341.6418452949886,1330.282401495323
2022-07-15T15:40:00.0,745.5797246390684,748.9350754258265,739.9886941062682,31.256764429815917,31.397430016144547,31.02237296434488,4664.636654486591,4685.629033639805,4629.656993562632
2022-07-15T15:45:00.0,362.69447675214917,364.74953793233396,361.28292640782644,26.98565317406612,27.138556435115365,26.880629220101532,4967.703508564734,4995.850986096066,4948.369981181577
2022-07-15T15:50:00.0,918.3270702181368,920.6193010285248,910.7375571435547,27.104428518352076,27.172083723303146,26.880423998295576,4135.8357937204955,4146.159229172333,4101.655183294507
2022-07-15T15:55:00.0,850.8745244196064,851.2653453998506,844.1368212840351,125.79534168189075,125.85312159812437,124.79922340150331,1335.8569129361674,1336.4704944845585,1325.27884642618
2022-07-15T16:00:00.0,743.7508649946037,746.0652719781458,738.5176519178204,134.37127769517585,134.7894147866701,133.42580850559239,1336.1707026817448,1340.3286041391277,1326.769078665967
2022-07-15T16:05:00.0,935.5566609652548,938.3368930392436,927.7485384221303,129.14195058770076,129.5257270152567,128.06413647155034,1335.4784518535407,1339.4471479046529,1324.3325962994625
2022-07-15T16:10:00.0,768.7468302263879,770.1429719277335,762.5616824594966,30.985618136809283,31.041891947538396,30.736315480474175,3881.6206120238476,3888.6701271466,3850.3900480509096
2022-07-15T16:15:00.0,274.3882957515888,273.90084841251576,271.6122820266234,30.048404187146105,29.995023576926215,29.744401488312537,3989.5715886735034,3982.4841651753054,3949.208695436554
2022-07-15T16:20:00.0,618.5852676845979,620.6046069014548,614.5293331641185,30.844863003903303,30.945554444123825,30.642619673561374,3481.6704546532096,3493.03618555005,3458.8418679996375
2022-07-15T16:25:00.0,901.9466004891177,902.901066099382,895.5136910856543,28.433897283737036,28.463986844591748,28.23109959580909,2487.3411041858503,2489.9732794650245,2469.600763493773
2022-07-15T16:30:00.0,511.0278015964126,510.8101782275429,506.3211959470885,27.605466431206505,27.593710525588044,27.351217946385407,1780.7378333461647,1779.9794985448957,1764.3370999218582
2022-07-15T16:35:00.0,685.6351329364875,686.0441997070689,680.0163749735477,29.91625666815345,29.934105442108063,29.671093902564674,3440.836323204629,3442.88921071756,3412.638779698688
2022-07-15T16:40:00.0,622.1820759341425,623.1677535903178,617.987763469576,32.40924861151471,32.46059221886926,32.1907683294937,2984.242519495784,2988.970237129981,2964.124862493181
2022-07-15T16:45:00.0,422.0714077465134,422.85748320390803,419.4469910580308,32.33681780042982,32.3970426305809,32.13574925437272,2884.777996980369,2890.150673598209,2866.8406068163104
2022-07-15T16:50:00.0,605.8662867135708,606.0323433449992,600.7584737383092,30.70609334346936,30.714509310055966,30.447222722279772,1280.7796813641191,1281.130719149441,1269.9819472462345
2022-07-15T16:55:00.0,1229.220141643542,1231.1431666534022,1219.8692750518248,30.972260748406022,31.020714585121926,30.73664999937047,1168.8530592043371,1170.6816443288014,1159.961414289272
2022-07-15T17:00:00.0,266.47238336811034,266.9673885428559,264.2680589407565,31.98442105748808,32.04383604726894,31.719838139961514,1333.8757780712754,1336.3536161281402,1322.8416329058591
2022-07-15T17:05:00.0,475.27038362280996,476.9319904395945,472.1649060161742,32.62889990435229,32.742974764418214,32.41569849001265,1210.864036247612,1215.097373745925,1202.952095426507
2022-07-15T17:10:00.0,573.687504551269,573.4789522347913,568.0373096660264,32.253313911842554,32.24158888161785,31.935654022353834,1038.3765798553952,1037.9990993640356,1028.149705478824
2022-07-15T17:15:00.0,287.14408325729363,287.3121193736257,284.9940329999701,33.744070015770845,33.763816974894524,33.49140436583808,1191.5712001725922,1192.2685051441554,1182.649066251223
2022-07-15T17:20:00.0,400.4221608978548,401.2641642477014,397.52553409673675,19.40280061480171,19.44360061217807,19.26244206883222,983.9656359916463,986.0347081922988,976.8476952008527
2022-07-15T17:25:00.0,186.07965678708953,186.26900412423808,184.7725138378506,15.755841219710163,15.771873743796881,15.64516207769499,829.9386983536444,830.7832113178401,824.1086762191195
2022-07-15T17:30:00.0,291.9195676773596,292.9100556978614,289.9784929190135,15.776635980943702,15.83016637312424,15.67173163993676,875.4297816052306,878.4001296307828,869.6087444431845
2022-07-15T17:35:00.0,149.81068410566493,150.13679526632453,148.97154356503623,15.833244238816233,15.867710389789059,15.744556858408203,953.4862028200355,955.5617723572207,948.1454026461835
2022-07-15T17:40:00.0,388.9353264533115,388.5001875255979,385.53218090670515,15.930337480526836,15.912514697411183,15.790948606939137,948.7534723215115,947.6920116093277,940.4519735000979
2022-07-15T17:45:00.0,63.66042258768907,63.94858005123703,63.307840252472964,16.039032330504156,16.11163264772253,15.950200380544885,897.695615842964,901.7590147521232,892.7237415813504
2022-07-15T17:50:00.0,110.88041821804406,111.01602438682917,109.83747433978898,23.02766861715797,23.05583133486242,22.811069812781867,908.9685484883134,910.0802122463296,900.4187684783927
2022-07-15T17:55:00.0,147.69087815211054,148.33880177221263,146.68784775122217,22.08891667825996,22.185821314737044,21.938901625006867,887.0040571704533,890.8953664168863,880.9800423755993
2022-07-15T18:00:00.0,354.55894485168096,355.2592304638388,351.3088926014512,20.481707113897073,20.52216031642534,20.29396225719373,808.8640902679051,810.4616691552256,801.4496656852593
2022-07-15T18:05:00.0,498.00395274455013,500.33293223274944,494.99351296971895,20.243435412365297,20.338106439746223,20.121063606260638,829.5231545559055,833.4025261980381,824.5086772915063
2022-07-15T18:10:00.0,238.12636537805218,238.67960107099793,236.5880879957699,15.742616880365885,15.779191484546152,15.640920827320455,818.3902755310019,820.2916303451343,813.1035394372038
2022-07-15T18:15:00.0,185.3403706490446,185.37267094917374,183.27112730448388,15.808402344355082,15.811157362803016,15.63190851721617,808.8313775343021,808.972337089723,799.8011325910462
2022-07-15T18:20:00.0,83.25621859333286,83.37271439240678,82.36230301457292,15.758124924125005,15.780174392452519,15.58893115578289,777.6209112320523,778.7089929508851,769.2716556609435
2022-07-15T18:25:00.0,163.8624493983982,163.90766490072687,162.04055975751157,15.770237669818107,15.774589241643753,15.59489772616142,791.0811459007664,791.2994334433116,782.2855826090619
2022-07-15T18:30:00.0,196.89891866190334,197.23495350329082,195.12563779555225,15.809143267971562,15.836123725693863,15.666765384634198,757.4148271696768,758.7074588054529,750.5935138275916
2022-07-15T18:35:00.0,268.46760107811076,269.73129061263575,266.20590460367487,15.812779966037391,15.887211459724462,15.679565721351635,744.8490313967532,748.3550705686952,738.5740752324641
2022-07-15T18:40:00.0,264.40056263286283,265.421159481472,262.6140763457847,15.822459082559995,15.883534413550612,15.715550814675186,808.1721751161276,811.2917523471428,802.7115645407717
2022-07-15T18:45:00.0,167.59798364383053,167.96906290631438,165.9898867684076,21.24581684223504,21.29285727716914,21.041963962045195,800.348060758006,802.1201141064976,792.6687487055957
2022-07-15T18:50:00.0,188.62865760014174,189.24651026937795,187.2615495541821,21.419549635167616,21.489709313364443,21.26430896803026,742.7346800779064,745.1675055587154,737.3516244485745
2022-07-15T18:55:00.0,108.62056986918167,108.77947269805986,107.6752648765201,19.931399911094445,19.96055788580577,19.757940575819518,751.0592558399999,752.1579928522606,744.5229242300175
2022-07-15T19:00:00.0,152.9733709038313,153.3929515634906,151.93974502361849,19.490931003910593,19.54439140449977,19.359232718149805,697.6880391478496,699.6016820647342,692.9738303328297
2022-07-15T19:05:00.0,349.62155179898286,350.5843082372439,346.42187328658827,19.47957669508306,19.533217804394802,19.301302836789464,662.7507606024817,664.5757841413603,656.6853754542797
2022-07-15T19:10:00.0,124.26988145765681,124.16396272831048,122.92138597805456,19.606303275323285,19.589592269359954,19.393548494934336,706.7968277190091,706.1944048228103,699.12713079811
2022-07-15T19:15:00.0,78.4021372470283,78.64529824871603,77.72011957099711,19.41571526787741,19.475932309641784,19.24681858380158,689.6364397085922,691.775318741335,683.6373144496146
2022-07-15T19:20:00.0,93.35879387164641,93.67421285278374,92.57314166883943,15.946308971102683,16.000184651367803,15.812114298589968,671.3758127860214,673.6441012465637,665.7259123925794
2022-07-15T19:25:00.0,325.1541137404919,326.44115204303176,322.87363529959924,15.912071691404996,15.975055503923953,15.80047188408671,669.255462193554,671.9045365174748,664.561618294657
2022-07-15T19:30:00.0,166.89605182871335,166.98485784197837,165.5548711111513,16.075089437376278,16.083643052576697,15.945909629044918,666.9323147604503,667.2871919390444,661.5728305145692
2022-07-15T19:35:00.0,107.46176987882214,108.0355133384286,106.99371501954937,16.01565867236363,16.10116702966056,15.945901707868197,658.650355244941,662.1669205678031,655.7815722379073
2022-07-15T19:40:00.0,41.94737292485261,42.137941109952344,41.698233667673776,16.164370038783414,16.237805261224874,16.068364523695717,674.2533351155113,677.3164884290834,670.2487225891927
2022-07-15T19:45:00.0,25.358246116823196,25.507634929266636,25.192335778875737,22.56772747763013,22.70067697231911,22.420074549455588,681.662914381928,685.678681592212,677.2030268971888
2022-07-15T19:50:00.0,68.1394703634931,68.31479521161359,67.53564738561721,20.5274612255825,20.580278983080103,20.345555603197386,649.9709010198952,651.643295138842,644.2111356021003
2022-07-15T19:55:00.0,95.24938839537722,95.54649423347558,94.27048829238865,20.330372531076176,20.39378787128418,20.121432567263952,676.0918169219841,678.2007105252085,669.1434641780543
2022-07-15T20:00:00.0,192.66299722499147,193.1194965514373,191.1461054166429,15.86727333051036,15.904869546142006,15.742345672981127,676.8849067229212,678.4887305419783,671.5555949973087
2022-07-15T20:05:00.0,129.64793857569066,129.55765285288436,128.24656143150443,15.868009120685606,15.856958773964351,15.696490270869997,702.9919581773529,702.5024005509971,695.3932499097216
2022-07-15T20:10:00.0,22.84595783261251,22.8858400209714,22.651722142004502,15.862034567049175,15.889724920633528,15.727175995517504,641.266253592533,642.3857120849875,635.8142259497107
2022-07-15T20:15:00.0,183.3828337413463,183.84603675861192,182.3895263124761,15.86900553946938,15.909088741898538,15.78304983265895,412.8325348160722,413.8753002257393,410.59639517668535
2022-07-15T20:20:00.0,91.66755232142118,91.88475542751432,90.8870722732855,15.851138205450654,15.888696931151799,15.716177722746627,365.9892680654167,366.8564670230351,362.87314557361884
2022-07-15T20:25:00.0,33.1124273616517,33.21386700611775,32.89727316933327,15.90325187512719,15.951971354325966,15.799917520473619,224.22627767675516,224.91319300431644,222.7693254834532
2022-07-15T20:30:00.0,37.00179691764798,37.18353608809824,36.79841607714928,15.892521542058217,15.970579742524665,15.805168098222467,95.85674876977198,96.32756174251085,95.32987094879323
2022-07-15T20:35:00.0,4.307619141906328,4.322521066476709,4.280915003121818,15.885460465746043,15.9404151694531,15.78698204252467,4.102863110802213,4.11705669537541,4.077428312061806
2022-07-15T20:40:00.0,26.22794858816581,26.297075997506237,26.0374026962129,15.900600076356051,15.942508321163753,15.785082310490719,4.11018213581366,4.1210150929552,4.080321686814957
2022-07-15T20:45:00.0,64.91869773043017,65.11865849596245,64.42714294595558,15.900419742443804,15.949395772696072,15.780024114176467,4.142848288841563,4.155608974811585,4.111479253895905
2022-07-15T20:50:00.0,93.56025977450511,93.77621826734588,92.83497458509972,21.012413950859354,21.06091541140158,20.849524357896012,4.081686002447132,4.091107467922561,4.050044508371408
2022-07-15T20:55:00.0,76.36741730965441,76.66309609170878,75.77456621029808,21.0904528830823,21.1721107371925,20.926724703995667,4.112066375685168,4.127987442817231,4.080143820787622
2022-07-15T21:00:00.0,46.98448358649328,47.071529671720256,46.50700426279914,19.461456563045594,19.49751194723449,19.263679713998833,4.0943236605621625,4.101909033840726,4.052715139126968
2022-07-15T21:05:00.0,50.025337768220794,50.081148656434316,49.60802764958838,19.34940037907073,19.37098758406989,19.187988164223363,4.066893953974484,4.071431193980601,4.03296802615243
2022-07-15T21:10:00.0,70.45131360472179,70.68150634472002,69.9477783138828,19.161262691523984,19.22387023331568,19.02431177480506,4.084399905005893,4.097745280092253,4.055207553737484
2022-07-15T21:15:00.0,112.24087193229819,112.38687232246716,111.2009482638563,19.322196579093188,19.347330455825457,19.143174363718682,4.069436495937174,4.07472992698369,4.03173273208991
2022-07-15T21:20:00.0,134.60730668418566,134.64374935377296,133.25906799057327,16.017331219765904,16.021667643424404,15.85690021307798,4.136113586821101,4.137233370171152,4.094685907178038
2022-07-15T21:25:00.0,54.706132744629016,54.856597174646474,54.28382749118188,15.986033046231418,16.03000123096437,15.862628495434215,4.160017682720353,4.171459447255509,4.127904330273258
2022-07-15T21:30:00.0,8.259107912328414,8.275428713578316,8.179896598484717,16.06329188110791,16.09503450960891,15.909232330359332,4.163522176605246,4.171749701740557,4.123590737843685
2022-07-15T21:35:30.0,24.621421592233144,24.65049275589093,24.396377150886764,16.082564101019376,16.101553209802802,15.935566429094816,4.190834539013903,4.195782768192708,4.15252952018814
2022-07-15T21:40:00.0,110.15411498030126,110.14472474651849,109.07502417202167,16.114266794993775,16.112893112925974,15.956408351087685,4.205138765267316,4.204780292630122,4.163944420508143
2022-07-15T21:45:00.0,91.50422044703964,91.65997104851314,90.81937834150028,20.435879966587187,20.470664161030747,20.282932364864624,3.9951774820099546,4.00197772895787,3.9652765031762316
2022-07-15T21:50:00.0,45.718409202323464,45.75705663980375,45.345378648241535,22.483842545297378,22.502848956811835,22.3003899626529,4.0005450219848235,4.003926828489508,3.9679033454213077
2022-07-15T21:55:00.0,7.7871272795620134,7.8200743445197265,7.742564452772046,20.457260217677277,20.543814174875028,20.340190942840803,4.005258364679046,4.022204473658136,3.9823377640073816
2022-07-15T22:00:00.0,98.86853933073668,99.0962541277369,98.1573538831703,20.875318341537405,20.92339853884421,20.725157099970424,2.60017390991566,2.6061626509051576,2.5814702266369194
2022-07-15T22:05:00.0,150.51961761215486,151.0954334490981,149.74528369040365,15.951922831555478,16.012947234499247,15.869859674861456,2.5825158944510966,2.592395361159644,2.5692303859422467
2022-07-15T22:10:00.0,126.95788341177911,127.37451758551713,126.44684769644196,15.92533223940774,15.977593961647937,15.861228984578334,3.9945822516180503,4.007691161684183,3.9785031067585885
2022-07-15T22:15:00.0,117.84990704512988,118.17341105559895,117.04889394697287,15.938103150120522,15.9818540568256,15.829773583274656,4.110691236299605,4.121975293572842,4.082751311650412
2022-07-15T22:20:00.0,115.10284493893015,115.34845210260586,114.24746621623733,15.907990417963488,15.941934986478795,15.78977130242775,4.066494156283461,4.075171266708998,4.03627429004918
2022-07-15T22:25:00.0,205.0694770796549,205.72127640843914,203.6025039595477,15.916430466712058,15.96701975402376,15.80257161265328,4.099473147386612,4.112503042834181,4.07014739399094
2022-07-15T22:30:00.0,296.79627073346626,297.55980084217435,294.97682712260416,15.901495410843884,15.942403170532572,15.804014825400833,4.165580338533888,4.17629659854906,4.140044173562043
2022-07-15T22:35:00.0,154.62376101875057,154.95619760983618,153.37744140612335,15.992212665516401,16.026595457833782,15.86331004302799,4.07703224731846,4.085797748125804,4.044169993692831
2022-07-15T22:40:00.0,69.99866250963046,70.0991501549684,69.43738470735192,16.021747139570433,16.044747402525942,15.893278241726515,4.0902040978546195,4.096075852599768,4.057407174533424
2022-07-15T22:45:00.0,152.89973477844626,153.23973724941513,151.82315636608837,15.960575373387169,15.99606683498388,15.848195774294357,4.132662219861701,4.141852002750917,4.103563837592321
2022-07-15T22:50:00.0,268.71217965339724,269.292471751076,266.4500123342652,15.992935813748398,16.027473043446633,15.858298460199691,4.129448023745728,4.13836569193273,4.094684052952066
2022-07-15T22:55:00.0,323.40794236762235,324.3126219990968,320.98314535103884,15.991267944208579,16.03600084187542,15.871371139823891,4.140788001118188,4.152371163038828,4.10974185451489
2022-07-15T23:00:00.0,154.47264372063603,154.95006388977927,153.32115340928505,15.975779740493627,16.02515521101186,15.856690980539957,4.112973222909071,4.125684964771366,4.082313756592233
2022-07-15T23:05:00.0,207.10204749439427,207.90825245887976,205.86478033750737,21.098694792438934,21.180827599389037,20.97264716309055,4.1497446549962484,4.165898743199049,4.124953288453951
2022-07-15T23:10:00.0,344.3488561181318,345.28489639990295,341.79235232603077,20.779808423699823,20.8362939829996,20.625535632922507,4.124000127352157,4.135210358408964,4.093382857171408
2022-07-15T23:15:00.0,131.9303215056788,132.2250903992462,130.98576115049138,19.176469358765978,19.219314904739797,19.039174667886464,4.148890844359778,4.158160616082962,4.119186696254495
2022-07-15T23:20:00.0,261.23064478135535,261.93870251228486,259.3247678278548,19.318574154576147,19.37093656325195,19.177630410068254,4.1376614005011385,4.148876406095316,4.107474002268424
2022-07-15T23:25:00.0,210.5321802673174,210.9741610455644,208.98521783817372,19.380828035556604,19.42151518109108,19.23842029162581,4.147811900479943,4.156519610291662,4.117334330898655
2022-07-15T23:30:00.0,256.23005589396047,256.72487876071057,254.36087839666254,16.142590648231135,16.17376467640462,16.024831757368414,4.192223504456987,4.200319385501446,4.1616415736572
2022-07-15T23:35:00.0,364.51080857998335,365.2720407154243,361.7905144916153,16.088273148045406,16.121871357579312,15.968208575729507,4.219812545940207,4.228625060795447,4.18832066462272
2022-07-15T23:40:00.0,263.0607268534694,263.61801504115834,261.17625302412046,16.139746956598472,16.173938644726096,16.024127528659438,4.011093311486759,4.01959072175756,3.982359260368653
2022-07-15T23:45:00.0,412.47200736626104,413.37814803418615,409.62051004577893,16.183701433237115,16.21925465809679,16.071820431743163,4.007538888767818,4.01634286552394,3.979834011348337
2022-07-15T23:50:00.0,321.8976480635426,322.3842995029636,319.4237326975703,16.32880995425249,16.353496182673457,16.203316356840766,4.031410861549145,4.037505630835199,4.000427816668478
2022-07-15T23:55:00.0,401.4583394527429,402.06870579098035,398.19444693142,22.70277187411192,22.737288550874773,22.518196290418174,4.017619949828771,4.0237282299072215,3.98495633714697
